"","CTRL1","CTRL2","CTRL3","F1154_1","F1154_2","F1154_3","F1177_1","F1177_2","F1177_3","F1246_1","F1246_2","F1246_3"
"Feature0001",21.4117669447503,22.2814288078404,21.590650303878,22.1850035189394,22.7599153945448,21.1695922593356,21.6185124738647,19.6032659632513,21.0819520612588,22.9507284449119,21.236892800846,22.1948175653648
"Feature0002",21.1269415499966,21.6792215109633,21.6221616944644,23.5509984551521,24.1815405564325,24.2088933052865,23.6210029100905,21.2939740750257,24.1062708277689,23.9311350609204,23.6078056530915,22.4369744054897
"Feature0003",18.329322446068,19.7340201448624,19.9669765386799,20.5143825250288,20.0491023237597,19.3940100803049,20.1635956702942,20.5635394959695,19.7619424931816,24.5436885851323,21.733722531745,22.615988970124
"Feature0004",20.257177304118,20.6900665035654,19.9650639502235,25.2256612680535,25.3694894649913,24.7441025402056,25.7985774899997,21.1848454161488,24.9574076556382,20.3846209541689,19.6688688550906,19.722221509807
"Feature0005",23.2248770621676,22.5245671516053,22.5101437290953,24.3194783992738,24.266346969621,25.1889774347794,23.9922924441231,25.3110542180669,24.2499860029164,21.8909118606278,22.4986015936674,22.7212357582844
"Feature0006",20.7288229669009,21.3905462396583,21.087809884167,21.9098721116299,21.1703954359478,20.5749308789825,21.5385645814762,20.8080883866398,20.4983981440662,24.3802654283873,22.1943602681924,22.1588370534353
"Feature0007",21.3130023237702,20.7650607785352,21.0014816859494,25.4409941377764,25.5370121200793,25.5219168359705,24.6368454874678,22.5731636579362,23.9571140587371,21.7421806187376,21.9239213238071,22.4216565698071
"Feature0008",24.1183462764877,23.0087327806333,20.6949360813583,23.9170133464155,20.4259108083809,24.4146100656581,23.8111787240877,23.3789040200361,24.2371092343399,23.2183652647424,24.3466179713636,23.9762272682526
"Feature0009",21.9831826327171,21.7327724615683,21.3250958702043,24.318647225289,24.5068894549774,24.7112846884122,24.117061407521,22.5024405723929,24.4763667225957,21.8858703628056,22.4935679700296,22.1207784997565
"Feature0010",20.8258332061649,20.7665322406292,19.911165780804,23.800559018793,25.522762737244,24.3567969949107,23.5547944586989,21.6696071774331,25.124663699295,21.9524247508179,20.8933546949892,20.8646584546335
"Feature0011",18.2399886132232,19.0261063951426,19.0408595477574,25.8065231820056,26.8735938814085,25.7426982155013,26.3908124826087,21.742289677391,25.8982992851515,19.2094489241856,17.3206835209052,15.8917516747587
"Feature0012",25.900574529671,26.7515008144455,26.872679903261,21.5017010322912,21.5580281453974,20.5799350975587,19.8741545925193,17.9365988215104,19.1901605695562,21.24884629951,18.1619738668097,17.668601000221
"Feature0013",23.3141454436203,22.8241410326628,22.7606350565005,24.4434358584296,24.982746102424,25.2326722236966,24.7157892767039,23.8795641789679,23.4213321388307,23.3415241561549,24.5079604658055,24.7393989185987
"Feature0014",23.1578164901063,22.9930893665057,23.0996795474616,23.9095844473973,22.3096668119222,23.0515210041673,24.8146889073303,18.8388028861172,21.7518965811181,24.4490879881783,23.7933371522708,23.6581620996094
"Feature0015",23.4386681125186,24.120454310073,24.3164467547093,21.2506281099704,20.0582300363005,19.4692902706978,21.2158633280283,19.0674153481479,22.0346297236077,24.3922383051638,22.9608587451797,23.3627400283012
"Feature0016",19.1389980676634,20.6143132519045,20.4372136724001,27.811737208145,19.0450394553208,26.1363661647928,26.621886143622,25.2025948722769,24.1668495854334,16.4601757486876,16.6118129155094,17.3353683277188
"Feature0017",18.1938788855833,21.5776547216844,21.5292288770816,23.497048863303,23.8123184134408,23.3646121733336,23.0672488384104,23.9460681516825,21.7475746102748,24.7420639096843,24.6218170549572,25.2119697560392
"Feature0018",24.5866634104716,23.806874619421,24.0067834119785,22.1750445755255,22.7284957753377,23.1052992702464,23.5246125668215,22.2251626505193,22.7618221082539,23.6976937979808,24.4341345673607,24.1876643002619
"Feature0019",19.7615353828284,18.8849474871469,18.3073876321859,26.0750192582464,26.2822047024418,25.5637337577716,26.1070746868708,22.0811720496301,24.9104080624,21.9486171744863,21.7324688369962,22.3063010164484
"Feature0020",24.0460021369784,23.863686429488,24.1490720977378,23.0193289549311,23.6336504544839,20.1465799698417,25.0969061514432,23.0961809766886,24.0358507502359,24.889339849612,20.1654335097691,20.1786724798481
"Feature0021",21.1874064434761,22.4532396838128,22.5479320400621,21.4033844073266,22.150447647419,20.2179874794639,20.7591145698645,17.6733605441021,18.9619799067203,25.1149453635766,22.7838637953776,23.0108121390698
"Feature0022",16.8568780074392,19.2598568547434,17.4914994542185,25.6472296661518,25.1892651046568,25.092499721605,27.2212172341956,24.1813261225483,26.0792937923553,20.2023550878594,19.2256202473378,19.4010282904672
"Feature0023",24.2326079261324,24.5554455547618,25.589973347077,19.3999783415754,20.3349446432437,20.6390626772401,21.9966183022792,23.3293429194414,19.2811048924309,24.425687015217,24.3182162557038,24.7114195466503
"Feature0024",27.0465518635037,20.8132829085542,22.6738225736901,19.9859620970484,19.6681959007697,23.0288373059002,19.8139190039886,18.7752745832128,24.5985153016144,16.346193656252,16.9846191114777,16.7993826552886
"Feature0025",24.9894383865442,25.1552354838482,25.4172142814628,21.6825489382788,22.3025349277644,19.2748636678851,25.0309309628873,23.66683632408,22.388988615751,24.2113320356387,20.1219785483891,19.8016523835809
"Feature0026",24.3599861816963,24.8053278760767,24.7423665718748,19.098245214522,20.4049000821854,17.9698837853199,18.5142346468356,25.0479858326675,21.7876109560373,25.047994711902,24.8330668081218,25.151349831446
"Feature0027",19.1219959429638,21.1841460581157,20.7403676779734,21.3655751420459,21.3082193200592,20.7792697443159,22.0000363359686,22.4711638798439,20.4024769200063,24.1478100769616,23.4434266468252,23.8157538075393
"Feature0028",26.7270570060209,21.4046125495337,23.2494375044513,21.0885410613319,21.9577826076026,20.6564293198329,22.1901500670724,19.6110337101762,25.6089764209865,20.7655812465839,18.6105378725258,14.1999506743162
"Feature0029",21.8360060620265,21.1101929634208,21.4042094560964,24.6550406652293,25.3514064021865,25.885284848408,25.7330955995793,20.9531820728935,25.098578174506,22.5212792937219,23.1767681523274,23.4603462925971
"Feature0030",23.3340812802924,23.3150969781011,23.5375366099797,23.9435556502632,24.2265280021172,19.1137565575457,25.4364584715058,23.5846540943068,24.7770159336251,25.156192351031,20.037330833748,19.2478965948132
"Feature0031",20.0113866027083,19.7294362636878,19.9165244278602,24.6964841239375,24.7195288981435,24.542420075691,25.0697280232438,21.0247711803671,25.3028451417596,23.7679799335894,24.0978348288149,22.4881652690386
"Feature0032",24.9113640321231,24.1442464443767,23.9994453309151,24.4367887198694,23.7352742471899,25.3622211871356,23.8630066681165,22.7746739498979,24.5452143492689,23.4005175666005,24.140778759093,24.4409943400907
"Feature0033",25.1262393619211,25.3402113155939,25.4885996145357,24.0313281547243,23.6616895232598,24.220378266737,22.2286991038295,20.4480967202671,21.6541150321712,21.3042014270572,20.5655907584292,20.2217325188664
"Feature0034",20.5368927092162,21.3886221598761,21.1549950598532,23.8065453686797,23.6729634926384,23.9090013856709,24.9384653032256,22.1525731555049,25.9486719010756,21.1417255750027,20.4773119092811,20.5102953148047
"Feature0035",25.1239260125734,25.2916761959627,25.5524403427192,23.5733142160777,23.1731686299578,24.1738803640552,22.6546309479289,21.2350926392612,22.9791054560835,20.1213091799854,20.0385258043443,20.4448970189623
"Feature0036",19.1398483738294,20.4317404272063,20.3824654818435,20.587651655285,21.3572335559691,27.5449065165048,20.1030890074783,23.2331065456382,18.6450856868299,16.708924210226,23.4425605548686,24.0002096902233
"Feature0037",24.0355417722238,23.6719587217508,23.9518175406648,25.4466204591741,25.8114468120349,21.5272711416673,25.4684475211202,24.1682274206184,22.252071359483,24.2650677933993,24.7946447363153,25.4178029562741
"Feature0038",22.2349379226685,20.8108443834654,21.3887248289233,19.6920232082151,21.8286183899309,25.6793827062239,22.1283718750508,22.8180740414211,25.6458289301479,20.0315355435502,25.0130434380148,25.3311868809158
"Feature0039",25.8577507199234,25.5764275356433,26.3941077551874,24.0494312310513,23.7246907925496,23.7154325997868,20.4509699917706,20.8964362123428,19.9256671377792,20.0429436462148,19.357429144141,19.7655910288141
"Feature0040",26.11180211769,26.5851722704655,26.6477949446655,20.0566549267673,21.5588554428277,20.9733075669724,20.2174113371803,19.2341542768856,20.3299794065421,23.8392334021274,21.7348979033279,20.8743018468921
"Feature0041",25.6933493767619,21.0419179676604,22.2536768499927,20.1338729817813,19.9293134976346,24.2265631920725,18.1664586200937,19.3389213779099,24.4723392552615,21.7245706139522,23.9314839124804,23.7125425657301
"Feature0042",25.2810960369115,25.2120507079704,25.4260778292147,22.0016712017197,21.5375374074947,21.9410843444858,20.9999290317098,23.853563533051,20.2396611383391,23.1046800537808,22.6733729462368,23.1280993928675
"Feature0043",21.9265300726295,27.3728136990479,27.659964500776,23.4941649684844,21.4834704492779,18.2582598487831,23.3616326073974,19.6931944267506,23.4340797405883,21.3114601888698,17.1804077833763,14.2913092945599
"Feature0044",21.5954102794396,20.8097025748365,20.834115550512,24.4442121704606,24.0109132243283,25.2972966012287,25.65492683329,25.6449433966242,25.2195672489991,24.8361774178347,25.5676083318714,25.9187447284018
"Feature0045",23.591752770955,22.1158608992579,22.4065752755142,24.7466462017873,25.0253000711635,25.9940353573401,25.6989455638524,22.8947503097177,25.3940051931458,22.1768950116324,22.0884994694011,23.765002296386
"Feature0046",22.0205470172754,22.765895074258,23.1996763977757,20.2513657489441,20.0324434393312,24.6230232338092,23.0910019145953,20.176367303202,19.4079069096134,20.7848915896087,23.9174439862515,23.6611741016478
"Feature0047",19.4476226568729,18.7725097137451,18.5399230564316,26.2136604886701,26.1325325419586,26.5400054258602,25.695211143853,24.8796954503924,25.5095311298357,21.4011656840209,21.7354610231028,22.2205320141346
"Feature0048",23.5837835594341,22.8321998725028,22.9787592178026,21.9166409872515,23.1285461061051,25.2059246691131,22.1472086640406,21.727573204125,25.471124899325,24.6250057919418,25.7323022718743,25.3797855288009
"Feature0049",19.3510517291796,18.8518765554369,20.2047303854091,26.7532507877525,24.8170244397302,21.6563586393074,28.3471203635188,23.8531642073356,26.1327566090628,17.3839295978848,16.0461907190225,16.6614749593336
"Feature0050",19.3909164795027,20.705542761629,20.4126004346114,21.102032017199,21.4833006801236,23.1775028735536,28.835454818496,22.2472323673458,26.9561103716127,18.2774361753208,16.1189921962585,16.1159492029676
"Feature0051",17.8859282283648,25.5767606717866,25.9593829735904,23.7566961560767,24.253912099894,19.835836388489,25.8222271269784,23.8249964174467,23.9303074739447,25.1304495635583,20.4150052315343,16.7936899080742
"Feature0052",25.3179330232495,24.7666232830325,25.0410475627892,21.987041293873,21.4602995385215,21.5952846067273,21.2150805171673,22.3057122106256,20.0314847106415,24.2349802683083,24.7124691596921,25.1090666356804
"Feature0053",26.0769414109032,26.2898810924121,26.5138747914258,21.2980216672139,20.7878998508185,21.2734935757513,21.0525745040712,19.4295536471266,20.0349098264851,22.7120239079965,21.9400501334905,22.5197682782726
"Feature0054",21.0028664538248,20.3563497388233,20.6872840779122,25.6249097198863,25.0899079563366,25.9878590448418,25.2409722407753,24.6584705359413,25.5582087600426,20.9945851792485,18.5690697788429,24.1860918084946
"Feature0055",19.1055710639546,20.5641730269638,21.327331867098,21.6882547704816,21.6602118209285,20.4201835401184,20.923140315575,20.148747609485,20.1238552342894,22.4371258448535,23.7312048221773,23.5797369629163
"Feature0056",20.9644595012602,24.8287290256229,25.2109961556009,26.0440620683831,26.0418521848532,21.7092588043024,25.0012195118167,24.2860307338086,22.0385047364417,23.5573432496735,18.4009955689849,19.1537190957839
"Feature0057",24.632517147888,24.0318647976291,24.1233617763147,25.4226135341035,25.8563936559963,20.777993470498,25.7584790787604,25.7447578316894,25.4639092271249,24.9298470427963,25.6259039622614,21.3284151335357
"Feature0058",16.9586499931839,24.9693823872499,24.9740591787162,19.1698538674023,26.4750623145374,26.9140587107122,18.9417488672828,22.9874720302963,25.4200627303807,19.0387572971965,25.9224609436598,26.5726050086912
"Feature0059",24.7165626883099,19.4705744320533,21.7459913820716,20.3913645608428,20.7558470693029,23.9047753526408,18.1749082812289,23.1840731098373,25.1431383418206,20.9786105692177,24.4267138351641,23.7444229967574
"Feature0060",24.2251701361036,23.6672672046956,24.2036726859393,25.2352446230211,25.640631216149,26.9312873285844,23.0042274578514,21.0165028861293,22.7287610924278,22.2222985962257,22.5786176768787,22.1550247403238
"Feature0061",23.7238566591622,23.4801374634556,23.969467308297,23.0458602665334,23.698118646392,20.6021328796551,26.246666482714,24.4427745827107,24.2427567557616,25.567179136326,18.3462977092046,18.6038603222116
"Feature0062",22.1978465875923,20.5838049085053,19.9794044319412,19.8699257572233,20.9497716931553,28.0495333180036,20.3366759930435,20.3082401403597,21.9653330308049,17.6306821048323,21.0551608269562,19.9828667637474
"Feature0063",23.4441529787249,22.93788336168,23.1413429584526,25.3575296674588,25.7717864149572,26.1926506139607,25.433027157111,23.994509042267,25.5061146418488,23.5438442373527,24.1604046997321,24.8107256540329
"Feature0064",24.6531763177104,24.0322998100945,24.0932507079606,25.1676617814171,25.6706177766117,26.3810342895898,25.5858005970158,25.4190497117656,25.4112307351044,24.787728712951,25.6471034219225,25.9880109161637
"Feature0065",24.4525566665828,24.2033132046459,24.5564642042687,22.8898525274493,23.4530375681236,18.2171582822305,24.9874061962579,23.5125199001232,23.5295437469362,25.5572181367351,21.6348639979446,19.7685506725289
"Feature0066",24.6186962927495,23.9413136866599,24.2178640061035,22.807271872983,23.7009179286666,20.1335198307211,25.7636809413364,25.1051283014726,24.4027841842566,25.2952759839061,21.6095747959568,20.8850329825776
"Feature0067",24.486031590621,24.0549624284991,24.2918087937913,24.5548163887448,24.8773585754036,19.2858278214106,24.8006527601125,23.8912872032969,25.7680885774464,24.810000617168,19.0815679053992,18.5902433236664
"Feature0068",23.3680875855032,22.9991153359548,22.8700358089298,25.5451240724509,25.3662048897901,26.5206800002672,24.8567505556042,25.0149023295433,24.8550222832009,24.3819934445642,25.084212932082,25.6674432037783
"Feature0069",21.6115245177454,24.4250396304533,24.8694740332391,23.759060850277,24.1008798980278,16.76239772911,25.805487603648,23.706219626989,24.1433014171062,25.7113909275726,19.7816383969552,20.1781411156743
"Feature0070",20.2198082918267,25.0558104826521,25.3050876716318,22.9307503924589,26.2330288476536,19.9423535731234,23.0977054678711,21.7043886772809,19.3284516928901,25.6087839667412,20.3759064996042,20.6631595427067
"Feature0071",18.624346881269,20.2913194268509,19.3608471280706,20.1582238747806,21.5859298527501,19.978138116713,20.8141300433657,19.5923477981367,19.7591337353561,26.4788855910956,19.270257044299,16.2135815327942
"Feature0072",18.4565866194392,20.883271594906,19.5295981193551,28.5565150649528,27.9252188907125,27.6077091357808,24.4661386762565,22.4011196378892,21.2903529686725,18.795592507504,15.172649310281,15.9772175477771
"Feature0073",20.5137264253856,19.8286118689838,20.1005918470181,26.2268526785719,26.480937885296,27.0057344539583,25.5791542678393,24.6742333410697,25.8251773019189,21.0340150440878,21.9807913872431,21.7680136043399
"Feature0074",24.7015352743346,24.6541506949387,24.4930155366681,23.6931389648003,23.6673098477779,24.7815922888678,23.8502606544046,24.6053083861105,23.8714476141347,25.2141847829648,25.7756554489576,26.1421740950299
"Feature0075",19.5259988566314,18.234536282082,19.6811470211047,22.316250424112,22.4740830023386,21.9096589347544,23.7907035129104,23.5054193100363,21.7758099290106,25.6013260749906,24.4278512811169,24.8899888378338
"Feature0076",21.2939848676902,21.7224626883454,21.2564624848817,22.7845484838258,23.056559667309,22.8490395737518,26.7720622700202,25.9562339594913,24.2054827866528,21.9288962073726,21.8242920834112,22.1308466741968
"Feature0077",26.9899237241773,27.6696897633766,27.8951489543482,21.2463855642533,20.6227753920182,20.2311705193437,21.7282943943965,22.9947251413547,21.0694249755698,18.8897776510229,16.7758581346749,15.8729707214244
"Feature0078",25.7118773166125,25.8842815533656,21.7798383843149,22.1516673469496,23.0747949227745,22.9970215249616,19.297275231991,21.9119294101609,22.1894097366557,23.6224178136278,23.8392757884133,22.9878566168289
"Feature0079",18.4663099971001,20.4871973095314,19.5181868538821,20.1968211263266,21.1484935385642,19.2565480125056,20.0862805446961,19.6569660425511,20.0850485201113,20.7713156692978,23.9151905647708,24.5281477892886
"Feature0080",25.8817602701725,26.2957531484899,25.8994474961104,23.9598925672287,23.7702887817488,24.3527517729639,20.5351748349146,18.7834448819457,19.8740837195191,22.5826751878649,21.2055900619011,20.3773758274734
"Feature0081",21.276644905772,24.5441962579362,24.6232452194693,25.8853444620928,26.2488080902451,22.3129996304237,26.0510194040443,26.0800349310655,25.7231469200485,25.2065479460133,21.6173881479035,21.9958115101329
"Feature0082",27.9673338565873,25.1590165300356,22.8838423415071,19.9933369179293,19.5359211660114,18.8903029431208,20.2297155465869,19.0569108746755,18.9244845332779,16.9575995951847,14.1806401043,15.838785226926
"Feature0083",25.9076327269551,20.8238889905671,21.5189070782896,18.3480780159236,19.258156901209,24.5627602846334,21.8400251320758,19.7896999147562,25.4119855590932,19.8675965577838,24.5931661081105,23.9913124430258
"Feature0084",21.1623084959047,21.5797480042132,21.54862663567,24.054116801706,27.5821342420425,24.0463921358312,23.3970661612194,22.3771638022899,23.200233538815,21.6440436759331,21.3047618847206,21.8528083470616
"Feature0085",18.8168410286336,19.8883168815266,19.9847779457317,20.5304187770052,20.651187263076,19.3378970114226,20.5137975305865,21.6373963883039,19.2178638270343,26.1061568683602,23.9681994106385,24.6058896933803
"Feature0086",26.0112862305862,26.1294666031416,26.2731297244486,21.5570937321577,18.4861255801311,19.146818970484,23.7879438961638,21.0055692734068,21.8883539933666,23.0901094859767,22.7521422288499,23.6215626081601
"Feature0087",25.2247761084187,20.0348205779222,18.1299317427197,22.5255280246085,22.6955885679109,27.2290266014727,20.7074624866266,22.0250672497966,25.9235757193073,21.3948943124678,26.0384352292881,26.4497271893968
"Feature0088",24.9397275172031,24.2968349354565,24.1883928429472,25.3215057798604,25.1838131085995,26.372075043918,25.0672699919556,23.2682586150307,25.785510698078,23.9006695530903,24.6621117902325,25.1996371314031
"Feature0089",26.6605781567988,27.5338768588887,27.2058289288591,21.0014149418727,19.0071946119478,17.9350635227916,21.0436457660132,19.1193191143151,19.477446645645,24.4787193517111,21.5693492772566,21.5029629456492
"Feature0090",26.1929199737534,26.4733977634913,26.7305978104343,20.9791560043929,22.588233250593,22.228186737132,21.4308528721724,24.4433262432536,20.8162873515944,17.7895604421635,20.8722106461045,21.1679561250002
"Feature0091",24.8137238790591,24.3430235740646,24.4828917687276,24.0303440494678,23.4265829895592,24.9097102912287,23.6200457833308,24.3737898997811,23.4900010558504,25.3435445738433,26.3141127193027,26.5190909264186
"Feature0092",25.7138756467887,25.8884813093032,26.0515040047424,22.519841720073,23.0862533728747,20.7116377321531,20.1740054522515,21.9110358961223,22.1768388811074,23.6603419428051,23.8425571391292,19.6912465072167
"Feature0093",27.2068856470367,23.246158210026,23.1194241721219,21.7125575426825,19.9350584928242,20.1543290510234,22.9869502406766,21.1856089497651,25.3412221403238,20.6933101387338,19.0433654848358,19.4558619607298
"Feature0094",23.6812302340712,28.9362956158226,29.2137395343177,19.621835197393,19.2783045824505,18.4419830213407,19.8185281039259,19.0702661220162,18.3925839918503,18.9642890889901,14.9570703384714,15.572197369931
"Feature0095",25.5810147665608,25.2152552897374,25.5046721149063,23.2037597012333,23.7870491426686,24.2032179298306,22.2701504560831,22.3773752541137,22.8577253993412,21.3051097423984,20.8396493077088,21.5032646447319
"Feature0096",23.8394075724547,23.1888403937826,23.2289588088462,25.7014479054011,25.5043174168268,26.7244968987016,25.8086791440909,25.304905357367,25.905297976824,24.0828605124563,24.6158941308679,25.3325500477065
"Feature0097",19.2415853823096,20.7383128776698,21.1061567260413,21.690208068005,21.9160273082478,20.7280987394603,20.5694067000369,20.0925696628764,20.2091617247113,26.4052763767727,18.816710862188,19.6427158183888
"Feature0098",25.2237659632335,24.7131182595246,24.5447786911131,25.7659970925009,26.3725501666241,23.7343890827008,26.1415598501547,26.2487693907003,25.7995169023838,25.4027193416267,26.0118173310783,21.8729094522976
"Feature0099",27.6500401833132,18.9210093125319,19.7599560790221,19.4795338655885,19.4466700302745,22.1323721479856,19.1715932957589,19.3285257880336,19.4336042025929,21.8850141683994,24.2861291131284,24.524665362156
"Feature0100",25.4838022426454,24.937143519983,24.7656119545064,25.5960240158531,26.1531545563458,26.6653448062242,25.9855905154995,26.0310464918303,25.6413129571091,25.316701254443,25.9542681178536,26.5541406776987
"Feature0101",24.3764075760395,23.4887795879774,23.7764047690445,21.8410534114652,22.3076443833068,22.7331244331473,21.4672763347997,23.6307511778391,23.0223341068485,25.639530954013,26.4946600314345,27.1039536885522
"Feature0102",25.2883463443137,25.0588507046472,24.8707240944927,23.9442806069941,23.6240616897562,24.9765897348132,23.8759901639705,22.9354428024854,25.9733364295692,24.8764453843278,25.7121467077559,26.1503283550604
"Feature0103",21.2967877938135,20.9607927554365,22.2244575898714,19.502831575633,22.5922786595612,27.5617349995432,21.736200985455,24.419677655584,19.0044449523837,16.9669883458646,24.9155041205875,25.323509565769
"Feature0104",26.0351713275449,25.7906481155356,25.6426933563884,24.2907265243666,22.6423099417876,19.6588245050163,21.8431967830994,21.8050329627059,24.4611807993824,22.8574261584864,20.0889466758486,21.4051914737049
"Feature0105",20.4014470709655,18.3085147953788,20.2805277625838,19.899154036817,23.1071432508226,27.4701918667973,21.4602214563948,23.2031256980049,25.8298988625943,18.8925826522848,25.5200066122448,26.1004999116461
"Feature0106",19.33630070673,20.3022108380916,20.3029186825665,20.9083095910305,21.2327981242511,20.7509163239381,20.7958025632239,22.6559358379055,19.6211065903922,25.9099067079227,24.1169337712036,24.9019571250407
"Feature0107",24.9379481871003,25.3107034017197,24.5472966104236,21.7287432858251,21.3181194161185,22.3316159604651,21.760970802989,22.4472624086595,21.5220603704003,24.6047099480996,25.5101325975389,25.8284439657224
"Feature0108",20.4235165728979,19.3269474933556,19.4470320148169,19.9615771306574,20.6696076842874,20.8781401143295,20.1328390482496,20.3899522129055,18.879099936785,26.4103612452882,23.6756493958596,23.471049989626
"Feature0109",25.6068759082603,24.9466286839027,25.1375272820947,21.5893915038395,21.2650668115601,22.3726623639795,22.3755252259015,22.2386395291655,23.8346642445242,25.0745750812127,25.7518913206461,25.6124818193695
"Feature0110",25.2439357916855,24.630495521592,24.6877037322156,25.6188657238556,25.9108408292234,26.8030050557968,25.9920932624703,25.7369624789662,25.7195603968919,24.8405968896687,25.7051400362752,26.0714847484414
"Feature0111",25.5499709002634,24.9796386662111,25.1663565662352,25.0980601892592,25.0649307664803,26.2789602525549,25.5701979917117,26.2810933440623,25.565758669761,25.0588069473713,25.7446777712036,26.1531129684301
"Feature0112",25.1971247023087,24.7769361816186,24.7514262118115,25.2084394337091,25.3471647041752,26.5796426760653,24.6540624612609,24.8090391231061,26.0889174346468,23.796630722197,23.7493676532698,23.1951485242642
"Feature0113",27.6096018961255,21.468682145084,22.4280198710534,21.2381396873749,20.6895857993906,23.8611274143832,23.662822068267,19.9657992032931,25.1669189680258,17.0989583869574,18.9659475863236,18.4352428921867
"Feature0114",18.3409581835651,25.2479826064856,25.4166113533204,26.4336129854712,26.4079886742199,22.418799258979,26.0374256997753,25.3284262670669,21.9341040210564,24.7142279604825,18.9080914837775,20.0755149807523
"Feature0115",25.0994463699662,25.0945290323085,19.8859589052315,26.2439490709343,22.9832697617719,21.7132716261017,25.1376613384401,22.4608446298305,26.3146432320692,23.6495556813596,18.9032515275118,18.3480031091448
"Feature0116",25.4349305956485,25.1139059853867,25.0904285048775,23.4580635431003,24.0453078299843,24.6734591563841,23.3172982033952,24.9220160186285,23.8359447995986,24.6277929552389,25.1132410377681,25.5939370093611
"Feature0117",19.3431462306165,19.4917983882811,19.6330274378305,20.0883494347015,20.9968177520493,21.0597908824296,20.9850274548346,21.181670800349,20.8821709655093,23.0607617738319,24.4709747763455,24.6060683556594
"Feature0118",19.3520482984222,20.3752977371343,20.3973088358402,22.443651288981,21.6475062436057,28.8797677637608,22.0576521397911,22.08333656864,22.3939302414881,17.8913689991033,16.130450167961,16.1735161402539
"Feature0119",27.4901236124516,19.5170179236595,21.1065852243106,22.9733882436372,19.286505695468,27.0108914260116,20.5651110638979,18.8874951159197,20.7451822701403,16.2191440096998,24.6919691186788,24.8833385574323
"Feature0120",20.6263599576387,21.8197984399416,21.9241915957167,21.8080308949507,21.8926257182356,27.8442949780514,21.5647269173262,20.7967527837096,23.3467294564869,18.9132059870452,23.0141254948575,22.2797002630673
"Feature0121",25.3654788123499,24.7880714659116,24.8043720104316,25.4571343161249,25.5935788586122,26.7395423881813,25.2027599749772,26.0956981145477,26.0725931336404,24.4271130400821,24.5938986485689,24.4792823836374
"Feature0122",25.4477962541624,24.8233449090924,24.851505711163,25.8272462362198,26.1370109349086,27.0061334978367,26.2585202547102,26.1822939415696,25.777017014043,23.4297502373805,23.699710608104,24.0674993966805
"Feature0123",25.8327409423099,25.3566007590664,25.0920795010899,22.6848716227376,22.13700759955,23.7495301511847,23.0320342343472,25.6795804721901,21.8337582231843,22.8888791620282,23.967962623773,24.3325442401564
"Feature0124",25.9599632401242,22.9473681500786,21.921210617819,20.0748697029493,19.681248947958,20.5540173695364,24.6490923823297,20.6597198074224,21.8347789361937,20.5136378279791,25.7298946476085,25.6650954200276
"Feature0125",23.0123924492033,26.9496695953979,27.0730047715311,24.1548308288621,22.3247611567498,18.6961011895476,23.8760351314965,21.5996531597273,24.0484001887821,22.6270013952163,20.357556034911,16.959257941545
"Feature0126",26.0595027878842,25.0320472860311,25.016487591987,20.819698996048,21.4454615492456,22.4613490113287,21.3871144083591,24.8374353886,21.4398474314588,25.082760028975,25.9764861310348,26.2071542649803
"Feature0127",21.6245564990458,25.1180968504808,25.476403829413,23.0196804539129,23.4328041115018,19.8442342437431,25.8923213722734,25.3413963258701,24.1777500373804,25.2099593516521,21.0332823852013,21.6460700714684
"Feature0128",25.1393832084123,24.8505632351121,25.4167244601769,21.9396840158784,20.6860479267714,21.0548679292061,21.8664470506864,24.8532413099362,20.6111074655126,24.600783527011,25.5712563572602,26.0154915180662
"Feature0129",20.7843038857422,27.6783819962155,27.759727163463,22.1785371857828,21.9262771717327,18.2697665586504,22.000033714251,20.430305113489,21.6592485398623,26.1763088980879,17.2781897087374,19.0301392121112
"Feature0130",24.3912163903474,23.8668626147904,23.7260901350879,25.297195047136,25.5198911015946,26.377848626846,25.6091842620804,25.7804839244055,26.2155754270267,23.5047770440413,23.954842904104,23.6590536386236
"Feature0131",18.5269822389314,21.3147885647708,19.6469679813135,20.4717166717559,20.3009141079048,19.1815031889266,30.2071875854218,26.5041837414671,26.432013785416,17.270479865957,14.5529395614471,15.1818729203663
"Feature0132",27.9271624052599,22.2256644180808,23.4138686403308,21.1843614488479,21.3448552420684,24.2818944623617,19.5803572500855,20.183680931616,26.7664466954966,17.8835636921508,16.0713593771639,16.5726958541349
"Feature0133",26.185123603606,26.0779999299061,26.0691728357297,20.1315436442818,20.195035262725,21.2915772755076,23.3858599925004,20.7842037810502,22.7015960224376,23.5562315541084,23.494688354611,23.4982445819907
"Feature0134",21.1815788716819,17.3394122219439,21.2296714270754,22.5053233178098,22.8965826207729,27.7031617014869,21.5571490573417,25.3787228455079,19.9458055264098,18.8357899142738,26.018334156038,26.4878998505973
"Feature0135",22.0965237331364,25.2419980706874,25.4213266400118,25.3389535466405,24.4876894099041,22.1652758332267,24.1600351616155,24.7992235963716,23.6879388651089,25.9150161988987,22.1848856375812,22.6279104052774
"Feature0136",19.4729530229685,20.0021762817387,20.2186544103913,21.8317278421977,21.3387617041448,22.1398089728086,21.8069558937949,21.8709692188657,20.9825770967272,22.0870281398127,24.7761414251848,24.5450015075041
"Feature0137",19.4881262421859,20.2643728946673,20.2310932269401,21.0903016127879,21.1966575705819,19.8370807047687,21.0509029044588,22.5783482288048,19.52000483211,26.1325382199853,24.5417119536506,25.2261036624523
"Feature0138",20.8798250043423,19.9496447983564,20.2961823254645,26.5906172274288,26.9548964569516,27.5289957932446,26.0733067831553,25.5849398629961,26.451943424432,20.7870518038005,22.0839695515796,22.2922131455438
"Feature0139",19.096186823054,19.9618675754253,20.0816193351646,21.1432655247285,21.0100537911846,19.7277245202819,20.8174292807753,22.1401545995325,19.1649783291164,26.5950647839533,23.5832451324425,24.0563294178791
"Feature0140",22.6270801599117,22.951754699152,18.8845353948595,26.9344606895223,17.0064172353078,21.1604232002259,27.8574016254761,27.1699251187647,23.6858107891105,23.2455529012353,22.5938798810178,17.9301324606918
"Feature0141",20.4234224167854,20.3211011169061,20.3549283540234,27.7797338408088,27.1180116223656,27.7246921206453,24.7226659758491,25.1812134427366,19.0480866457654,20.556160631208,19.691467233261,20.4790441942206
"Feature0142",27.3646823963676,24.3876844222064,23.8938633977136,21.9513773930109,22.7466726534855,19.7399378011638,21.6769120166266,24.2369228067294,21.2342093814379,20.2770674947977,19.8906427140493,19.9263079599442
"Feature0143",21.060766857066,25.7209306587774,25.9187050977963,21.1964004455636,20.082660852794,20.4380580922551,24.2313500568194,25.2153874677422,21.4540409656054,26.5264713160629,20.7330028589294,20.9840956754366
"Feature0144",19.7129750704794,20.6746926348679,20.3106580319143,23.3857200492721,23.9959752163839,23.2702760415347,28.9793182033697,25.6236425450296,25.4158392339251,18.254834541821,16.793580788509,17.5939724053773
"Feature0145",25.643260921834,25.1426189973948,25.1371527548389,23.7764367051712,23.9751142077476,24.6340501095848,24.3377890959823,25.3649969537139,24.4255581171966,25.8465282389336,26.8525790063039,26.8469047211503
"Feature0146",26.4599976099078,21.3457736533911,22.2636201325442,21.9910140675157,21.733358915893,27.7715598087328,21.5507262938382,21.0623690312279,22.7289039932592,20.2487121275584,24.2414629285745,23.6705511956306
"Feature0147",25.3059496273289,24.7975363077242,24.9884748664935,24.3092819365292,23.6347917922538,25.5151301425098,24.2467143987404,24.6622612692638,24.1825773903941,25.8179990836457,26.8844377243994,27.0888047456618
"Feature0148",22.3366971395685,27.7518209399075,27.9024305879498,23.9272982383341,25.0946845096865,19.5977686014035,22.107954566765,20.9229099638611,25.8633200640386,17.8245696641264,17.1662247422328,17.0545661199982
"Feature0149",26.2236452638265,25.65568292232,25.4269045362232,20.554410964846,20.723603057357,20.9543522043227,22.9541605933195,25.2628877103539,21.8395600695571,25.1027981966521,26.041969230129,26.3821498905911
"Feature0150",25.0002825076914,20.4687441802902,22.0577505101456,20.8472127230673,17.1316792217694,25.8794825589511,25.4855388457955,23.7857076289364,21.5636571774119,20.3969928666282,26.6563153439761,27.5148982209352
"Feature0151",21.4413162520011,23.1145785360017,23.1978788369297,25.2412830505707,24.9487393496203,19.4362749251292,24.6428250453797,22.289975058077,26.0467552520035,26.2615708640777,22.4272483919205,21.7850758843181
"Feature0152",27.8208510552209,23.3192788939351,20.2385873979706,18.2412490059012,18.2454499141452,22.1855688496457,18.1004786916709,19.3447712366659,21.5272465830321,19.3354278787896,24.89583904707,25.0779672274981
"Feature0153",26.2424834897637,25.8683296364506,25.7955928749398,25.1850048182083,24.8873785631297,26.2572212493884,25.1398283355286,28.1065211791733,24.839716231747,25.8601399358537,26.7636981670181,27.1237802026044
"Feature0154",22.9518971138622,27.5930032124585,27.5992758061683,22.0477384775804,21.8896713154035,16.725612626706,21.5763559043676,20.694141347038,20.447103560497,26.4561919698256,20.3615324022106,20.7546010359109
"Feature0155",22.8000603612035,27.7227624303406,27.9681311595209,21.4814616852929,22.712039609124,19.7019402123763,21.6274391618849,24.2827755482554,21.1454493178977,18.5413128121169,20.0307734586815,20.0339682945341
"Feature0156",22.8757380119787,21.8776323815712,22.258573218192,24.6686209401718,26.040455446181,26.1912011444668,26.1453401013839,24.8902166414082,26.5712733664512,22.4201597563426,22.8924200807756,22.9661230501665
"Feature0157",26.7483575703715,26.6509587837278,26.8065059077697,21.5259650605065,19.4733228842153,21.4728457278135,22.0744858538825,18.9102941360116,22.0035503238529,23.3187346062649,23.0127366482374,23.1782783235165
"Feature0158",20.4088251732598,21.8440326991543,22.3895049020674,21.3921420918908,20.7811744575847,21.0969300216591,21.3551007698644,21.3621442373133,20.615302661658,26.839284900911,20.4391025164441,20.2339056659056
"Feature0159",26.0263349303052,25.5450660880499,25.5151372340978,26.0422741488912,26.3378589827276,27.1451149755744,26.4470973725631,26.8031015527927,26.012259927125,25.7424591668337,26.5683092085434,27.022685736865
"Feature0160",28.4622164396585,22.4230775346817,23.8240327185344,18.9864677002153,19.6732528929335,18.7343203483283,19.8415320294765,19.5548403737242,18.3186776102681,17.618122890437,23.067588738319,23.8695238947419
"Feature0161",26.6317323281163,26.7010604620987,26.957416154206,25.6005166435718,25.288602507064,25.8121663740472,20.5324595910336,20.9714026335265,19.073633910692,21.541660546891,17.6870150464453,18.03172948214
"Feature0162",23.9933263004867,23.5355947975813,23.7370693184067,25.6932990573616,25.9609074960655,27.0901614444317,25.4728081486073,24.8314544228293,26.6744993907104,22.3527624687701,20.878245950949,23.0601467448158
"Feature0163",25.1441775159633,24.3364785214404,24.5949087657172,25.3945009489328,21.0592393069976,21.5252178452984,25.2936945843979,21.790838537867,26.7972922750025,25.8278199144984,26.2852218024205,21.1382751100062
"Feature0164",26.461802045492,21.5999998305267,23.7824785573294,23.7687339722753,23.365421678926,22.4603295139234,23.7816915047965,22.4615131357883,27.3339305100104,20.185692005115,18.0609767750676,18.3742358831467
"Feature0165",25.6661851440953,25.2829645201417,25.2583900616108,25.8888336299932,26.1394304503514,26.8876742591502,25.561193014905,26.1688535108798,26.6263051234757,24.2325377898085,24.9553631080885,25.3764606617889
"Feature0166",22.8655006926462,22.727660761367,22.3990077184021,25.1275435284684,23.9037994517252,26.1323913229455,25.3207793301216,24.7140031013796,24.8359939359821,26.3838202594038,26.9849537723603,27.6191102593191
"Feature0167",22.0337058226977,21.5060117046042,21.3008529454339,24.7031384150986,27.7066616869277,26.6144628189718,22.9679787083021,27.4462220821821,22.726993915807,21.7569500032461,22.6943463249967,23.2389474909688
"Feature0168",23.1390916370301,18.50253555182,18.9559990183627,21.1670962616344,23.3942552571373,28.2227002132762,20.0687451241559,20.973898631727,22.4922357556152,21.4983450675874,26.8432453560764,27.2295287346002
"Feature0169",26.5039148364294,26.0597253274069,26.0692484752882,26.1276500621382,25.9547218539983,27.2487341049072,26.2508808157321,26.6273697186356,26.6102492327313,24.590454514401,24.8795329371908,24.8738743817384
"Feature0170",23.2675311373126,28.9768380136362,29.1732883715637,18.8793573028353,19.7984979115602,18.0055894568682,19.3325399142175,20.0173049229473,18.5987894764961,25.9349245773235,18.856752352678,19.8627169704559
"Feature0171",19.7705359844864,20.7875084686323,20.5201769074952,21.0896059707557,21.7363513884058,20.7112908692576,21.4363687737426,23.8013020824648,20.0200356572154,26.6140496663221,26.2516027719478,26.3519508201679
"Feature0172",19.6234729969886,26.0079217741313,25.6275868792819,26.8236027996241,27.4989116688096,19.5057099706505,26.9928422080747,31.8473614778374,26.7076293834348,26.2726414023428,19.2109939165411,21.122050032171
"Feature0173",26.7605148592129,19.8521893967664,18.8131528224765,23.9442823860303,24.1361928778439,23.2970704329305,19.9300112033215,22.303355185659,27.3369190359678,22.8099290834559,21.748885858228,22.0203047515733
"Feature0174",19.4443231510516,20.1379835046241,19.7444690882628,24.5770655655477,23.8368355094247,24.9775520928248,28.370697845468,24.6965169127127,27.9352670451648,18.7960943515145,17.2118417558331,18.1183819439042
"Feature0175",22.3585928226295,25.8634384626561,25.905884978886,26.4168148151492,26.4536344016962,22.7728830453418,26.7998708321022,27.0047917209398,22.4369777662834,25.700894702315,26.0514140277699,18.3793252786292
"Feature0176",18.2857853403444,19.9934840443177,19.5179504152516,20.4224554920454,20.2463862504873,19.0580588079355,31.0243008305578,24.7207997623659,28.3785875925749,17.5157445766084,14.4424306030854,14.9868422929737
"Feature0177",19.589208121377,20.2357372563037,20.2019558745996,21.1929130120113,21.3797103139924,21.2965124399945,20.7841435139122,23.3170531096561,19.6990624120506,26.5555703853435,25.6118102393212,26.293682224603
"Feature0178",20.5845464902486,25.3307044066722,25.3789045177727,26.7505588665456,27.0958135216943,22.874503851936,26.9564401406769,26.3528570946615,26.9391836541673,26.5425837333205,20.5033641711565,22.4980383531438
"Feature0179",26.850091990852,21.8770401807577,20.3990237095956,22.0012845023272,22.3221673928239,22.71444901895,22.5777592970638,21.5371457105645,28.0655025108187,20.6524149219252,19.154027521941,19.072135611909
"Feature0180",26.6148027200276,26.1942091906217,26.2340825090574,26.4011412808618,26.6765986646685,27.372547932882,26.7846354493175,26.9380456355287,26.447898907497,26.2645442724736,26.93465547259,27.4631533932119
"Feature0181",26.9415117883723,26.6948257781399,26.5244199835884,26.451188985188,26.9708290660846,26.3383371041522,26.5931863977763,31.5505438409586,26.4383802826546,26.3455246637766,26.3972460356434,27.0540099416321
"Feature0182",19.1518383122958,18.8998211840128,19.2660328424888,23.1300739119258,20.7770758898789,23.3594831367466,20.51452876842,25.0657800728192,19.0902464174678,26.9971800608602,26.3648242573135,26.5814548649588
"Feature0183",26.1011805548524,25.5502315616928,25.7304341423565,26.1783188227606,26.3676375626322,23.0935715664046,25.8694954010492,25.4669719634691,27.0592445807197,24.5768458491091,16.9063216213191,17.3168240978706
"Feature0184",18.6046714554881,19.6165703678588,19.5071020932795,20.2370919571132,20.4100792358237,19.0786168438117,20.7063040207142,21.5424904273909,18.937181763959,27.3480404400974,25.3760534653175,25.9405416747068
"Feature0185",26.6493133493966,26.1920060484536,26.0113579022651,23.6580189695229,23.627668428098,24.6292952682317,23.9583058544532,24.2708892678302,23.5629566725588,25.0535789765536,25.6692396466494,25.8572044222737
"Feature0186",18.1509168592174,18.5771479788412,18.337211855724,25.2875331046998,27.0327726909788,27.0671782594849,25.1954480214141,23.2168825670093,27.2703200154582,24.0766257462049,23.5350411552699,25.2908223438735
"Feature0187",19.0559306341208,17.2683275863532,21.0394131250572,24.0273603057749,21.6726411859328,28.4012013776356,20.9744527311684,25.5884224438441,22.3776370273995,17.8452082446054,27.1554719146724,27.5857332700722
"Feature0188",18.8241694677055,20.5141599687538,19.6009616235512,20.8243152180844,20.5256458308089,19.9911462115851,21.0836767230861,21.9741243494466,19.0871676207339,27.0401188851679,25.5919257404412,25.6936657686299
"Feature0189",19.4920418864705,20.1954581729219,20.1617953729034,21.1279102979785,21.3435174894626,20.8712352890993,21.0055894893226,23.306826266439,19.6647762817364,26.8595969112377,25.8111580055517,26.5088837259004
"Feature0190",18.8145113537051,20.4698652586624,19.6683925819566,20.4511453115323,20.7490986590816,19.3361290697651,20.449360506212,21.984353469578,19.1690712632481,27.2938975521652,25.4359954965949,26.0575872366034
"Feature0191",26.5895946768746,26.3473198471549,26.0745567451344,23.221600202129,22.5593644203333,23.8300113452695,23.4964447358169,25.8878553259117,22.7712469688891,23.9790979596725,24.824589454854,25.290851730088
"Feature0192",27.0834245306797,26.5835006054814,26.7190217389507,26.2191759017329,26.0853045998882,27.0065741915558,26.6230282088283,26.4672249668696,26.4979837511569,26.1631537332114,26.7779784565761,27.0433130917291
"Feature0193",18.5067503578168,15.9103031336817,23.1024312030565,22.7396648108612,27.9790052444711,28.2772712015031,20.0013027762902,25.8534168447444,27.2330219493886,20.7018376733944,27.771651910318,28.2347594925516
"Feature0194",26.8521284581918,26.2289951986342,26.1826352874433,21.7587050279707,22.3772151252228,22.5667658417241,21.4256570928186,25.3102582689239,21.3085673301534,26.2966667627017,26.9907260307749,27.2680453823291
"Feature0195",26.6552363684794,25.8649114041051,26.2493406680202,23.4638357954679,24.0570988716242,21.6853959436374,23.8172094282805,22.6327218623564,19.6334537615829,25.9884940015002,26.6491597448124,26.9414344050032
"Feature0196",26.1029223032151,25.0747917986254,25.3986328670092,22.5214695814315,23.2465048666003,23.6736451717758,22.1969402252407,23.9668995517045,21.997727634359,26.1920797533489,27.6965345155349,28.0938879194036
"Feature0197",19.1019963759279,20.0148855529731,20.4223309990088,22.7911010086075,21.4105183803149,21.7343266524704,21.6429385215637,22.4382426200926,20.4382890995209,27.2435314818237,26.3604761206998,26.1399545613414
"Feature0198",18.189418677634,20.8748828497743,19.6608682059799,21.4304497982433,22.0141923160031,20.2155762606482,21.2197926168739,21.6480453557324,18.2902016935859,27.210915683843,25.6851517808234,26.2384550277027
"Feature0199",26.9645292018765,26.3163136445033,26.1783853802687,22.7640639189423,22.5537349768232,23.4714898151013,23.0731355124457,21.5072900878273,22.9554207850537,25.4337337293462,26.1207335051743,26.4652642795824
"Feature0200",21.3327665346943,20.2629667091236,20.5845434273922,26.9010806876829,27.3246987079622,28.1126744048613,27.6701374355299,26.572127558283,27.3146667621681,21.1297604453983,21.8815575199869,22.4069191557398
"Feature0201",27.3670654860726,26.8618778902492,26.8152046805355,25.8097456774157,24.6052276582995,26.4509104557046,26.6717921149457,28.1722275544183,25.7791354600596,26.0589406375519,26.5026242941672,26.5732816965653
"Feature0202",19.9632529887773,20.3716285687446,22.254616540077,21.2567825965463,22.8939953480515,28.7315003291056,21.3833128499168,22.6351221504965,21.4640976449875,21.9781899980703,28.0072547747647,28.4662610583285
"Feature0203",25.6222728609349,25.0899272905832,25.067196885983,23.2241896540984,23.1810234405576,23.6900108123433,23.1471064439033,20.5480254524185,22.0801551277206,26.9909203928678,27.3132366551818,27.7470053922219
"Feature0204",26.5775430983054,26.368041982635,26.4121879608758,24.4187722654656,24.2163686861521,25.5626553158939,23.4587887110825,20.7099189368585,23.4038384995566,24.1098145563527,23.703863237368,23.6348858768039
"Feature0205",17.3157559202956,24.8165208542509,24.9205232061348,26.9761521809516,27.2978508039299,28.1965460068755,26.7689840993626,24.5741828232726,27.1527232328832,25.8802501632313,26.265388380981,26.4902139916451
"Feature0206",22.3568980966767,22.1548611220351,21.7634105387778,26.61825672842,23.392156052762,27.3580154328669,27.7462918983574,27.9827193935711,26.5715205849067,22.9902274491935,23.4780501007144,23.8885129981844
"Feature0207",27.3038527499169,26.9565942374549,27.082888579889,23.3225404158681,23.751516012283,23.7295067436896,21.8150909296812,21.8606103315704,23.4594640543964,19.348815791566,19.6897188393376,20.0604468356071
"Feature0208",27.2191940930516,26.8004946145027,26.8206438381834,26.9344544938307,27.1502027611578,27.7789828933583,27.1672258239498,27.2222110664502,26.838741263253,26.4377200900768,27.3283802971345,27.7304244482815
"Feature0209",27.29508689636,27.4696375280048,27.7326636488927,23.3819304321214,21.1509303791029,23.1857867844971,21.5785358175625,21.4046053311455,19.3350071069379,20.9077638830687,20.644194971638,21.3511337058972
"Feature0210",27.2648284781803,26.3459140285382,26.7357387306119,20.6484340156314,21.0100217924379,22.947295558338,20.0039850475307,21.6712716475405,19.8701746819132,25.0815202337392,25.9214139467507,26.139511802573
"Feature0211",25.6476948057006,25.1231660541897,25.1267533876837,25.1733474086803,25.7155411395145,26.9333897879147,22.2943308752892,22.9222357486194,27.5476943790657,25.5614591540349,26.5010328953971,24.7103226033724
"Feature0212",22.4998969072944,26.5063245125525,26.7425717759966,27.4787738803361,27.7419152010583,21.2321466860591,26.7794206790725,27.1321370623512,16.5453915162154,25.5375742335655,20.0296049354391,19.1113023781877
"Feature0213",19.3932706817337,18.1061682207442,20.1036079064176,25.3444912797584,30.5950863415817,26.069474517288,26.5489552586293,21.1434880439311,27.5386326659886,18.3427742870415,16.2547500043169,15.9534079510891
"Feature0214",27.1447402491589,26.8033223438051,26.8106503700909,26.576803459797,26.6081134715949,27.4360586867309,26.9322718208278,27.4581836146198,27.3512994317728,25.9550221451697,26.388967761593,26.7633682124601
"Feature0215",23.5822771098755,21.8515056117401,21.7425132593594,21.2673241849004,21.5837233137882,29.3417653214285,18.3073226825626,21.7445151698914,22.1829421862073,18.6257849443888,24.1308070399382,23.1324700719237
"Feature0216",20.7255075660227,20.6026419941179,18.4433269730955,26.7443236211244,26.1571994618291,27.7061207481493,26.8916896605475,27.8944659520307,27.7551928592081,25.4972764986483,25.7187229343271,26.5474080953813
"Feature0217",27.1149565447292,26.7015153687497,26.7189650802704,24.5284865256329,23.6880439048003,25.6810486611607,23.042835276335,25.3509412224663,23.64270693733,24.54465640943,24.0373899941946,23.3845198026187
"Feature0218",28.5096568124884,22.5352987031303,25.1615895988726,24.1272730742143,20.789881293392,21.2792223478741,22.3282300816763,20.0072512744859,24.0131681485071,22.1487337018014,20.8298935777145,19.037255145619
"Feature0219",27.5755828544435,26.9799038315484,26.9854085346861,25.7978823408528,19.0139113438588,26.4345212184434,26.9658081804863,26.3000540405973,23.2458925423444,27.2311536587642,27.9391393428012,28.4322715895786
"Feature0220",20.1951831754675,21.7510587826257,20.919535272827,22.4742867883002,22.0709922772822,21.897163843808,29.2691041667058,26.1203106937329,27.7872744487507,20.1902916230889,20.1144977678772,20.4337124802549
"Feature0221",22.3623505290714,19.7736499615508,19.2886144667568,23.2620248240058,21.4874298075553,29.8321919156112,19.7910616747595,19.6360042970436,21.1074464809841,17.3319650846025,24.2278059868057,24.2544933343132
"Feature0222",19.7525538118459,21.0523203265092,21.0881091179448,20.4163993155997,21.4613224543601,20.7800839927199,20.8527450620788,22.3213388346433,18.4865713390028,27.9457892931625,25.4861066615942,25.8212809326358
"Feature0223",27.7618868954637,26.6516297215204,27.1262009042456,21.9480494119385,21.0366599602415,22.2296762101097,22.3614839498122,22.9923445543103,22.1919066593479,24.6220025230534,25.3772462926444,25.7931411124288
"Feature0224",17.9594921110854,24.2047375116849,24.3655732903671,19.2979748613409,19.4083315519975,18.4561304380642,22.5812942857553,23.3269267412063,19.249879788253,28.3007579610599,20.1364767489628,20.601086348656
"Feature0225",19.5126636747915,20.0414404198793,19.9242774347341,20.7838564288502,21.0861000909898,19.9797470720221,20.6871860746238,23.1701938592633,19.5680133627278,27.8112100081945,26.9835740837543,27.5225483934704
"Feature0226",20.691199962302,26.9100178351538,27.0745957429961,27.5216008454406,27.6564930361734,20.3076827507134,27.196957676047,27.1755349482721,23.3445348109508,26.2991587125628,20.7230925093008,19.7851457919678
"Feature0227",27.8947137453863,27.4716014506736,27.4526905459408,26.9472729660707,26.9494946500798,28.0436214944025,26.396115291326,26.2475571535402,27.7829389465995,25.8255674180178,25.6226766227555,25.1455050789816
"Feature0228",23.5890689189196,20.8021620488489,18.8586819044652,19.6537127298689,19.4548863384459,19.173859964595,19.6805145647216,19.1054958220879,18.5202795325577,18.1967531068351,26.5156229912285,26.9906054010785
"Feature0229",21.1823754063575,21.2046922604415,20.8814012954798,28.2557916250839,27.3944464139216,29.2053394194227,27.9953267601576,27.2756547609856,25.7430422262202,23.790036113472,23.8621779940751,25.470493632036
"Feature0230",28.0082475776389,22.7058616411193,22.4576518749501,19.0250745832162,20.2930374856818,24.0126497535974,18.9123742168536,22.4264389161638,23.3989995018905,23.2232619182489,29.0656390240483,29.4240414497399
"Feature0231",28.2615642990547,23.8927116116138,23.798465157784,21.3434772420689,20.7892074175642,21.299063474687,20.4843150721022,22.4049935179159,20.1713833391107,26.6215090894566,26.0232155568145,24.2759674530413
"Feature0232",21.195060609837,26.930007736123,27.1022814321039,27.5467471572381,27.6677342257247,20.8046883518888,27.2112398469151,24.2817552327534,28.3799333653499,21.797525566751,20.7983024707601,19.9256221781713
"Feature0233",20.7043875164686,20.3289956178148,20.4770886471579,25.999529619705,26.9451636074562,27.4433839803402,26.9105641208605,19.7245367613675,28.5752799256907,21.2210626807195,22.0048309783676,22.6108659402288
"Feature0234",26.9663576542521,26.4548720919493,26.5848373585132,27.071160381281,27.4975636791618,20.5723564946691,26.5885942297622,26.8232032574234,28.3746750566637,25.3753108219838,19.8365786830454,18.9363281780965
"Feature0235",27.8979233327748,27.3120541237395,27.470788893447,26.162679226643,23.5733500236162,22.4543935745755,21.8270794651088,23.3370916918886,22.6567212027073,25.3136501994763,21.9033586788874,23.9884019934624
"Feature0236",23.1432912707869,26.616271739465,26.6757686786281,28.0064762014248,28.3427205013126,24.9635776991908,28.4671187018961,28.272931151835,24.0298674057562,27.8472161769164,24.3275460511058,23.8981768109056
"Feature0237",23.369386699437,26.752113603368,26.8139113857994,27.9844626326307,28.2958241170219,25.0093557507895,28.4287869105473,28.2144687134392,28.1437199880218,27.8585081857708,24.4459320840835,23.9328992401934
"Feature0238",26.7074468164214,22.9836954677711,18.3900213288878,24.2183851405865,24.1332452993204,29.4688027626253,24.5676849050872,24.3669218195561,24.4503830961774,23.422820944273,28.8417328489654,29.2361252031419
"Feature0239",17.167381810397,17.7050007464398,17.7048827067698,30.3221122058273,30.9251720851141,30.2035496485383,28.9447196138556,20.6455950230067,26.1257194392747,17.2734470512053,14.872030695472,15.2633241111167
"Feature0240",18.6031269232475,21.5116569900988,19.2669424720326,20.0940234096519,20.4925481072418,19.1017407864413,21.0477814548638,22.1340222178963,18.8523987682014,28.5745598496809,27.077788928868,27.6403526144135
"Feature0241",28.5599477453764,28.042912542735,28.0932972399783,27.3244023381227,25.7601028484696,27.6957878787492,25.7918138986579,21.9072630506585,24.8810868923857,28.072558563867,28.6873475622912,28.8912052518404
"Feature0242",24.139668289365,27.8232451268406,28.2220869922967,21.5694182319375,21.5495133708463,22.0742165387562,21.5655993636331,22.555008394847,21.0381015791679,23.3229856130409,22.6971759134412,22.1928364943331
"Feature0243",21.3280933680727,27.8499647148899,27.8327093939259,27.9959374488568,28.3332999850405,23.2484575414592,28.0424238792377,27.5469550147065,24.9385549487925,26.9417890232443,21.5033661612131,21.6199619603419
"Feature0244",28.6340060130467,28.0871385458013,27.9157738988863,23.7806667331306,23.6164936735081,24.9686888532829,23.8242059175451,22.7719740467576,25.8759736072583,25.772718718901,26.7643500139559,26.8535085301292
"Feature0245",23.633797409198,27.4862514920104,27.6581432519499,22.9108100886039,23.0810043900557,19.7562565094131,23.3065519345785,24.5404207152327,23.3907892440835,28.418815865317,22.135312118627,21.8126918968811
"Feature0246",22.0645879558732,21.845582460488,21.9742286519837,22.2358916349986,22.1335637274432,29.9648836684793,22.2311738782555,22.5912551770056,24.529368705229,23.1416376200593,27.4335186984779,26.7498677455632
"Feature0247",27.6655282558372,27.2046287756302,27.2361404553847,27.2684117835017,27.6095863957584,23.1689805240251,27.135282879382,25.5888671428269,28.4661707915005,25.3546131827626,26.7058754620337,19.6734759652955
"Feature0248",28.5348862001381,27.8244844164883,27.956624428188,21.5441735074696,21.2540967774555,19.966377948519,20.6214923472995,20.831678733701,20.4147203833123,26.7897647457266,26.5291811852077,24.7547244028105
"Feature0249",28.6991403163605,21.4442356389595,20.7724121223482,20.989471872487,22.1217472113805,28.631762342855,20.4149301338724,21.4669537598783,21.9470940410663,22.3496965338099,29.6479431813633,30.0389353927155
"Feature0250",29.0905961018553,28.8624773445449,28.8157644501206,26.3372721088141,26.2237888235583,27.2232242109645,26.9280411575535,27.1114345632226,27.2883666579365,26.5815598829017,26.8334727845878,27.3599428572652
"Feature0251",28.7938678718855,28.2348963474625,28.2371502685836,27.3515817792594,27.2688877156277,22.6444045086735,26.3802029618655,23.5922334007332,26.927094061527,28.6205977715204,18.0693653292195,23.9180771907303
"Feature0252",22.7988052963272,22.8778438455341,22.3970979211943,29.0295188045194,29.0909770570943,29.5853926129361,28.7468183616137,28.8187135985767,28.8458362513148,27.395251614865,28.1020097980502,28.801201556271
"Feature0253",18.5848579689788,18.6195483825949,19.5649271954161,23.5352211782035,23.5845301950454,23.8834591134459,20.5893234033455,24.1047362215131,21.617241577509,21.9850120523675,29.7989685906094,30.2079062459964
"Feature0254",28.6447416525146,28.213420034671,28.1929561599223,27.8739339202009,28.1059141019174,22.8934874625808,27.903463466179,27.4529566629271,29.0266297083571,26.9187159273434,21.3724837579944,20.9123916019323
"Feature0255",24.4912165848767,24.1151636446621,23.9520891965919,28.8880998543829,29.3681015178955,29.6543328377807,28.5997420035396,29.2546410613963,29.0506406852057,23.6044843851395,24.304019817318,25.1557482984147
"Feature0256",28.9375500126954,23.2000901378683,23.4469433841869,23.4058450352312,23.6393055330554,30.346617922306,23.663117030067,23.381139018417,24.6368556128143,22.2993475875989,27.4058999682628,26.8386628368739
"Feature0257",22.5876972432945,26.5523116084823,26.6299230225867,28.3208346487917,28.4097770089429,29.1584163725594,28.4132815308646,28.3604181241145,24.8223183221346,28.9033817567947,29.162885137062,29.7361708805744
"Feature0258",28.002931682457,27.6651721644748,27.7834713255586,29.1633024066581,29.147813531089,29.3123824704404,29.1852330440457,27.9827760198402,28.9498561574264,28.8457989112003,29.2840929841277,26.1567794052398
"Feature0259",29.0101992077506,28.8867276679472,29.1348331197719,27.9422354999808,28.5293683147544,28.3265591888827,27.465753525423,26.2183617601146,28.7443166635395,28.9350890737074,28.4121405083609,29.201685849217
"Feature0260",29.4318663718022,28.8708611691814,28.6994328408396,23.4742942055778,22.4070195772399,23.8004025555583,24.1629750406252,22.3362054953716,24.1213865880244,26.6146186404384,27.4789317870316,27.6002177728432
"Feature0261",29.5456477787457,28.9864659207632,28.8113508892438,23.5178116322504,22.4832406850901,24.3448669305896,24.3710775847694,22.84102767672,24.1421711367627,26.6244100795556,27.4789940394404,27.6631632584653
"Feature0262",19.5672643421942,20.1092810844749,19.4846153846678,20.4415808880055,20.6195812260473,20.0376184838587,20.3538069099382,22.9241942271353,19.1664347020071,29.6511681716151,29.2754246538907,29.8704586982207
"Feature0263",29.4367218582121,28.5791195506569,29.0276697311366,24.2272131548028,23.1646208974717,22.944674975025,21.9923694766367,26.0976655925803,23.2269291984092,28.5206335676555,29.2715087742884,29.67587144508
"Feature0264",30.172253240005,29.918390625163,29.8466638159755,28.49817316778,29.0358928277141,29.0507472707014,28.6391099556756,28.2368186514821,28.9878280240774,27.1800583703711,27.6326780800564,28.2136904530639
"Feature0265",18.4413218485915,19.8113819195303,18.7218094481402,22.6811953639932,22.9721859006669,23.8982600306127,22.7813633981254,24.6072586116615,21.5877633269934,29.3413952218538,30.063013803302,30.4799410208882
"Feature0266",28.0884360394306,27.7679845436568,27.8960970717299,29.1645018783742,29.1381857655747,29.6106362343426,29.1565080730758,27.9279051036815,28.9301373369613,28.8477355996642,29.2389749836822,29.6856570838185
"Feature0267",27.2109540203489,26.8280893704522,26.9130544276677,28.522231402288,28.6302890908801,29.1406560658598,28.5221507093585,28.5204254351602,29.2720571364961,28.9393853267581,29.1008362259948,29.6793333223937
"Feature0268",28.4039312630651,28.1172101191718,27.8517534936494,25.2983571085219,24.0912085410864,26.3510863452628,23.7673952192145,21.3038557915105,24.0068692299504,29.1886872784603,29.6934154779696,30.23560900697
"Feature0269",29.6115638771433,23.1896277888227,21.1446274834261,23.3030009399313,23.5163707893933,29.2068380421244,21.7688402224905,22.0950553183582,27.9828324568066,24.3882156718884,30.3021600835235,30.7425358889312
"Feature0270",30.1049437130273,29.8051227232678,29.663096794162,29.5561955063429,29.1021987239423,29.7382892943023,29.0509552701206,29.6738697129558,28.3748720594914,29.3269521455869,29.6739119207079,29.6746935161051
"Feature0271",18.2408482222019,21.2585010374413,19.3155451658757,20.1435249670986,19.942752435688,20.6167628122744,20.2652119857312,23.3379507482147,19.6676565903984,29.6313247028138,29.7282510502452,30.4985017331939
"Feature0272",25.9938734449346,29.5795586128882,29.5562566215006,28.2996859984224,28.1091891873346,22.8349935491437,27.1849709375808,24.2635899442682,27.7712078368591,29.4854697716807,24.9471499725382,25.1716697687056
"Feature0273",29.7433348126427,29.4283410112971,29.4904035679149,28.6678952100896,28.8202193076568,24.8160032959641,28.3191679238542,27.4559143411054,29.714850096825,27.3651330182414,27.0283369125513,21.8540769998882
"Feature0274",19.1201056133732,20.0134546971209,19.1615944304237,20.3588705985174,20.6407047309423,20.4416336544104,20.1119400215187,24.0741557058785,19.2501526788407,30.4244115925379,30.4873112427577,31.205605122935
"Feature0275",31.1624817318433,31.046284392771,31.0483163865622,29.4653876554543,28.3189157998551,29.1943953951458,29.9179672540194,31.444876438904,29.6293571500931,29.8789859056686,30.2571517148207,30.7477984883665
"Feature0276",23.758136929739,23.4246100651121,23.131173822627,26.4226039877386,27.9697344785552,27.6075416896499,27.6576262745019,28.4802771068173,28.8965559149014,29.8832421693728,30.166053304674,30.7629136838472
"Feature0277",20.2485034141936,21.4407884582895,20.8911996533199,21.4060184161231,21.4900633363705,21.8764439992733,31.9107386700103,24.1605984902374,28.8695739009006,20.8852821916218,20.9787492271693,21.1113426981032
"Feature0278",18.9816906556455,21.9714031543232,18.8893320767592,20.1042909367144,18.8115421861908,21.4922099861222,21.3789856555179,22.5409300941322,19.3411812323436,30.7801725606645,31.2105035282014,31.8562341276307
"Feature0279",20.9050681773806,21.3049450366633,21.0357397085535,22.1969012831958,21.688434274217,22.0445571994156,27.4964374542349,24.4150025653062,31.4813993432916,20.3393808153077,21.1640309421981,21.3228355377897
