FeatureID,Name,Formula,MW,Area: 2,Area: 10,Area: 14,Area: 19,Area: 23,Area: 40,Area: 41,Area: 46,Area: 47,Area: 57,Area: 59,Area: 60,Area: B,name4plot,C,H,N,O,S,P,Cl,H_to_C,O_to_C,NOSC,GFE,DBE,DBE_O,AI,AI_mod,DBE_AI,Class,control_means,treatment_means,ratio,log2FC,pval,pval.adj,Comment
Feature0154,"1-(3,4-dimethoxyphenyl)ethan-1-one oxime",C10 H13 N O3,195.08956,2257925.798,2325583.605,110975740,1415762.65,820725.073,2896258.067,2154249.787,1357274.709,3692159567,2269695.912,2151323.734,1634907.96,487806.7065,"1-(3,4-dimethoxyphenyl)ethan-1-one oxime-peak2",10,13,1,3,0,0,0,1.3,0.3,-0.4000000000000003,71.7,5,2,0.16666666666666666,0.3333333333333333,1,Phenol,1950475.61067924,5860674.086842807,3.0047410256013745,1.587240652440258,0.011024541194567639,0.08064563599591426,Upregulated
Feature0153,"4-methoxy-6-(prop-2-en-1-yl)-2H-1,3-benzodioxole",C11 H12 O3,192.07866,817106.9296,751110.9385,2206629.964,2921797054,259358.3891,7378643.782,872850.1032,286793.2395,909997.4955,2675385293,1738263.012,2874776777,465876.0683,"4-methoxy-6-(prop-2-en-1-yl)-2H-1,3-benzodioxole-peak6",11,12,0,3,0,0,0,1.0909090909090908,0.2727272727272727,-0.5454545454545459,75.84545454545456,6,3,0.375,0.47368421052631576,3,Phenol,1881531.4395600655,2791313.1074593426,1.483532535662545,0.5690365672120371,0.6262149155845262,0.651602006756872,Upregulated
Feature0152,"1-(3,4-dimethoxyphenyl)ethan-1-one oxime",C10 H13 N O3,195.08956,1380037.349,1273825.138,2638831468,2444881.928,715653.4896,3381999.28,2067009.134,1232666.528,351439254.5,2118231.585,2005258.7,1519800.113,408542.5427,"1-(3,4-dimethoxyphenyl)ethan-1-one oxime-peak1",10,13,1,3,0,0,0,1.3,0.3,-0.4000000000000003,71.7,5,2,0.16666666666666666,0.3333333333333333,1,Phenol,1611733.3536143666,4624999.975253063,2.869581351581106,1.5208402748613514,0.05327976183895078,0.15779006390766193,Upregulated
Feature0151,Choline O-Sulfate,C5 H13 N O4 S,183.05656,18455380.89,173889126.6,358388843.4,2281488183,27346608.57,18362239.37,17267620.54,388426123.5,1013034308,1617001965,273773566.5,1510370737,75654.80713,Choline O-Sulfate,5,13,1,4,1,0,0,2.6,0.8,0,60.3,0,-4,6,-4,-6,Other,14912750.29053416,885336962.593857,59.3677856428551,5.891608397961109,0.07554464213964429,0.19470639408773596,Upregulated
Feature0150,Betaine,C5 H11 N O2,117.07895,1932171556,1399168738,2002960831,2195957216,372689542.6,1922636748,2159050538,506181853.5,1849146123,2252386478,1274603634,1898401604,277672.4408,Betaine,5,11,1,2,0,0,0,2.2,0.4,-0.7999999999999998,83.1,1,-1,-1,-0.3333333333333333,-2,Protein,1619455001.8463867,3147689557.10314,1.943672132609038,0.9587848791537131,0.1659423837554225,0.29050792942094505,Upregulated
Feature0149,NA,C30 H32 O10,552.19967,805509.1262,768277.4123,799783.1297,2091823089,799178.472,1446382.912,806836.4141,853498.0929,833131.6292,1831880232,870619.2174,2085742045,1545078.781,Feature0149,30,32,0,10,0,0,0,1.0666666666666669,0.3333333333333333,-0.4000000000000003,71.7,15,5,0.25,0.4,5,Phenol,777890.2743182303,2567894.1440157667,3.301100719206648,1.7229471570043184,0.006946628771872482,0.06686130192927264,Upregulated
Feature0148,L-Phenylalanine,C9 H11 N O2,165.07901,1112107575,819605334.9,579010543.8,396138389,14621775.88,1096953852,1312459322,699857469.8,1801302787,189118774.2,41563789.98,3237259.529,342698.6654,L-Phenylalanine-peak2,9,11,1,2,0,0,0,1.2222222222222223,0.2222222222222222,-0.44444444444444464,72.96666666666667,5,3,0.3333333333333333,0.42857142857142855,2,Phenol,941892443.5186783,1583856703.8846529,1.68156854297265,0.7498075862337065,0.4842549828966623,0.5326804811863286,Upregulated
Feature0147,"4-methoxy-6-(prop-2-en-1-yl)-2H-1,3-benzodioxole",C11 H12 O3,192.07866,351486.3383,532220.9311,719590.199,1196298798,515743.5294,2351960.839,620492.3733,391500.384,967328.4151,1381709804,952632.6253,1661935952,664340.0482,"4-methoxy-6-(prop-2-en-1-yl)-2H-1,3-benzodioxole-peak5",11,12,0,3,0,0,0,1.0909090909090908,0.2727272727272727,-0.5454545454545459,75.84545454545456,6,3,0.375,0.47368421052631576,3,Phenol,699255.6092917457,1907998.42153119,2.7286136802874448,1.4481681509381397,0.13012590819993675,0.2644810875128508,Upregulated
Feature0146,L-alpha-Glycerylphosphorylcholine,C8 H20 N O6 P,257.10283,1049806155,1488491986,1053173317,1513789617,81659195.34,958507404.1,980587971.8,861982582,755759749.2,1382905160,1632046153,836587745,29374.38688,L-alpha-Glycerylphosphorylcholine,8,20,1,6,0,1,0,2.5,0.75,-1.25,95.925,0,-6,-Inf,-1.6666666666666667,-8,Carbohydrate,832253186.8251357,4005740178.1418967,4.813126872391948,2.266974452755986,0.016932166074757983,0.08691845251709099,Upregulated
Feature0145,1-[(3-Carboxypropyl)amino]-1-deoxy-beta-D-fructofuranose,C10 H19 N O7,265.11614,502369597.5,79698117.86,23169906.2,1441632291,161067.2984,555393728.8,536760591.2,26406342.01,33511708.23,1095664071,100516511.3,989159664.9,124542.1197,1-[(3-Carboxypropyl)amino]-1-deoxy-beta-D-fructofuranose-peak2,10,19,1,7,0,0,0,1.9,0.7,-0.20000000000000015,66,2,-5,-3,-0.4545454545454546,-6,Amino Sugar,427163460.5604643,205209371.03319308,0.4804001043627326,-1.0576916304308668,0.25509375760502934,0.36374480251087515,Downregulated
Feature0144,Adenosine,C10 H13 N5 O4,267.09675,171942307.1,743269264,695452045,1175248996,35713865.92,155975869.1,188386905.4,615946527.3,1357108263,845601876.1,926640603.2,778300465.2,296606.4708,Adenosine-peak2,10,13,5,4,0,0,0,1.3,0.4,1,31.799999999999997,7,3,-2,0,-2,Phenol,140723226.35103446,2329118270.127887,16.551057920729413,4.048851529938636,0.012338203997183144,0.08261232241592192,Upregulated
Feature0143,DL-Carbidopa,C10 H14 N2 O4,226.09535,297245783.7,1160396533,1102901533,1099965706,25368980.01,274591234.6,338821654.6,881341428.1,1085665192,959430045.6,1352782325,803965985.4,325032.8326,DL-Carbidopa-peak2,10,14,2,4,0,0,0,1.4,0.4,0,60.3,5,1,-0.25,0.16666666666666666,-1,Phenol,246358633.10939568,3447054376.9472733,13.992017789027946,3.8065321234595433,0.009584617953021408,0.07768585077712088,Upregulated
Feature0142,Choline,C5 H13 N O,103.09967,1258592902,730362497,770699118.2,346675206.1,31557910.65,1228856029,1327208320,822407853.3,1130348199,315737652.6,917177209.4,289742797.9,120683.6109,Choline,5,13,1,1,0,0,0,2.6,0.2,-1.5999999999999996,105.89999999999998,0,-1,-0.6666666666666666,-0.42857142857142855,-2,Other,1037476793.7035884,2545975099.14846,2.4540067928264966,1.2951392424659918,0.03547411007743281,0.12793357424187018,Upregulated
Feature0141,"4-methoxy-6-(prop-2-en-1-yl)-2H-1,3-benzodioxole",C11 H12 O3,192.07866,801393.4383,593936.1114,693410.2379,1261449757,398035.4559,918919.0132,610581.8145,555218.437,624575.9897,1159624125,619974.5323,1247678745,372753.6115,"4-methoxy-6-(prop-2-en-1-yl)-2H-1,3-benzodioxole-peak4",11,12,0,3,0,0,0,1.0909090909090908,0.2727272727272727,-0.5454545454545459,75.84545454545456,6,3,0.375,0.47368421052631576,3,Phenol,646795.298010357,1809924.23088186,2.7982952820613707,1.4845482067801845,0.028510216170216995,0.11554140237403729,Upregulated
Feature0140,methoxyresorcinol,C7 H8 O3,140.04735,467172.6015,7243034.17,7918120.141,1221573846,946286.5605,2398042.766,1101712.527,7138189.226,4362509.205,992563721,9401036.072,902814352.8,1305817.569,methoxyresorcinol-peak2,7,8,0,3,0,0,0,1.1428571428571428,0.42857142857142855,-0.2857142857142856,68.44285714285714,4,1,0.25,0.4545454545454546,1,Phenol,841821.7641673754,24388782.097836133,28.971432120145362,4.856559096774403,0.012981752382970035,0.08327092446295123,Upregulated
Feature0139,"bis-beta-D-fructofuranose 1,2':2,3'-dianhydride",C12 H20 O10,324.1057,1194768561,21189835.21,28284200.5,233204001.3,309227.095,1166139855,1201971210,7082328.398,35149096.47,196789414.2,18076606.81,161961985.2,134888.5386,"bis-beta-D-fructofuranose 1,2':2,3'-dianhydride-peak2",12,20,0,10,0,0,0,1.6666666666666667,0.8333333333333334,0,60.3,3,-7,-3.5,-0.2857142857142857,-7,Carbohydrate,975202896.9461673,45735475.23847857,0.046898420197169735,-4.41431686430691,0.1208093317464929,0.2615364378002078,Downregulated
Feature0138,Adenosine,C10 H13 N5 O4,267.09676,7961141.119,647420268.7,613175222.5,1152326006,26530358.61,153407001.2,186051840.4,525758452.4,60441321.41,821615467.7,829545130.1,755940589.5,226883.2077,Adenosine-peak1,10,13,5,4,0,0,0,1.3,0.4,1,31.799999999999997,7,3,-2,0,-2,Phenol,62660241.0385547,2039396656.4464567,32.54690091587137,5.024448272804828,0.016277877901793712,0.08644114471987006,Upregulated
Feature0137,L-Glutamic acid,C5 H9 N O4,147.05318,691095638,409774695.7,257300014,1127590072,5625391.279,580973501.7,729330770.9,496292252.3,904957484.4,282799981.8,930922252.7,429651963,237188.9148,L-Glutamic acid,5,9,1,4,0,0,0,1.8,0.8,0.3999999999999999,48.9,2,-2,-Inf,-0.5,-3,Carbohydrate,552582478.6711977,1896908309.7070634,3.43280574923147,1.779388222413334,0.10759764924524241,0.24731399975772136,Upregulated
Feature0136,L-Iditol,C6 H14 O6,182.07906,32727186.22,961964058.2,669024339.9,29897049.35,40389839.45,33396702.23,34603911.74,1029209088,1113135697,26514089.47,1025941581,29558284.01,163733.2807,L-Iditol,6,14,0,6,0,0,0,2.3333333333333335,1,-0.33333333333333304,69.79999999999998,0,-6,-Inf,-1,-6,Carbohydrate,27257246.06089857,3103756215.5391,113.86903169177984,6.831231628659825,0.008352922399718457,0.07146389164203569,Upregulated
Feature0135,DL-Carbidopa,C10 H14 N2 O4,226.09535,292953637.2,1103562608,1049543444,1049746355,24661990.95,273337567.2,342781123.4,845775223.3,1036922106,918893740.2,969406341.2,66918176.08,164948.3633,DL-Carbidopa-peak1,10,14,2,4,0,0,0,1.4,0.4,0,60.3,5,1,-0.25,0.16666666666666666,-1,Phenol,244763415.873941,2960799044.7614264,12.096575111888079,3.596526731766736,5.935896727929875e-4,0.055581944815959766,Upregulated
Feature0134,Isoleucine,C6 H13 N O2,131.0946,598472223,474245844.2,405734711,299405508.1,11336133.44,602726902.4,690581257.1,425204660.4,1083152870,3407404.451,9023292.215,1538905.937,238120.8703,Isoleucine-peak6,6,13,1,2,0,0,0,2.1666666666666665,0.3333333333333333,-1,88.8,1,-1,-0.6666666666666666,-0.25,-2,Protein,506546490.625657,924361516.7611003,1.8248305611976152,0.8677625133798735,0.46031390062369015,0.5174331437667757,Upregulated
Feature0133,DL-Carnitine,C7 H15 N O3,161.10522,9637438.535,1060131791,756974997.9,407891999.1,32653077.9,12893917.96,10665770.03,846557165.4,975636374.6,382768014.7,1057461702,383521723.6,155044.3168,DL-Carnitine,7,15,1,3,0,0,0,2.142857142857143,0.42857142857142855,-0.8571428571428568,84.72857142857141,1,-2,-1,-0.3333333333333333,-3,Protein,8666103.384951577,3013389520.56109,347.7213906533528,8.441788009328866,0.0017779550187266323,0.055581944815959766,Upregulated
Feature0132,L-Phenylalanine,C9 H11 N O2,165.07901,1024324977,14689081.7,14706793.74,10084112.35,495592.7184,25333346.9,35815190.29,12607341.95,38968203.19,188305872.5,1057793180,86812314.77,61679.73469,L-Phenylalanine-peak1,9,11,1,2,0,0,0,1.2222222222222223,0.2222222222222222,-0.44444444444444464,72.96666666666667,5,3,0.3333333333333333,0.42857142857142855,2,Phenol,492844270.5950502,1115750199.4305055,2.2639001120645497,1.1788103048976049,0.6357867709455638,0.6571218974873613,Upregulated
Feature0131,methoxyresorcinol,C7 H8 O3,140.04733,443566.3653,7149367.179,946833.7579,5470175.518,720730.843,487064.383,1039333.518,6943650.926,4226971.12,992563721,9058681.838,902814352.8,1174860.685,methoxyresorcinol-peak1,7,8,0,3,0,0,0,1.1428571428571428,0.42857142857142855,-0.2857142857142856,68.44285714285714,4,1,0.25,0.4545454545454546,1,Phenol,470141.70114491205,23728373.7398541,50.47068507658352,5.657373764441907,0.011520805142273466,0.08064563599591426,Upregulated
Feature0130,[Similar to: Butyryl trihexyl citrate; ΔMass: -305.2970 Da],C6 H11 N O7,209.05352,49274097.73,314124152.6,132865269.8,972581721.9,749333.6831,730045800.2,849257203.1,215515881.7,232727398.6,15268417.02,6469997.607,12226703.68,54741.69576,[Similar to: Butyryl trihexyl citrate; ΔMass: -305.2970 Da],6,11,1,7,0,0,0,1.8333333333333333,1.1666666666666667,1,31.799999999999997,2,-5,3,-1.6666666666666667,-6,Carbohydrate,297572125.5629596,536499353.76490587,1.802922073933953,0.8503370418181762,0.4668369938405549,0.5209630221119236,Upregulated
Feature0129,Proline,C5 H9 N O2,115.06328,740088477.4,163866357.2,216613461.5,231194434.7,10666785.78,789911298.8,880947057.5,115747221.8,332545681,161004273.7,210962261.1,143259130.8,694260.1783,Proline,5,9,1,2,0,0,0,1.8,0.4,-0.4000000000000003,71.7,2,0,-0.5,0,-1,Protein,639038989.7905517,497227554.5016853,0.7780864116986888,-0.361997709847572,0.5679092462534454,0.6073473883543791,Downregulated
Feature0128,[Similar to: Butyryl trihexyl citrate; ΔMass: -305.2971 Da],C6 H11 N O7,209.05352,749589617,11854339.32,2811829.681,12166944.09,122960.6145,15543524.02,4447270.998,10758494.19,232727398.6,866289828,304101284,783591342,55290.92011,[Similar to: Butyryl trihexyl citrate; ΔMass: -305.2971 Da],6,11,1,7,0,0,0,1.8333333333333333,1.1666666666666667,1,31.799999999999997,2,-5,3,-1.6666666666666667,-6,Carbohydrate,356506920.17875135,335824912.33095896,0.941987078855517,-0.08622082422012961,0.966535610657888,0.966535610657888,Downregulated
Feature0127,Isoleucine,C6 H13 N O2,131.09459,7600391.705,5940583.052,5830159.615,18466774.96,258789.9963,10360246.38,2341905.89,4341702.137,36302479.41,179022694.6,703674377.3,74745432.45,268791.4194,Isoleucine-peak5,6,13,1,2,0,0,0,2.1666666666666665,0.3333333333333333,-1,88.8,1,-1,-0.6666666666666666,-0.25,-2,Protein,5864864.47887603,734133063.8555064,125.17477027810182,6.967799997551516,0.41752893483668635,0.4980061114130277,Upregulated
Feature0126,[Similar to: AB-CHMINACA metabolite M7; ΔMass: 39.9895 Da],C16 H29 N O12,427.16895,610798677.3,3327969.6,1506661.206,207164729.6,27301.39302,594673898.4,692208180.5,1177663.394,1205314.139,86905356.03,553699.742,18786421.05,48777.22764,[Similar to: AB-CHMINACA metabolite M7; ΔMass: 39.9895 Da],16,29,1,12,0,0,0,1.8125,0.75,-0.125,63.8625,3,-9,-3.3333333333333335,-0.4444444444444444,-10,Carbohydrate,511143388.580457,4907658.9657564135,0.009601335115349769,-6.702549250665131,0.10244205807678168,0.2427088760588366,Downregulated
Feature0125,Isoleucine,C6 H13 N O2,131.0946,4546665.498,474245844.2,405734711,299405508.1,11331703.31,602726902.4,690581257.1,425204660.4,55822609.66,3455552.991,9184624.663,2486249.184,238769.0126,Isoleucine-peak4,6,13,1,2,0,0,0,2.1666666666666665,0.3333333333333333,-1,88.8,1,-1,-0.6666666666666666,-0.25,-2,Protein,226914282.66289997,924527464.838429,4.074346726829405,2.0265687588487986,0.259473840302596,0.36659606795045674,Upregulated
Feature0124,9-O-acetylneuraminic acid,C11 H19 N O9,309.10604,666205960.7,19140262.85,16826752.25,107095154.1,332320.0925,652214042.3,673397169.7,12908791.92,74731583.16,94936641.07,6111356.069,76188487.63,110202.1724,9-O-acetylneuraminic acid,11,19,1,9,0,0,0,1.7272727272727273,0.8181818181818182,0.18181818181818168,55.11818181818182,3,-6,-7,-0.4545454545454546,-7,Carbohydrate,544662463.513335,38313464.14865757,0.07034350026898731,-3.8294390650038705,0.12483802123330726,0.2615364378002078,Downregulated
Feature0123,"4-(4-hydroxy-2-methoxy-3,5,6-trimethylbenzoyloxy)-2-methoxy-3,5,6-trimethylbenzoic acid",C22 H26 O7,402.1679,256300.8884,262116.3609,580133.8115,633309591.3,267224.4716,1186209.35,262879.3887,290674.2275,292591.6259,562782673.9,255802.4188,620469719.7,480005.627,"4-(4-hydroxy-2-methoxy-3,5,6-trimethylbenzoyloxy)-2-methoxy-3,5,6-trimethylbenzoic acid-peak4",22,26,0,7,0,0,0,1.181818181818182,0.3181818181818182,-0.5454545454545459,75.84545454545456,10,3,0.2,0.35135135135135137,3,Phenol,381590.46910901467,833092.5004718077,2.1832109759371523,1.1264515527891352,0.07585963406015686,0.19470639408773596,Upregulated
Feature0122,"3',4'-Dimethoxyacetophenone",C10 H12 O3,180.07864,113926.1039,389306311.7,179447171,263123.0167,91138.97569,111289.2072,117131.0571,486749658.7,54040767.84,92938.88614,625563644.6,89458.14014,261838.6732,"3',4'-Dimethoxyacetophenone",10,12,0,3,0,0,0,1.2,0.3,-0.5999999999999996,77.39999999999999,5,2,0.2857142857142857,0.4117647058823529,2,Phenol,93423.46381647034,1553479970.5381765,16628.37050861201,14.021359178702191,0.027616020307672906,0.11494235479409805,Upregulated
Feature0121,"Methyl (5-acetamido-2,2-dimethyl-4,6-dioxo-1,3-dioxan-5-yl)acetate",C11 H15 N O7,273.08487,222728320,29633534.88,32027568.76,23471317.5,1015274.143,22293645.1,1172448.313,19717069.51,34901588.98,545589546.9,619038530.8,487483308.6,400058.7494,"Methyl (5-acetamido-2,2-dimethyl-4,6-dioxo-1,3-dioxan-5-yl)acetate-peak3",11,15,1,7,0,0,0,1.3636363636363635,0.6363636363636364,0.18181818181818168,55.11818181818182,5,-2,-1,0.07692307692307693,-3,Phenol,109145019.37627509,686024500.3191875,6.285440272396974,2.652013803763881,0.44626230914174336,0.5126402522855371,Upregulated
Feature0120,"Methyl (5-acetamido-2,2-dimethyl-4,6-dioxo-1,3-dioxan-5-yl)acetate",C11 H15 N O7,273.08489,14890325.63,513657587.3,588948954.2,572112901.2,19593981.8,216596498.1,262780104.8,488385015.8,591610130.9,28389972.49,39301736.46,12502089.36,418450.4043,"Methyl (5-acetamido-2,2-dimethyl-4,6-dioxo-1,3-dioxan-5-yl)acetate-peak2",11,15,1,7,0,0,0,1.3636363636363635,0.6363636363636364,0.18181818181818168,55.11818181818182,5,-2,-1,0.07692307692307693,-3,Phenol,90204173.52661517,1063670450.928561,11.791809728346106,3.559713245414481,0.1789114993432266,0.3006680062989089,Upregulated
Feature0119,"Methyl (5-acetamido-2,2-dimethyl-4,6-dioxo-1,3-dioxan-5-yl)acetate",C11 H15 N O7,273.08486,13710040.44,513657587.3,588948954.2,572112901.2,19593981.8,216173261,258274522,488385015.8,33214731.24,25869637.49,35740653.52,12080517.7,347185.7544,"Methyl (5-acetamido-2,2-dimethyl-4,6-dioxo-1,3-dioxan-5-yl)acetate-peak1",11,15,1,7,0,0,0,1.3636363636363635,0.6363636363636364,0.18181818181818168,55.11818181818182,5,-2,-1,0.07692307692307693,-3,Phenol,88825124.54244654,1060007487.436548,11.93364482061611,3.5769628388032233,0.18157223757012028,0.3006680062989089,Upregulated
Feature0118,L-Pyroglutamic acid,C5 H7 N O3,129.04256,17627856.28,8643122.035,11041245.91,570516382.3,867326.5621,417944873.4,506071437.2,7562294.449,15058261.68,2668205.335,421227.5335,912739.2921,123300.8252,L-Pyroglutamic acid-peak3,5,7,1,3,0,0,0,1.4,0.6,0.3999999999999999,48.9,3,0,-1,0.2,-1,Phenol,168666080.4696345,16894836.54501503,0.10016736321833637,-3.3195155723112033,0.16868930495942072,0.2918893591432673,Downregulated
Feature0117,Isoleucine,C6 H13 N O2,131.0946,262487841.5,224127603.6,134631419.2,96861444.75,5921265.184,256959057.3,325628227.3,209857723.4,555798124.3,1059227.258,17837733.41,385915.1446,52955.58614,Isoleucine-peak3,6,13,1,2,0,0,0,2.1666666666666665,0.3333333333333333,-1,88.8,1,-1,-0.6666666666666666,-0.25,-2,Protein,224578482.319402,461086836.12231225,2.053121168868446,1.0378187733632955,0.37294112837534354,0.48671977771019415,Upregulated
Feature0116,DL-Stachydrine,C7 H13 N O2,143.09464,2953497.736,65203253.84,132332103.5,4632637.237,34524.04724,3510198.058,4009808.443,105374261.1,549446801.7,3969688.1,103333771.8,4131250.19,65861.81652,DL-Stachydrine,7,13,1,2,0,0,0,1.8571428571428572,0.2857142857142857,-0.8571428571428568,84.72857142857141,2,0,-0.25,0,-1,Lipid,2697624.042453847,286216358.43544334,106.09942450508841,6.729273020712542,0.038213924773545634,0.12793357424187018,Upregulated
Feature0115,L-Tyrosine,C9 H11 N O3,181.07392,4686035.809,270127508.6,189117348.4,7376551.601,843561.0655,348656323.8,445441513.2,214830217.5,547800984.8,2099826.276,1498551.186,778008.9444,64421.49027,L-Tyrosine-peak4,9,11,1,3,0,0,0,1.2222222222222223,0.3333333333333333,-0.22222222222222232,66.63333333333333,5,2,0.2,0.38461538461538464,1,Phenol,139838095.9388933,491202120.73834085,3.5126488060377143,1.812559343393444,0.28314488874347793,0.3865653839390284,Upregulated
Feature0114,N-Methyl-Nâ€²-piperazinoacetohydrazide,C7 H16 N4 O,172.13244,5107038.521,84566.9988,88463.79228,332720.1237,38002.35392,337373.6463,90807.28879,79123.59428,99532.74814,504586564.4,141887.4136,478639900.5,59917.69005,N-Methyl-Nâ€²-piperazinoacetohydrazide-peak2,7,16,4,1,0,0,0,2.2857142857142856,0.14285714285714285,-0.2857142857142856,68.44285714285714,2,1,-1.5,-1,-3,Lipid,2481361.29848548,312931.06622996234,0.12611265696009788,-2.9872150197190845,0.45624160865547597,0.5166265274481124,Downregulated
Feature0113,L-Saccharopine,C11 H20 N2 O6,276.13216,4383513.321,494493253.2,345580759.7,30916747.54,7583381.706,6083871.571,5628225.592,186557719.2,85987851.28,16339689.96,498999067,33622318.64,29786.64852,L-Saccharopine,11,20,2,6,0,0,0,1.818181818181818,0.5454545454545454,-0.18181818181818168,65.48181818181817,3,-3,-1.6666666666666667,-0.3333333333333333,-5,Protein,4110487.4998082733,1171211574.0176096,284.93252298474056,8.154476494029913,0.049512254346266736,0.1524070156703389,Upregulated
Feature0112,L-Pyroglutamic acid,C5 H7 N O3,129.04256,429289316.4,477854.7963,472737.8871,15775238.17,197865.433,16117154.66,12707085.68,1011113.273,15135196.38,482100692.2,9525773.122,424603236.7,98797.05007,L-Pyroglutamic acid-peak2,5,7,1,3,0,0,0,1.4,0.6,0.3999999999999999,48.9,3,0,-1,0.2,-1,Phenol,207175358.75593087,11392439.92364737,0.054989357769466084,-4.184703752570514,0.430096187129433,0.4980061114130277,Downregulated
Feature0111,"1-{[(3S,4S,5R)-2,3,4-Trihydroxy-5-(hydroxymethyl)tetrahydro-2-furanyl]methyl}-2-pyrrolidinecarboxylic acid (non-preferred name)",C11 H19 N O7,277.11616,379637191.9,229375470.7,61303559.44,474679144.6,152704.0001,343323281.8,407363289.6,59771436.63,38402785.31,411665059.4,194426787,276990336.6,111352.9936,"1-{[(3S,4S,5R)-2,3,4-Trihydroxy-5-(hydroxymethyl)tetrahydro-2-furanyl]methyl}-2-pyrrolidinecarboxylic acid (non-preferred name)",11,19,1,7,0,0,0,1.7272727272727273,0.6363636363636364,-0.18181818181818168,65.48181818181817,3,-4,-1.6666666666666667,-0.2307692307692308,-5,Amino Sugar,309092466.97132367,474306557.5053653,1.5345134812016286,0.6177813204067442,0.4012406624809965,0.4980061114130277,Upregulated
Feature0110,Valine,C5 H11 N O2,117.07893,342528852,250672733.5,145530791.4,138910573,5193858.657,334655086.3,382825729.4,192643993.6,463680664.6,63863453.34,342355863.7,29566812.7,375918.1143,Valine,5,11,1,2,0,0,0,2.2,0.4,-0.7999999999999998,83.1,1,-1,-1,-0.3333333333333333,-2,Protein,285970890.8781623,798801053.2653953,2.793294977724582,1.481967933241735,0.037490109353587486,0.12793357424187018,Upregulated
Feature0109,L-Tyrosine,C9 H11 N O3,181.07392,3393826.723,270127508.6,189117348.4,169164808.8,6397630.132,348656323.8,445441513.2,214830217.5,16665946.88,2002865.977,1060134.72,706004.5169,58908.07059,L-Tyrosine-peak3,9,11,1,3,0,0,0,1.2222222222222223,0.3333333333333333,-0.22222222222222232,66.63333333333333,5,2,0.2,0.38461538461538464,1,Phenol,139229697.67196655,490751161.4272793,3.5247592261782987,1.8175247113944548,0.283648625877339,0.3865653839390284,Upregulated
Feature0108,N-Methyl-Nâ€²-piperazinoacetohydrazide,C7 H16 N4 O,172.13243,127396.3128,100662.9339,1046830.038,434715633.7,664636.1074,5048699.512,5860518.819,101269.5863,263142.7933,5503340.413,121747.7297,5452261.3,65420.26728,N-Methyl-Nâ€²-piperazinoacetohydrazide-peak1,7,16,4,1,0,0,0,2.2857142857142856,0.14285714285714285,-0.2857142857142856,68.44285714285714,2,1,-1.5,-1,-3,Lipid,1955346.6047128832,332171.54664923367,0.16987860149633607,-2.5574239578412667,0.20913039875192024,0.3247160826961354,Downregulated
Feature0107,Tetrolic Acid,C4 H4 O2,84.02114,403014788.5,5326748.551,10368700.28,53478070.83,429763.7832,278883550.8,427389489.4,1920718.184,8075780.08,38866487.16,3232904.952,43163181.19,210608.0058,Tetrolic Acid-peak3,4,4,0,2,0,0,0,1,0.5,0,60.3,3,1,0.5,0.6666666666666666,1,Phenol,311603510.496162,10310225.621804487,0.03308764270783617,-4.917563677660593,0.14621752307510943,0.2779938093032945,Downregulated
Feature0106,"4-methoxy-6-(prop-2-en-1-yl)-2H-1,3-benzodioxole",C11 H12 O3,192.07866,607564.3405,356212.2805,560964.8759,414909789.1,297713.2706,955029.4691,1028836.813,613179.8165,243820.7053,169041904.8,852920.9276,158288026.1,818263.9764,"4-methoxy-6-(prop-2-en-1-yl)-2H-1,3-benzodioxole-peak3",11,12,0,3,0,0,0,1.0909090909090908,0.2727272727272727,-0.5454545454545459,75.84545454545456,6,3,0.375,0.47368421052631576,3,Phenol,631385.6172192143,1903544.372972837,3.014868126639531,1.5920948985750971,0.1177053215844203,0.2589517074857247,Upregulated
Feature0105,L-Tyrosine,C9 H11 N O3,181.0739,3392411.279,2210141.589,220876.3186,419308.6713,52525.52512,328822.2631,244591.6369,935100.8139,1346581.537,84394827.64,396991002.6,64664924.04,97084.17986,L-Tyrosine-peak2,9,11,1,3,0,0,0,1.2222222222222223,0.3333333333333333,-0.22222222222222232,66.63333333333333,5,2,0.2,0.38461538461538464,1,Phenol,1697967.5220655866,411406164.0016597,242.29330576428333,7.920610735405565,0.41992766061628567,0.4980061114130277,Upregulated
Feature0104,[Similar to: D-(+)-Glucose; ΔMass: 73.0528 Da],C9 H19 N O7,253.1162,304254795.5,111147329.6,205187050.7,373238496.3,4953566.982,284039762.4,331571967.5,741801.3449,18925366.28,312434966.1,95857137.15,279326087.7,77885.72952,[Similar to: D-(+)-Glucose; ΔMass: 73.0528 Da],9,19,1,7,0,0,0,2.111111111111111,0.7777777777777778,-0.22222222222222232,66.63333333333333,1,-6,-7,-0.7777777777777778,-7,Carbohydrate,250190338.574688,198971638.72008243,0.7952810642233672,-0.33046327436499584,0.7200705045874396,0.7295451164899058,Downregulated
Feature0103,L-Tyrosine,C9 H11 N O3,181.0739,373109698.7,7182370.657,2556935.041,7122795.359,53587.55048,4528615.244,28851858.38,581397.373,16950425.3,3638644.715,1439543.242,751957.5898,64421.49027,L-Tyrosine-peak1,9,11,1,3,0,0,0,1.2222222222222223,0.3333333333333333,-0.22222222222222232,66.63333333333333,5,2,0.2,0.38461538461538464,1,Phenol,181273255.94793764,8582131.900924092,0.04734361864934402,-4.400686208925201,0.42312435699333467,0.4980061114130277,Downregulated
Feature0102,"1,2-di-O-methyl-4-[(2R)-2,4-dihydrobutyramido]-4,6-dideoxy-alpha-D-mannopyranoside",C12 H23 N O7,293.14751,318314180.5,60570086.87,1258101.18,52327830.63,343059.9095,287350763.3,363905423.4,12115338.49,5763457.343,2437493.093,1079132.764,12201264.95,135492.2372,"1,2-di-O-methyl-4-[(2R)-2,4-dihydrobutyramido]-4,6-dideoxy-alpha-D-mannopyranoside",12,23,1,7,0,0,0,1.9166666666666667,0.5833333333333334,-0.5,74.55,2,-5,-1.5,-0.3333333333333333,-6,Amino Sugar,262768540.4444993,69316491.24527887,0.2637929606338075,-1.9225220283805375,0.1638355971090657,0.29050792942094505,Downregulated
Feature0101,muramic acid,C9 H17 N O7,251.10052,301796944.1,36492128.48,11083014.8,52269906.02,1974415.595,310005161.4,362707712.6,14306472.85,20536858.8,19749673.59,44039382.33,8473232.374,97079.37707,muramic acid,9,17,1,7,0,0,0,1.8888888888888888,0.7777777777777778,0,60.3,2,-5,-6,-0.5555555555555556,-6,Carbohydrate,258945698.46442932,94474872.18594937,0.36484433897220014,-1.4546470262174633,0.18100482435443754,0.3006680062989089,Downregulated
Feature0100,DL-Tryptophan,C11 H12 N2 O2,204.08986,8636328.769,150207321.2,116377244.5,100549822.8,3452009.793,161951332.7,191243350.6,143978301.8,356599838.3,4243932.017,8263184.449,64066.97188,78727.40201,DL-Tryptophan,11,12,2,2,0,0,0,1.0909090909090908,0.18181818181818185,-0.18181818181818168,65.48181818181817,7,5,0.42857142857142855,0.5,3,Phenol,65403435.78275247,309063399.26763994,4.72549179670379,2.240464482930282,0.23095711102103705,0.3453145155071816,Upregulated
Feature0099,Isoleucine,C6 H13 N O2,131.09459,9803000.939,752049.8923,116338.5442,662905.1376,191097.0652,2008247.307,1959503.594,769127.8648,3638124.385,54093117.19,348535203.8,19826332.07,193603.7946,Isoleucine-peak2,6,13,1,2,0,0,0,2.1666666666666665,0.3333333333333333,-1,88.8,1,-1,-0.6666666666666666,-0.25,-2,Protein,5307862.216851344,360067116.2110971,67.83656046458023,6.083991117287136,0.42585747569839394,0.4980061114130277,Upregulated
Feature0098,NP-019445,C10 H10 O4,194.05792,471493.5472,10784027.44,28887922.65,533166.5114,131787.0806,123064.2446,516403.9741,342683453.2,128802825.4,283200.8828,33268595.87,170654.7895,193446.4559,NP-019445,10,10,0,4,0,0,0,1,0.4,-0.20000000000000015,66,6,2,0.3333333333333333,0.5,2,Phenol,330020.34875204676,439151303.7506959,1330.679472981959,10.377947389023916,0.36142709451237404,0.47572455175132994,Upregulated
Feature0097,L-Glutamine,C5 H10 N2 O3,146.06916,3274948.923,164890437,161963782.5,95478673.21,8961794.685,4289940.731,929040.9599,75055290.21,337003299.6,56984395.26,169812577.5,66824240.75,49943.46765,L-Glutamine,5,10,2,3,0,0,0,2,0.6,0.3999999999999999,48.9,2,-1,-Inf,-1,-3,Amino Sugar,2481942.365012623,408880561.82021165,164.7421662904457,7.364066054567227,0.035034596101887236,0.12793357424187018,Upregulated
Feature0096,Isoleucine,C6 H13 N O2,131.09461,10115423.67,224127603.6,134631419.2,96861444.75,5921265.184,256959057.3,325628227.3,209857723.4,142417.4048,1068998.374,1694060.504,389475.1187,52335.70885,Isoleucine-peak1,6,13,1,2,0,0,0,2.1666666666666665,0.3333333333333333,-1,88.8,1,-1,-0.6666666666666666,-0.25,-2,Protein,105756425.3540141,444481301.94127506,4.202877512674972,2.071377411657296,0.2650981162250663,0.3711373627150928,Upregulated
Feature0095,[Similar to: NP-015005; ΔMass: -441.3129 Da],C29 H43 N5 O10 P2,683.24856,279559182.5,1665156.19,1133602.263,68304357.36,132607.1062,233035879.3,316321011.9,1772316.215,1326711.439,59775501.42,4651261.304,47620795.59,106288.6858,[Similar to: NP-015005; ΔMass: -441.3129 Da],29,43,5,10,0,2,0,1.4827586206896552,0.3448275862068966,-0.6206896551724137,77.98965517241379,12,2,-0.4166666666666667,0,-5,Phenol,226690863.63503468,8319554.01473598,0.036699996997365564,-4.768076244741277,0.12257977063397299,0.2615364378002078,Downregulated
Feature0094,N~2~-Acetyl-L-ornithine,C7 H14 N2 O3,174.10048,233968332.3,6285458.659,2223056.508,2870520.684,124393.1201,258711047.2,311743336.1,1227878.739,882674.6892,1972362.191,5801325.373,2227039.878,26267.42119,N~2~-Acetyl-L-ornithine,7,14,2,3,0,0,0,2,0.42857142857142855,-0.2857142857142856,68.44285714285714,2,-1,-1.5,-0.42857142857142855,-3,Protein,209173754.063083,13011343.919497238,0.06220352059835028,-4.006859953373136,0.08326029285291081,0.21019811638275845,Downregulated
Feature0093,"(4S,5S,8S,10R)-4,5,8-trihydroxy-10-methyl-3,4,5,8,9,10-hexahydro-2H-oxecin-2-one",C10 H16 O5,216.09973,281071496.8,290793456.9,301486686.8,311346264.8,311714882,282154222.3,285421192.7,305785229.2,294058990.8,79202582.7,75018409.63,76430961.84,57424107.87,"(4S,5S,8S,10R)-4,5,8-trihydroxy-10-methyl-3,4,5,8,9,10-hexahydro-2H-oxecin-2-one",10,16,0,5,0,0,0,1.6,0.5,-0.5999999999999996,77.39999999999999,3,-2,-0.4,0.06666666666666667,-2,Protein,231290587.60131198,690242675.8603117,2.9843094049729344,1.5773971179925173,0.19151960820172279,0.30744400401513045,Upregulated
Feature0092,Cyclo(leucylprolyl),C11 H18 N2 O2,210.13681,208248642,248248156,252135006.7,210491743.5,10853284.16,198695009.1,232810672.1,220788554.6,242356372,222467237.5,298523958.3,181346064.1,2204426.16,Cyclo(leucylprolyl),11,18,2,2,0,0,0,1.6363636363636365,0.18181818181818185,-0.7272727272727275,81.02727272727273,4,2,0,0.125,0,Lipid,172999617.387044,784008212.0294753,4.531849398692311,2.1800999186672825,0.0035242770268263694,0.055581944815959766,Upregulated
Feature0091,Adenine,C5 H5 N5,135.05449,271069273.1,7538443.903,3171489.706,1108039.264,158242.8143,261585760.5,286452195.9,9426355.145,15781235.69,872804.5259,7982734.082,773124.5518,136461.5236,Adenine,5,5,5,0,0,0,0,1,0,2,3.299999999999997,6,6,Inf,Inf,1,Unsaturated HC,222982242.15459266,25833732.843070533,0.1158555613821486,-3.1096007957353726,0.1322405437564254,0.2644810875128508,Downregulated
Feature0090,[Similar to: Muramic acid; ΔMass: 162.0529 Da],C15 H27 N O12,413.15343,189464935,30357526.01,13917529.68,36185016.45,69837.85636,232972840.6,270469885.1,19498633.86,17448365.19,15517201.18,40429067.53,10095056.2,87499.66774,[Similar to: Muramic acid; ΔMass: 162.0529 Da],15,27,1,12,0,0,0,1.8,0.8,0,60.3,3,-9,-5,-0.5,-10,Carbohydrate,176671703.103198,91257620.9976014,0.5165378461557918,-0.9530540372569094,0.19290231481456954,0.30744400401513045,Downregulated
Feature0089,Linamarin,C10 H17 N O6,247.10556,100994167.6,13514004.06,11311158.74,270100837.6,63465.26645,97457007.42,108811369.4,9586004.387,6952471.28,192183001,11074188.7,176056495.6,81380.40432,Linamarin,10,17,1,6,0,0,0,1.7,0.6,-0.20000000000000015,66,3,-3,-1.3333333333333333,-0.16666666666666666,-4,Amino Sugar,83422607.53176524,34548037.07636953,0.41413278844364226,-1.2718346640888074,0.24057012147053894,0.35140746450397126,Downregulated
Feature0088,"3,4-Methylenedioxy-N-propylamphetamine",C13 H19 N O2,221.14158,1716439.868,1938729.378,2484424.591,7164835.089,266049.348,3006915.615,11155569.3,5520480.409,3940401.547,269305248.1,250064577.6,253360862.6,5082639.04,"3,4-Methylenedioxy-N-propylamphetamine-peak2",13,19,1,2,0,0,0,1.4615384615384617,0.15384615384615383,-0.9230769230769234,86.6076923076923,5,3,0.2,0.2727272727272727,2,Phenol,3205737.6814299566,265322348.8173324,82.76483455096123,6.370946014843421,0.40933026779995046,0.4980061114130277,Upregulated
Feature0087,"1-Methyl-5-(1-piperidinyl)-2,4-imidazolidinedione",C9 H15 N3 O2,197.11649,10196544.3,138856573.2,261934517.5,15978507.32,10594555.92,12002237.14,10583325.55,10433479.23,144225679.7,12414971.73,127631154.9,10677657.39,57391.46397,"1-Methyl-5-(1-piperidinyl)-2,4-imidazolidinedione",9,15,3,2,0,0,0,1.6666666666666667,0.2222222222222222,-0.22222222222222232,66.63333333333333,4,2,-0.25,0,-1,Lipid,8752269.65886087,267643400.47687343,30.579885093680705,4.934511080556372,0.1550715350138245,0.28565343752851385,Upregulated
Feature0086,"bis-beta-D-fructofuranose 1,2':2,3'-dianhydride",C12 H20 O10,324.10571,256843719.9,9890441.542,10768697.69,83055546.89,123583.7638,244606080.2,224463407.1,6210229.663,12841499.06,74118355.71,10091832.98,72070005.5,74975.06891,"bis-beta-D-fructofuranose 1,2':2,3'-dianhydride-peak1",12,20,0,10,0,0,0,1.6666666666666667,0.8333333333333334,0,60.3,3,-7,-3.5,-0.2857142857142857,-7,Carbohydrate,202912000.92422533,26399340.309115667,0.130102409856843,-2.942280409877638,0.1585834522862944,0.2873159017892863,Downregulated
Feature0085,"4-methoxy-6-(prop-2-en-1-yl)-2H-1,3-benzodioxole",C11 H12 O3,192.07866,177213.1932,588990.5784,566241.6862,234760098.8,196110.2156,670183.315,301008.5927,761815.1756,179631.0311,234092696.8,513121.553,255870744.8,661643.4254,"4-methoxy-6-(prop-2-en-1-yl)-2H-1,3-benzodioxole-peak2",11,12,0,3,0,0,0,1.0909090909090908,0.2727272727272727,-0.5454545454545459,75.84545454545456,6,3,0.375,0.47368421052631576,3,Phenol,256089.32196716467,1933889.5476532632,7.551621179664895,2.916786395006095,0.03747709421314761,0.12793357424187018,Upregulated
Feature0084,DL-α-AMINOSUBERIC ACID,C8 H15 N O4,189.10013,503578.7774,2579018.993,1410491.595,251875394.1,294119.087,687856.6743,970428.0596,811249.8754,1297409.299,187206150.1,1918179.678,118319503.2,559017.9013,DL-α-AMINOSUBERIC ACID,8,15,1,4,0,0,0,1.875,0.5,-0.5,74.55,2,-2,-1,-0.2,-3,Protein,523792.18275394867,5217951.108917466,9.961872820405565,3.316416992767034,0.06236256400252377,0.17461517920706654,Upregulated
Feature0083,1-[(3-Carboxypropyl)amino]-1-deoxy-beta-D-fructofuranose,C10 H19 N O7,265.11614,148198486.6,8691371.065,5979888.834,159721711.1,711691.8376,99799389.94,143461123.1,10207221.11,6504109.583,251003372.1,10883050.4,221214911.5,65173.70025,1-[(3-Carboxypropyl)amino]-1-deoxy-beta-D-fructofuranose-peak1,10,19,1,7,0,0,0,1.9,0.7,-0.20000000000000015,66,2,-5,-3,-0.4545454545454546,-6,Amino Sugar,111811990.57603657,30750012.015261233,0.27501533473147505,-1.8624160299800754,0.23929646673675017,0.35140746450397126,Downregulated
Feature0082,8-hydroxy-deoxyguanosine,C10 H13 N5 O5,283.0917,166379993.7,129282710.1,145852985.8,113610042.6,5843142.589,172361915.9,203843053.3,94659852.16,247516549.2,79665983.6,161875535.7,65000565.74,90521.09176,8-hydroxy-deoxyguanosine-peak2,10,13,5,5,0,0,0,1.3,0.5,1.2000000000000002,26.09999999999999,7,2,-Inf,-0.2,-3,Phenol,143665925.695589,391448141.3857113,2.7247110926994846,1.446103265769804,0.026330706586346148,0.11494235479409805,Upregulated
Feature0081,2'-Deoxyadenosine,C10 H13 N5 O3,251.10185,142952.5299,192317048.7,144903511.1,135492082.7,635632.7733,71800293.11,90143788.49,159880832.3,210344750.5,83568175.03,247400759.2,63733379.95,255873.3099,2'-Deoxyadenosine-peak2,10,13,5,3,0,0,0,1.3,0.3,0.7999999999999998,37.5,7,4,-0.5,0.14285714285714285,-1,Phenol,28147582.6775135,611088869.2769043,21.710172282932493,4.440299269515967,0.01459944779545249,0.08327092446295123,Upregulated
Feature0080,Tetrolic Acid,C4 H4 O2,84.02114,163760794.4,15939371.68,17099827.76,134724750.8,259443.2698,166631497.5,246608510.8,17212461.35,1244723.48,121185912.7,938714.6653,100680648.4,88092.19424,Tetrolic Acid-peak2,4,4,0,2,0,0,0,1,0.5,0,60.3,3,1,0.5,0.6666666666666666,1,Phenol,148461150.7715926,35091056.21101754,0.23636524456829192,-2.0809101794024634,0.10117624963607912,0.2427088760588366,Downregulated
Feature0079,"2-Hexyl-3,5-dipentylpyridine",C21 H37 N,303.29265,636593.3834,8079928.77,1209554.527,3343285.572,2430761.177,168255.3974,26194617.03,241414930.5,229706125.6,223281446.5,211576635.7,211489111.4,3047993.997,"2-Hexyl-3,5-dipentylpyridine-peak2",21,37,1,0,0,0,0,1.761904761904762,0,-1.6190476190476186,106.44285714285712,4,4,0.15,0.15,3,Lipid,4666364.7370623425,503329216.61607784,107.86323936884177,6.753059456671923,0.1803878735061961,0.3006680062989089,Upregulated
Feature0078,[Similar to: diethyl 2-({2-[2-(methoxycarbonyl)-3-thienyl]hydrazino}methylene)malonate; ΔMass: -124.1122 Da],C3 H7 Cl N2 O5 S,217.97633,182714213.9,149791434.5,164750782,163501490.3,5817527.194,188540167.5,240466939,104273182,182510976,140534207,151219056.5,103256156.5,303030.0259,[Similar to: diethyl 2-({2-[2-(methoxycarbonyl)-3-thienyl]hydrazino}methylene)malonate; ΔMass: -124.1122 Da],4,7,2,5,1,0,1,1.75,1.25,2.75,-18.075000000000003,2.5,-2.5,1.375,2,-5.5,Carbohydrate,160383616.22178298,409938093.04365134,2.5559848487065997,1.3538792843441256,0.018179672305327042,0.0903119204845279,Upregulated
Feature0077,"2,3-DIHYDRO-3,5-DIHYDROXY-6-METHYL-4H-PYRAN-4-ONE",C6 H8 O4,144.04224,193605020.1,3534885.434,3061729.609,160919787.8,1398326.758,217118161,239518460.1,4895966.621,3976282.118,140570611.1,5950058.943,116556217.5,771451.2478,"2,3-DIHYDRO-3,5-DIHYDROXY-6-METHYL-4H-PYRAN-4-ONE",6,8,0,4,0,0,0,1.3333333333333333,0.6666666666666666,0,60.3,3,-1,-0.5,0.25,-1,Other,170591956.307838,14932622.59190799,0.08753415410139063,-3.5140101518173092,0.09361526578859324,0.22883731637211682,Downregulated
Feature0076,(+)-Piperitol,C20 H20 O6,356.12607,246035.7965,251618.3539,271926.5883,228546938.7,256521.8799,423841.8008,252350.8217,279032.4511,280873.0558,210695743.2,245557.2911,236600897,460780.9497,(+)-Piperitol-peak2,20,20,0,6,0,0,0,1,0.3,-0.4000000000000003,71.7,11,5,0.35714285714285715,0.4705882352941176,5,Phenol,235289.40869727498,799726.3616089356,3.398905059249264,1.765070064008673,0.007812526846573787,0.07077230202190371,Upregulated
Feature0075,Methyl piperonyl ketone,C10 H10 O3,178.06303,524896.5759,613637.8521,666981.8267,198515820.7,568500.0859,560374.5297,576433.0612,588409.3331,574218.0281,174089564.4,924645.0453,234300687.2,1034803.801,Methyl piperonyl ketone,10,10,0,3,0,0,0,1,0.3,-0.4000000000000003,71.7,6,3,0.42857142857142855,0.5294117647058824,3,Phenol,445249.1892597263,2179235.99735679,4.894418788229574,2.291137550099961,0.025946959699780926,0.11494235479409805,Upregulated
Feature0074,"2-Hexyl-3,5-dipentylpyridine",C21 H37 N,303.29263,637165.3573,8087188.518,1210641.302,335459.58,2432945.196,154866.3027,2139749.696,1348716.7,6487456.385,223281446.5,211576635.7,211489111.4,554053.8385,"2-Hexyl-3,5-dipentylpyridine-peak1",21,37,1,0,0,0,0,1.761904761904762,0,-1.6190476190476186,106.44285714285712,4,4,0.15,0.15,3,Lipid,682551.3367361767,226426341.36754057,331.73525445025984,8.373888529358814,0.40082005408063487,0.4980061114130277,Upregulated
Feature0073,"4-(4-hydroxy-2-methoxy-3,5,6-trimethylbenzoyloxy)-2-methoxy-3,5,6-trimethylbenzoic acid",C22 H26 O7,402.1679,195601.4677,186560.5051,274952.4172,221280831.3,194064.1974,203498.821,195923.7725,197953.1811,204297.1045,209527461.9,182443.883,221437057.9,375190.8792,"4-(4-hydroxy-2-methoxy-3,5,6-trimethylbenzoyloxy)-2-methoxy-3,5,6-trimethylbenzoic acid-peak3",22,26,0,7,0,0,0,1.181818181818182,0.3181818181818182,-0.5454545454545459,75.84545454545456,10,3,0.2,0.35135135135135137,3,Phenol,161819.8823085666,583034.8014193176,3.6029861911996477,1.8491931225040967,0.005968001833987498,0.06127148549560498,Upregulated
Feature0072,benzylidenemethylamine,C8 H9 N,119.07346,127814768.9,98204792.99,71344178.53,49024505.79,1863299.011,129979318.5,162604828.1,85141545.64,218477175.5,131798.0298,6993253.361,120741.3877,56543.47433,benzylidenemethylamine-peak2,8,9,1,0,0,0,0,1.125,0,-0.75,81.675,5,5,0.5714285714285714,0.5714285714285714,4,Unsaturated HC,110914964.0741086,193329874.3032782,1.7430459083420295,0.8016105676650713,0.44939242895160714,0.5126402522855371,Upregulated
Feature0071,2'-Deoxyadenosine,C10 H13 N5 O3,251.10182,92761423.95,1224261.162,2188624.219,2700611.339,166488.644,1992058.771,752669.2118,1258292.001,210344750.5,1769957.634,3490995.252,1226706.097,101040.4297,2'-Deoxyadenosine-peak1,10,13,5,3,0,0,0,1.3,0.3,0.7999999999999998,37.5,7,4,-0.5,0.14285714285714285,-1,Phenol,44163646.059109874,6138423.431080457,0.1389926778886104,-2.846919210874043,0.473697176550634,0.5248155768978247,Downregulated
Feature0070,Υ-Aminobutyric acid (GABA),C4 H9 N O2,103.06331,195927890.7,91194369.82,135068914.9,132764699,15142642.91,180200196.1,210069254.4,29235976.56,96709403.74,96801716.39,85624889.66,62415523.64,144686.5607,Υ-Aminobutyric acid (GABA),4,9,1,2,0,0,0,2.25,0.5,-0.5,74.55,1,-1,-2,-0.5,-2,Protein,160044839.19477674,203448848.598014,1.2711990565994695,0.34618995912586964,0.6071143955705662,0.6403809377936109,Upregulated
Feature0069,AMIDINOPROLINE,C6 H11 N3 O2,157.08515,3268597.179,168206411.2,165700537.1,207382568.3,3884298.029,119910914.4,143125844.8,150583162.5,201259300.4,1708231.124,6275531.487,4586869.433,405019.8987,AMIDINOPROLINE-peak3,6,11,3,2,0,0,0,1.8333333333333333,0.3333333333333333,0.3333333333333335,50.8,3,1,-2,-0.5,-2,Protein,47206564.04363228,330752989.51861984,7.006504205917425,2.808694811891431,0.21085459915333465,0.3247160826961354,Upregulated
Feature0068,"3-Morpholino-4-tetrahydro-1H-pyrrol-1-ylcyclobut-3-ene-1,2-dione",C12 H16 N2 O3,236.11601,120125.7388,126132.3516,204233914.8,197265.2551,1892053.508,173881.4262,128628.8168,125318.844,79279624.93,115751.8644,115960.097,113760.2027,272215.2989,"3-Morpholino-4-tetrahydro-1H-pyrrol-1-ylcyclobut-3-ene-1,2-dione",12,16,2,3,0,0,0,1.3333333333333333,0.25,-0.33333333333333304,69.79999999999998,6,3,0.14285714285714285,0.29411764705882354,1,Phenol,109717.3063692583,376762.648351653,3.43394001201271,1.7798648369149743,0.003398098713223495,0.055581944815959766,Upregulated
Feature0067,8-hydroxy-deoxyguanosine,C10 H13 N5 O5,283.09172,11086837.17,129282710.1,145852985.8,113610042.6,5843142.589,172361915.9,203843053.3,94659852.16,8856113.516,79665983.6,5829097.695,264834.9642,114213.2985,8-hydroxy-deoxyguanosine-peak1,10,13,5,5,0,0,0,1.3,0.5,1.2000000000000002,26.09999999999999,7,2,-Inf,-0.2,-3,Phenol,70550755.46342774,230937303.78331774,3.273349835396611,1.7107677969506383,0.2685665309432636,0.37260581770506845,Upregulated
Feature0066,Penicillic acid,C8 H10 O4,170.05795,569873.2685,7669348.869,128685226.6,745744.5671,1467678.555,632857.8907,506951.6386,3759523.743,201428792.3,429649.3422,17143428.37,588243.1933,705744.2678,Penicillic acid,8,10,0,4,0,0,0,1.25,0.5,-0.25,67.425,4,0,0,0.3333333333333333,0,Phenol,468208.9878406527,28837191.1967969,61.59042638158661,5.944634210658074,0.14614906391756563,0.2779938093032945,Upregulated
Feature0065,AMIDINOPROLINE,C6 H11 N3 O2,157.08515,132463442.4,7609735.453,585062.9141,10486912.2,249835.2104,923743.5337,455071.0839,7407394.126,201259300.4,5287357.534,6146251.297,4487636.337,304704.7277,AMIDINOPROLINE-peak2,6,11,3,2,0,0,0,1.8333333333333333,0.3333333333333333,0.3333333333333335,50.8,3,1,-2,-0.5,-2,Protein,62611104.082388796,21679728.0098224,0.34626011356219566,-1.5300718848867219,0.5784230202908062,0.6143251387916148,Downregulated
Feature0064,"3,4-Methylenedioxy-N-propylamphetamine",C13 H19 N O2,221.14159,1680037.796,175017724.6,168735453.1,170952026.2,172348640.2,191748902.2,169838496.6,197661146.6,171044968.9,698637.0328,605922.6837,1768558.15,10977252.85,"3,4-Methylenedioxy-N-propylamphetamine-peak1",13,19,1,2,0,0,0,1.4615384615384617,0.15384615384615383,-0.9230769230769234,86.6076923076923,5,3,0.2,0.2727272727272727,2,Phenol,64046525.62469764,385322808.7832744,6.016295263871209,2.5888753724127733,0.25005801266226424,0.35989657897185695,Upregulated
Feature0063,"4-methoxy-6-(prop-2-en-1-yl)-2H-1,3-benzodioxole",C11 H12 O3,192.07866,777121.2662,757096.5716,1181498.064,165804598.9,768393.3085,1123813.319,978534.3407,965701.5111,921494.3883,194486219.4,927730.915,151041593.5,1068954.92,"4-methoxy-6-(prop-2-en-1-yl)-2H-1,3-benzodioxole-peak1",11,12,0,3,0,0,0,1.0909090909090908,0.2727272727272727,-0.5454545454545459,75.84545454545456,6,3,0.375,0.47368421052631576,3,Phenol,733824.6489843123,2746052.3111300133,3.7421096646601173,1.9038518382000313,0.019316533418266238,0.09296081707540627,Upregulated
Feature0062,Hordenine,C10 H15 N O,165.1154,5628214.269,88917.9499,134558.3478,96082475.32,65938.3559,161979707.4,192665749.6,151887.6877,133656.8928,2203548.504,102892.1782,3251982.108,64660.87714,Hordenine-peak2,10,15,1,1,0,0,0,1.5,0.1,-1,88.8,4,3,0.25,0.29411764705882354,2,Lipid,64227794.33239254,360647.109264376,0.005615125243098809,-7.476466082947616,0.151815985232246,0.28511782592397417,Downregulated
Feature0061,Lactamide,C3 H7 N O2,89.04769,147764258.6,136798901.5,123721801.8,59774526.92,6209626.784,154364535.5,180645989.5,89495362.42,191984064.6,36220574.24,163372184.5,23698726.98,354480.9339,Lactamide,3,7,1,2,0,0,0,2.3333333333333335,0.6666666666666666,0,60.3,1,-1,-Inf,-1,-2,Other,127763090.0772495,393760187.846547,3.08195573235171,1.6238461398620048,0.023748975617348123,0.11082855288095791,Upregulated
Feature0060,AMIDINOPROLINE,C6 H11 N3 O2,157.08515,10337463.65,1067433.076,619433.8663,4286158.274,100572.009,341148.8164,474474.7632,4210204.686,6767329.136,190707258.3,184865152.3,176056740.4,339866.1877,AMIDINOPROLINE-peak1,6,11,3,2,0,0,0,1.8333333333333333,0.3333333333333333,0.3333333333333335,50.8,3,1,-2,-0.5,-2,Protein,5008149.23358877,195966119.87351522,39.12944897073058,5.290182888928988,0.41516763730106415,0.4980061114130277,Upregulated
Feature0059,"DL-2,6-Diaminopimelic acid",C7 H14 N2 O4,190.09538,15779401.26,55890165.67,54196442.37,188164646.6,1291768.766,19690900.27,18131543.37,16765415.18,47120259.83,151763984.3,60405621.51,159232642.5,25143.0364,"DL-2,6-Diaminopimelic acid",7,14,2,4,0,0,0,2,0.5714285714285714,0,60.3,2,-2,-4,-0.6666666666666666,-4,Amino Sugar,14039358.219215747,131513808.92730203,9.367508605008622,3.2276653978170056,0.0898198823612948,0.22310099812321613,Upregulated
Feature0058,L-Aspartic acid,C4 H7 N O4,133.0375,89930455.73,111357160.4,73511368.29,46038825.4,4403768.917,99466067.06,113440195.5,94645360.12,182573260.3,38069840.87,116582337,34104662.16,29991.41113,L-Aspartic acid,4,7,1,4,0,0,0,1.75,1,1,31.799999999999997,2,-2,3,-1,-3,Carbohydrate,79347980.39905153,328792664.045694,4.143680310351341,2.050912701754702,0.001564679101679516,0.055581944815959766,Upregulated
Feature0057,3-Methyl-2-buten-1-amine,C5 H11 N,85.08917,95554010.95,5762113.624,66490960.16,50413568.21,122359.6827,2525995.762,11662306.7,3601868.132,181491511.3,471404.6695,3227608.31,736653.5987,209432.8359,3-Methyl-2-buten-1-amine,5,11,1,0,0,0,0,2.2,0,-1.5999999999999996,105.89999999999998,1,1,0,0,0,Lipid,47382105.338404894,12633741.63983779,0.2666352951099809,-1.9070603290524268,0.5108936685670614,0.5571514412967669,Downregulated
Feature0056,(+)-Piperitol,C20 H20 O6,356.12609,356075.6981,435255.5627,359641.7493,150400560.6,393848.539,389514.001,404554.3594,396612.2075,396316.0037,160169828.1,666773.6451,179989132.6,755369.8206,(+)-Piperitol-peak1,20,20,0,6,0,0,0,1,0.3,-0.4000000000000003,71.7,11,5,0.35714285714285715,0.4705882352941176,5,Phenol,306000.045942528,1533038.9860952133,5.009930574922672,2.3247906114227295,0.03267337211544074,0.126587077424819,Upregulated
Feature0055,"pentane-1,2,3,4,5-pentol",C5 H12 O5,152.06849,2824536.956,124529078.5,173014115.6,2867269.046,3774041.384,2104237.977,2626604.744,118724194.2,172999804.6,2495824.535,157735120.5,2407993.859,80020.62988,"pentane-1,2,3,4,5-pentol",5,12,0,5,0,0,0,2.4,1,-0.4000000000000003,71.7,0,-5,-Inf,-1,-5,Carbohydrate,2150273.1631664033,410690594.9416483,190.99461499899962,7.577388152518692,0.011349472301924228,0.08064563599591426,Upregulated
Feature0054,Methionine,C5 H11 N O2 S,149.05106,32253044.07,74915028.72,58661400.29,10793663.72,1228258.14,33004269.2,42927329.72,61953176.23,168114024.6,2209047.763,116777084.8,6813853.622,45459.76274,Methionine,5,11,1,2,1,0,0,2.2,0.4,-0.4000000000000003,71.7,1,-1,-3,-1,-3,Protein,28339801.2764384,258654818.75900835,9.126910109071687,3.190126522332486,0.04228483497449473,0.13289519563412627,Upregulated
Feature0053,Hordenine,C10 H15 N O,165.11537,166162918.7,66186.13826,125495.3224,243362.1068,50266.66198,1230056.865,3377566.906,105710.027,110467.6216,44032386.94,125430.4941,53710028.78,107489.6413,Hordenine-peak1,10,15,1,1,0,0,0,1.5,0.1,-1,88.8,4,3,0.25,0.29411764705882354,2,Lipid,79017381.76648481,310212.5830718953,0.003925877776976303,-7.9927690260951305,0.4183913435633871,0.4980061114130277,Downregulated
Feature0052,NP-011220,C11 H18 N2 O2,210.13681,100239796.3,132082004.8,145836107.9,132949762.8,7097240.581,100700688.6,113309726.2,122546195.4,131986592.5,122833384.2,164306708.1,105505174.6,3740254.76,NP-011220,11,18,2,2,0,0,0,1.6363636363636365,0.18181818181818185,-0.7272727272727275,81.02727272727273,4,2,0,0.125,0,Lipid,84406510.73162596,428621317.3024717,5.078059898309162,2.344277412410375,0.004691982354594006,0.055581944815959766,Upregulated
Feature0051,Acetyl-L-carnitine,C9 H17 N O4,203.11569,715521.8554,452164.5922,473189.0291,161539115.2,168739.0061,1030523.468,1561060.845,271962.9984,715264.6552,6709078.711,790335.6772,4207748.701,504394.9717,Acetyl-L-carnitine,9,17,1,4,0,0,0,1.8888888888888888,0.4444444444444444,-0.666666666666667,79.30000000000001,2,-2,-0.75,-0.16666666666666666,-3,Protein,784145.8154870206,1531496.4329367254,1.9530760767823994,0.9657481465923702,0.24187786517805815,0.35140746450397126,Upregulated
Feature0050,1-(Dimethylamino)-2-propanyl acetate,C7 H15 N O2,145.1103,430603.6114,2320257.749,530980.0359,159759254.9,1395266.307,227879.8714,336391.5595,429705.1608,364762.9094,161462448.4,4428413.404,134445327.6,647359.9945,1-(Dimethylamino)-2-propanyl acetate,7,15,1,2,0,0,0,2.142857142857143,0.2857142857142857,-1.1428571428571432,92.87142857142858,1,-1,-0.5,-0.2,-2,Lipid,300182.79601543234,7128217.03784476,23.74625439053576,4.569628063136923,0.19364979473680294,0.30744400401513045,Upregulated
Feature0049,[Similar to: Captopril ; ΔMass: 240.1023 Da],C17 H31 N O13,457.17957,157299669.2,1700973.712,3074943.205,15127856.28,22255.77173,141213390.9,158063465.3,373765.1626,5571420.889,10384583.64,1772725.72,8066621.474,32728.62715,[Similar to: Captopril ; ΔMass: 240.1023 Da],17,31,1,13,0,0,0,1.8235294117647056,0.7647058823529411,-0.117647058823529,63.65294117647058,3,-10,-3.6666666666666665,-0.47368421052631576,-11,Carbohydrate,126104314.8024292,3777546.7597475997,0.029955729632772498,-5.061024216069283,0.12567335322867126,0.2615364378002078,Downregulated
Feature0048,"4-(4-hydroxy-2-methoxy-3,5,6-trimethylbenzoyloxy)-2-methoxy-3,5,6-trimethylbenzoic acid",C22 H26 O7,402.16784,125878.2786,180286.2844,255010.6908,133143673,124278.1543,281991.927,125112.3344,122392.6908,137733.6312,156851875.9,274729.7208,119053925,416979.2233,"4-(4-hydroxy-2-methoxy-3,5,6-trimethylbenzoyloxy)-2-methoxy-3,5,6-trimethylbenzoic acid-peak2",22,26,0,7,0,0,0,1.181818181818182,0.3181818181818182,-0.5454545454545459,75.84545454545456,10,3,0.2,0.35135135135135137,3,Phenol,131657.95559527475,585186.4011628487,4.44474774438812,2.152101543183905,0.06709865382136328,0.184521298008749,Upregulated
Feature0047,Glycerol 3-phosphate,C3 H9 O6 P,172.01368,13541119.58,34096361.18,88229166.35,10987349.95,1250405.052,10192815.02,14601457.63,67164831.57,155021980.8,8272609.69,59020248.97,6003899.27,41144.44043,Glycerol 3-phosphate,3,9,0,6,0,1,0,3,2,-0.666666666666667,79.30000000000001,0,-6,1.75,4,-7,Other,10660428.449450899,168709843.056562,15.825803236384179,3.984206820180133,0.06029050364892164,0.171939584480258,Upregulated
Feature0046,Pyrogallol,C6 H6 O3,126.03165,5911121.154,911596.2642,1224024.006,624895.0144,1097070.212,123780032.8,154394443.4,1748609.093,1848366.46,2964229.98,445826.4863,2166719.933,654812.5454,Pyrogallol-peak2,6,6,0,3,0,0,0,1,0.5,0,60.3,4,1,0.3333333333333333,0.5555555555555556,1,Phenol,51025052.793706626,3291754.1703608264,0.06451250885852738,-3.95427726616189,0.1558109659246439,0.28565343752851385,Downregulated
Feature0045,Cyclo(phenylalanyl-prolyl),C14 H16 N2 O2,244.12118,102808402.2,123891642.6,137788937.2,135189886.1,5198914.931,101358524.2,120928903.7,114832420.7,133239903.8,116370341.2,152924829.8,99956685.35,331900.7187,Cyclo(phenylalanyl-prolyl),14,16,2,2,0,0,0,1.1428571428571428,0.14285714285714285,-0.4285714285714288,72.51428571428572,8,6,0.4,0.4545454545454546,4,Phenol,86997576.95336917,400682905.2433493,4.605678908254145,2.2034138350090293,0.004357573273769592,0.055581944815959766,Upregulated
Feature0044,[Similar to: RPH; ΔMass: -155.0695 Da],C11 H19 N5 O2,253.15389,7052810.695,1471655.184,1302655.903,148605053.1,89161.17476,125786371.3,132393450.2,1074528.738,1239586.096,3276863.731,58573.2649,3117210.743,65645.00269,[Similar to: RPH; ΔMass: -155.0695 Da]-peak2,11,19,5,2,0,0,0,1.7272727272727273,0.18181818181818185,0,60.3,5,3,-0.5,-0.2,-2,Lipid,48288635.661227584,2617341.986381077,0.05420202808675791,-4.205509355613146,0.139754744847362,0.2746870652079955,Downregulated
Feature0043,[Similar to: RPH; ΔMass: -155.0695 Da],C11 H19 N5 O2,253.15387,120200357.6,49660.34964,48239.56196,879935.5004,41864.81986,2799431.678,343507.6291,46074.27488,1311128.461,148167037.8,1648237.429,121122046.8,50433.13687,[Similar to: RPH; ΔMass: -155.0695 Da]-peak1,11,19,5,2,0,0,0,1.7272727272727273,0.18181818181818185,0,60.3,5,3,-0.5,-0.2,-2,Lipid,57162701.23815845,1793001.5899989293,0.031366635081304155,-4.994625420296654,0.42913841738451075,0.4980061114130277,Downregulated
Feature0042,(S)-malyl alpha-D-glucosaminide,C10 H17 N O9,295.0904,122592239.5,71349450.09,57432440.37,144195146.5,17268510.5,134221038.2,142328318.6,42913144.03,56498596.13,137518571,82705487.23,112739450.7,71744.87233,(S)-malyl alpha-D-glucosaminide,10,17,1,9,0,0,0,1.7,0.9,0.3999999999999999,48.9,3,-6,-Inf,-0.5555555555555556,-7,Carbohydrate,105877281.41249171,198453867.93035966,1.8743763089004428,0.9064106245463762,0.11351615629079469,0.2533548995475708,Upregulated
Feature0041,benzylidenemethylamine,C8 H9 N,119.07347,127814768.9,2328165.549,2121687.394,1795327.532,99261.17254,3516019.886,6677222.135,1770497.273,9179944.908,24537987.68,139610629.6,11446389.78,83796.95189,benzylidenemethylamine-peak1,8,9,1,0,0,0,0,1.125,0,-0.75,81.675,5,5,0.5714285714285714,0.5714285714285714,4,Unsaturated HC,61927429.71035982,147731564.23391324,2.3855594350494944,1.2543276308130935,0.6193440554806173,0.648836629551123,Upregulated
Feature0040,Meconin,C10 H10 O4,194.05788,542300.1153,2498062.078,136933185.4,490637.4113,3021529.693,644051.4156,524561.4011,3225740.319,27059180.21,462208.4246,4523561.857,601240.4866,200083.0272,Meconin,10,10,0,4,0,0,0,1,0.4,-0.20000000000000015,66,6,2,0.3333333333333333,0.5,2,Phenol,460193.3334206373,10610430.82038034,23.05646355524653,4.527099341503831,0.0399766692347976,0.1309873843012517,Upregulated
Feature0039,4-Guanidinobutyric acid,C5 H11 N3 O2,145.08515,2759346.607,1183243.725,12123442.52,136613251.3,1843449.248,58781450.68,70475348.54,477406.6278,3633691.387,2408617.556,855416.4825,2091768.618,317918.1926,4-Guanidinobutyric acid,5,11,3,2,0,0,0,2.2,0.4,0.3999999999999999,48.9,2,0,-Inf,-2,-3,Protein,23737789.438271336,2489988.5435339166,0.10489555272233662,-3.2529745819048803,0.16600453109768287,0.29050792942094505,Downregulated
Feature0038,Pyrogallol,C6 H6 O3,126.03165,133420558.9,1192388.015,1183698.282,2082302.727,1079207.09,11466306.86,8569444.58,1701636.846,1861368.935,2915964.698,445826.4863,2191015.725,623244.4187,Pyrogallol-peak1,6,6,0,3,0,0,0,1,0.5,0,60.3,4,1,0.3333333333333333,0.5555555555555556,1,Phenol,66337069.41264441,3488981.6548281936,0.0525947511055284,-4.248937362346078,0.4115457574991476,0.4980061114130277,Downregulated
Feature0037,4-Phenylbutyric acid,C10 H12 O2,164.08376,1659159.94,112698005.2,16819684.22,2125944.516,1765203.714,1324956.713,1370094.149,61668586.82,662251.6211,1179502.244,133341625.4,1426303.961,3751620.95,4-Phenylbutyric acid,10,12,0,2,0,0,0,1.2,0.2,-0.7999999999999998,83.1,5,3,0.375,0.4444444444444444,3,Phenol,1250783.6254524624,309194213.5459693,247.20040081602477,7.94953727223555,0.03287976037008286,0.126587077424819,Upregulated
Feature0036,"4-(4-hydroxy-2-methoxy-3,5,6-trimethylbenzoyloxy)-2-methoxy-3,5,6-trimethylbenzoic acid",C22 H26 O7,402.16792,267358.5074,340574.3686,466409.0124,131548440.9,284643.4969,251738.3021,284092.1983,291906.2097,233116.8444,57882706.65,278456.169,59069118.96,782341.7449,"4-(4-hydroxy-2-methoxy-3,5,6-trimethylbenzoyloxy)-2-methoxy-3,5,6-trimethylbenzoic acid-peak1",22,26,0,7,0,0,0,1.181818181818182,0.3181818181818182,-0.5454545454545459,75.84545454545456,10,3,0.2,0.35135135135135137,3,Phenol,219039.680802484,928063.271294868,4.23696413314141,2.083030916014044,0.003755688470160255,0.055581944815959766,Upregulated
Feature0035,"1-(3,4-Dimethoxyphenyl)-4-(4-hydroxy-3-methoxyphenyl)dihydro-1H,3H-furo[3,4-c]furan-3a(4H)-ol",C21 H24 O7,388.15228,383232.9991,394920.8566,420288.4836,106160839.2,355963.7425,370612.0379,376075.2585,375732.4673,360505.6326,102258218.5,343889.4286,131196227.6,733943.5365,"1-(3,4-Dimethoxyphenyl)-4-(4-hydroxy-3-methoxyphenyl)dihydro-1H,3H-furo[3,4-c]furan-3a(4H)-ol",21,24,0,7,0,0,0,1.1428571428571428,0.3333333333333333,-0.4761904761904763,73.87142857142857,10,3,0.21428571428571427,0.37142857142857144,3,Phenol,310607.9970380387,1140719.14066765,3.6725362886518065,1.8767767462476808,0.005884614528976635,0.06127148549560498,Upregulated
Feature0034,N-Allyl-N'-(4-piperidinylmethyl)ethanediamide,C11 H19 N3 O2,225.14774,7821898.589,49678556.81,22066895.56,123981978.5,1177517.137,105809636.7,129875328.2,22330881.91,20466443.55,4956450.89,3440741.288,4646381.616,64201.16056,N-Allyl-N'-(4-piperidinylmethyl)ethanediamide-peak2,11,19,3,2,0,0,0,1.7272727272727273,0.18181818181818185,-0.5454545454545459,75.84545454545456,4,2,-0.16666666666666666,0,-1,Lipid,44572631.919722304,73777197.7484247,1.6552129540230287,0.727016841170669,0.5137370432736421,0.5571514412967669,Upregulated
Feature0033,"6,6-Diethoxy-N,N-diethyl-1-hexanamine",C14 H31 N O2,245.23548,2375501.676,2396630.634,1539897.807,709261.0508,2203603.585,128079.9663,1953494.294,2580167.965,1037121.308,127569351.1,124563203.9,126193083.6,14239830.09,"6,6-Diethoxy-N,N-diethyl-1-hexanamine",14,31,1,2,0,0,0,2.2142857142857144,0.14285714285714285,-1.7142857142857144,109.15714285714286,0,-2,-0.2727272727272727,-0.16666666666666666,-3,Lipid,1465256.4956927067,133248872.42291443,90.93893991571791,6.5068262814280216,0.40406355362705493,0.4980061114130277,Upregulated
Feature0032,methyl N-acetylneuraminate,C12 H21 N O9,323.12166,120486167.5,919803.3987,197205.9102,19460740.97,73992.31689,127293193.4,126742111.6,798480.2074,9345800.832,12719898.96,1115038.799,8693189.942,49140.83551,methyl N-acetylneuraminate,12,21,1,9,0,0,0,1.75,0.75,0,60.3,3,-6,-3.5,-0.38461538461538464,-7,Carbohydrate,101036104.77412727,2891514.6174992765,0.02861862721215791,-5.126901719726643,0.10522004006896958,0.2455134268275957,Downregulated
Feature0031,N-Caffeoylputrescine,C13 H18 N2 O3,250.1317,149276.9296,141456.2235,123140060.3,170929.8625,6461472.815,463319.1298,150545.3388,137848.9947,22589380.4,127479.6353,136201.0161,133721.2785,292766.9855,N-Caffeoylputrescine,13,18,2,3,0,0,0,1.3846153846153846,0.2307692307692308,-0.4615384615384617,73.45384615384616,6,3,0.125,0.2631578947368421,1,Phenol,180117.57512414703,425756.13382788934,2.3637678529395845,1.2410883545262321,0.02748382187510734,0.11494235479409805,Upregulated
Feature0030,Ala-Leu,C9 H18 N2 O3,202.1317,5518515.675,7696969.253,62276067.86,73084400.7,1710157.221,91210241.86,120918747.2,8789168.639,25787691.37,2053474.499,522260.0733,2144582.656,94807.86493,Ala-Leu,9,18,2,3,0,0,0,2,0.3333333333333333,-0.666666666666667,79.30000000000001,2,-1,-0.75,-0.2727272727272727,-3,Protein,39329883.844677724,17566779.5146139,0.44665220939855654,-1.162776196530409,0.31502370061004686,0.42185782516475845,Downregulated
Feature0029,"5-hydroxy-4-methoxy-5,6-dihydro-2H-pyran-2-one",C6 H8 O4,144.04226,88547377.73,5685944.883,4391809.41,18456011.38,416877.8731,119674811.1,119507046,1974793.817,5654517.806,18223478.65,2624438.491,17742493.09,185988.2002,"5-hydroxy-4-methoxy-5,6-dihydro-2H-pyran-2-one",6,8,0,4,0,0,0,1.3333333333333333,0.6666666666666666,0,60.3,3,-1,-0.5,0.25,-1,Other,83404822.84576714,10068334.567499047,0.120716455283617,-3.0503057465661034,0.07040723609752426,0.1883029894961078,Downregulated
Feature0028,Pyrone,C5 H4 O2,96.02112,86816964.99,1609179.112,9142713.958,19227081.24,351084.5365,118335677.8,106888273.9,1198589.597,1886943.572,16921849.53,1156830.538,13960092.12,113542.2917,Pyrone,5,4,0,2,0,0,0,0.8,0.4,0,60.3,4,2,0.6666666666666666,0.75,2,Condensed HC,80255981.13193357,4013253.24101869,0.0500056591971789,-4.321764814213455,0.07091930773230033,0.1883029894961078,Downregulated
Feature0027,Phenacetin,C10 H13 N O2,179.0946,85775867.49,99258944.3,111389237.4,25414693.28,4077390.276,79174202.08,94691471.15,85764061.35,95513856.22,15500716.01,116277316,13574083.06,790681.8708,Phenacetin,10,13,1,2,0,0,0,1.3,0.2,-0.5999999999999996,77.39999999999999,5,3,0.2857142857142857,0.375,2,Phenol,70569518.8797431,307402386.147636,4.3560221328910815,2.1230112843879425,0.00314499238622272,0.055581944815959766,Upregulated
Feature0026,L-Threonine,C4 H9 N O3,119.05821,81851824.31,76960833.2,53680741.5,50791999.39,3851703.994,78044835.34,91455923.63,58981522.21,115871241.1,28820324.42,96820654.27,18058598.31,32856.69049,L-Threonine,4,9,1,3,0,0,0,2.25,0.75,0,60.3,1,-2,-Inf,-1,-3,Carbohydrate,67979454.5768947,236531453.378239,3.4794550037274474,1.7988613506160258,0.014581817635848465,0.08327092446295123,Upregulated
Feature0025,[Similar to: NP-017684; ΔMass: -74.2514 Da],C24 H45 N4 O14 P3,706.2146,77791364.07,579868.8884,465503.6686,38177904.04,31641.69282,115870577,98446566.4,120204.7168,520209.5172,32593223.57,123939.2515,7147497.671,46531.26297,[Similar to: NP-017684; ΔMass: -74.2514 Da],24,45,4,14,0,3,0,1.875,0.5833333333333334,-0.833333333333333,84.04999999999998,6,-8,-5,-0.8,-15,Amino Sugar,74157450.87198196,785326.8522840914,0.010589992550307608,-6.561154615330032,0.05725853130666884,0.1663738456835283,Downregulated
Feature0024,L-Pyroglutamic acid,C5 H7 N O3,129.04257,26712165.31,59916740.92,44884489.23,36818213.75,1626207.718,3464384.336,1159105.802,8911293.052,115835747,21196132.32,63527788.51,27903485.02,75466.29428,L-Pyroglutamic acid-peak1,5,7,1,3,0,0,0,1.4,0.6,0.3999999999999999,48.9,3,0,-1,0.2,-1,Phenol,13403434.077919435,129271017.1924405,9.644619165576316,3.2697242720968918,0.1409108970872185,0.2746870652079955,Upregulated
Feature0023,N-Allyl-N'-(4-piperidinylmethyl)ethanediamide,C11 H19 N3 O2,225.14773,115305510,1793692.416,379639.0981,117419.3533,29287.21492,274461.4352,863077.2139,118926.3995,1022719.218,114175342,55977884.17,97347574.05,39582.50803,N-Allyl-N'-(4-piperidinylmethyl)ethanediamide-peak1,11,19,3,2,0,0,0,1.7272727272727273,0.18181818181818185,-0.5454545454545459,75.84545454545456,4,2,-0.16666666666666666,0,-1,Lipid,54481336.31568795,59322551.054892845,1.088860058629121,0.12281854937625916,0.9537583842045874,0.959992099134029,Upregulated
Feature0022,"(2S)-3-Hydroxy-2-({[(3S,4S,5R)-2,3,4-trihydroxy-5-(hydroxymethyl)tetrahydro-2-furanyl]methyl}amino)propanoic acid (non-preferred name)",C9 H17 N O8,267.09544,88438098.12,16207112.17,11795199.49,44344757.74,1091894.374,98307547.44,113757173.9,14431604.58,20735643.89,43539204.09,17913438.05,36623773.16,57194.48878,"(2S)-3-Hydroxy-2-({[(3S,4S,5R)-2,3,4-trihydroxy-5-(hydroxymethyl)tetrahydro-2-furanyl]methyl}amino)propanoic acid (non-preferred name)",9,17,1,8,0,0,0,1.8888888888888888,0.8888888888888888,0.22222222222222232,53.96666666666666,2,-6,-Inf,-0.75,-7,Carbohydrate,78485483.9383199,49583502.65509196,0.6317537991363932,-0.6625656598506657,0.3389637396420359,0.4500035853868408,Downregulated
Feature0021,methallylamine,C4 H9 N,71.07353,78898544.62,58272973.2,33739489.03,31028784.33,1345360.038,78401295.51,92698118.71,45771918.28,111793250.3,16189415.23,82308405.32,7433416.567,292922.6616,methallylamine,4,9,1,0,0,0,0,2.25,0,-1.5,103.05,1,1,0,0,0,Lipid,66859933.51682447,189634835.35728633,2.8363000885959164,1.5040101818811675,0.04104085562173822,0.13167274511974345,Upregulated
Feature0020,"3-(propan-2-yl)-octahydropyrrolo[1,2-a]pyrazine-1,4-dione",C10 H16 N2 O2,196.1212,68492400.95,86764973.45,94155518.37,70012075.43,3217210.689,64271932.85,77278693.04,82437640.4,95554463.81,64505973.5,107426618.5,52907859.13,981276.7626,"3-(propan-2-yl)-octahydropyrrolo[1,2-a]pyrazine-1,4-dione",10,16,2,2,0,0,0,1.6,0.2,-0.5999999999999996,77.39999999999999,4,2,0,0.14285714285714285,0,Lipid,56818639.76081743,283274992.9362893,4.985599692790216,2.3177670496141842,0.004144728817327569,0.055581944815959766,Upregulated
Feature0019,"Methyl 4-hydroxy-2-methoxy-3,6-dimethylbenzoate",C11 H14 O4,210.0892,615882.5276,124255.3778,146126.266,106195727.2,89737.43153,714898.8875,137141.3195,204187.2431,149600.1775,67745215.45,533392.2576,40961612.8,2054291.888,"Methyl 4-hydroxy-2-methoxy-3,6-dimethylbenzoate",11,14,0,4,0,0,0,1.2727272727272727,0.3636363636363637,-0.5454545454545459,75.84545454545456,5,1,0.14285714285714285,0.3333333333333333,1,Phenol,443695.3686395693,895429.1430083833,2.0181169475667313,1.0130097793926929,0.38818860014254436,0.4980061114130277,Upregulated
Feature0018,Tetrolic Acid,C4 H4 O2,84.02115,24505716.48,2578609.886,3594402.336,33686390.49,266119.3841,105434423.5,66308111.6,2031949.064,3428940.503,45851038.96,3317190.997,29554898.37,68342.75701,Tetrolic Acid-peak1,4,4,0,2,0,0,0,1,0.5,0,60.3,3,1,0.5,0.6666666666666666,1,Phenol,41837120.56025303,8064661.9558488205,0.19276331276752773,-2.375097594796554,0.05047245324147587,0.1524070156703389,Downregulated
Feature0017,C16 phytosphingosine,C16 H35 N O3,289.26171,1312857.183,370526.5901,1353038.896,746980.2699,489932.4883,231956.429,941977.3323,2795137.575,56092289.01,97497614.57,104380839.6,104706811.9,338495.1825,C16 phytosphingosine,16,35,1,3,0,0,0,2.1875,0.1875,-1.625,106.6125,0,-3,-0.3333333333333333,-0.18518518518518515,-4,Lipid,816551.076565445,110922978.79087104,135.84328277103285,7.0857994181795485,0.40664030687529185,0.4980061114130277,Upregulated
Feature0016,D-Glucose 6-phosphate,C6 H13 O9 P,260.02971,87521811.95,10237855.67,15786902.56,97371518.59,1601160.605,87691831.18,99044281.44,6960090.428,12419324.53,102907355.6,9384871.225,68655990.4,49197.02488,D-Glucose 6-phosphate,6,13,0,9,0,1,0,2.1666666666666665,1.5,0,60.3,1,-8,2.25,-9,-9,Carbohydrate,73673129.74772207,26848154.6535648,0.3644226157555758,-1.456315600549889,0.20129717408402012,0.31632413070346016,Downregulated
Feature0015,PYRIDOXAMINE,C8 H12 N2 O2,168.08991,73706446.44,92057321.67,99947831.67,98128903.79,4063080.803,75691544.45,82734432.16,97608852.06,93929528.69,76200194.32,102304068.7,76003984.98,107195.2861,PYRIDOXAMINE-peak2,8,12,2,2,0,0,0,1.5,0.25,-0.25,67.425,4,2,0,0.2,0,Lipid,62269532.887807764,300243976.19619566,4.82168345051104,2.2695369393335256,0.0028803197989570755,0.055581944815959766,Upregulated
Feature0014,PYRIDOXAMINE,C8 H12 N2 O2,168.08991,6993993.527,92057321.67,99947831.67,98128903.79,4068182.84,75691544.45,82734432.16,97608852.06,93929528.69,76200194.32,11611439.8,2923541.61,110421.5403,PYRIDOXAMINE-peak1,8,12,2,2,0,0,0,1.5,0.25,-0.25,67.425,4,2,0,0.2,0,Lipid,30859955.92813845,206956682.9057482,6.7063181615578005,2.7455209291819918,0.18634870043695295,0.30529467943926336,Upregulated
Feature0013,NA,C16 H29 N O13,443.16399,75718399.35,7940370.986,932023.5632,8790589.151,18720.95511,99836951.95,66748657.91,5800301.115,1182798.787,3418632.212,12824633.78,1347431.748,32202.62129,Feature0013,16,29,1,13,0,0,0,1.8125,0.8125,0,60.3,3,-10,-5.5,-0.5294117647058824,-11,Carbohydrate,64996117.284053035,26991476.829572,0.41527829595744836,-1.2678496219515103,0.21940209933930246,0.3312541499828684,Downregulated
Feature0012,Methionine sulfoxide,C5 H11 N O3 S,165.046,82819862.49,7081023.377,4416131.381,4349936.622,225113.8591,80507551.47,98749119.12,9829037.748,10393153.18,1914586.948,11007759.83,2076448.462,38164.07489,Methionine sulfoxide,5,11,1,3,1,0,0,2.2,0.6,0,60.3,1,-2,-Inf,-1.6666666666666667,-4,Amino Sugar,70093778.77570523,29000231.240495,0.41373473861772436,-1.2732219985000748,0.2186603333667555,0.3312541499828684,Downregulated
Feature0011,"N-[5-(1,2-Dihydroxyethyl)-4-hydroxy-2-oxotetrahydro-3-furanyl]acetamide",C8 H13 N O6,219.0743,60289813.02,24484256.01,16011454.34,88214000.49,934730.263,59658268.61,75307604.67,11555524.57,18516471.67,96497081.05,25681635.47,74919253.18,38453.50326,"N-[5-(1,2-Dihydroxyethyl)-4-hydroxy-2-oxotetrahydro-3-furanyl]acetamide",8,13,1,6,0,0,0,1.625,0.75,0.25,53.175,3,-3,-4,-0.25,-4,Carbohydrate,51784850.88273454,61667460.4336352,1.190839780021373,0.2519793207438322,0.6551948150907447,0.67266667682649794,Upregulated
Feature0010,L-Lysine,C6 H14 N2 O2,146.10555,32539129.36,43305657.07,40430468,17587046.43,1961656.529,29117120.05,30623412.65,33922865.91,83884815.75,12960991.93,47898288.04,7118206.081,44134.47576,L-Lysine,6,14,2,2,0,0,0,2.3333333333333335,0.3333333333333333,-0.666666666666667,79.30000000000001,1,-1,-1.5,-0.6666666666666666,-3,Other,25725487.768022664,127171650.45560199,4.943410659590256,2.305506759187652,0.002174317881984825,0.055581944815959766,Upregulated
Feature0009,AC-LYS-OH,C8 H16 N2 O3,188.1161,22406086.08,71165264.41,38086876.55,45740859.53,1485158.148,23730339.12,24955717.4,44721974.39,47334547.6,41032605,78317861.39,41367298.83,23940.71908,AC-LYS-OH,8,16,2,3,0,0,0,2,0.375,-0.5,74.55,2,-1,-1,-0.3333333333333333,-3,Protein,19029233.2284609,195862235.908779,10.292702472942494,3.3635499238076028,0.015252103212062192,0.08388656766634206,Upregulated
Feature0008,2-Acetamido-2-deoxyhexitol,C8 H17 N O6,223.1056,23005760.89,3120480.633,2496198.153,74772894.19,420664.0622,20078995.71,24870451.28,2629169.812,9389974.091,62961281.41,3165611.416,63195717.66,39907.0125,2-Acetamido-2-deoxyhexitol,8,17,1,6,0,0,0,2.125,0.75,-0.25,67.425,1,-5,-6,-0.75,-6,Carbohydrate,18628247.27823983,9082789.750303144,0.4875815536823478,-1.0362845483270986,0.302818357309695,0.4090704125060792,Downregulated
Feature0007,Furan,C4 H4 O,68.02622,22656690.9,59203973.79,53888702.56,5883415.271,699828.3976,22100124.77,5972700.666,57862952.7,74626833.92,15551300.47,62706014.46,23006235.65,46341.06382,Furan,4,4,0,1,0,0,0,1,0.25,-0.5,74.55,3,2,0.6666666666666666,0.7142857142857143,2,Phenol,15706318.458642071,184251863.84202734,11.731066342962544,3.55226225384474,7.840848656240632e-4,0.055581944815959766,Upregulated
Feature0006,N-Acetylneuraminic acid,C11 H19 N O9,309.10597,65235429.03,17292284.85,15360282.21,43421998.75,269530.2704,71798824.67,73326745.08,9862574.609,70633158.91,45658778.75,20257190.89,39292930.39,32691.00304,N-Acetylneuraminic acid,11,19,1,9,0,0,0,1.7272727272727273,0.8181818181818182,0.18181818181818168,55.11818181818182,3,-6,-7,-0.4545454545454546,-7,Carbohydrate,56010568.7719864,47695682.0830856,0.8515478976342857,-0.23184041438341346,0.705646018961593,0.7196654762919558,Downregulated
Feature0005,L-Cystathionine,C7 H14 N2 O4 S,222.06742,3391940.145,34785469.41,32205140.81,3404074.117,1110475.893,2576414.236,3249467.559,23193807.19,67659207.66,408808.2621,38622022.24,13757767.68,29932.51828,L-Cystathionine,7,14,2,4,1,0,0,2,0.5714285714285714,0.2857142857142856,52.15714285714286,2,-2,-Inf,-1.5,-5,Amino Sugar,2607055.6934702634,97625737.87179957,37.44674044222259,5.2267682394057795,0.013535766904621549,0.08327092446295123,Upregulated
Feature0004,NA,C18 H34 N2 O12,470.21123,55732333.41,2407253.975,1484344.544,12999392.61,680021.5998,54299780.38,62670962.7,1772531.229,1650690.168,7841637.888,2448761.351,7447928.222,40901.52797,Feature0004,18,34,2,12,0,0,0,1.8888888888888888,0.6666666666666666,-0.22222222222222232,66.63333333333333,3,-9,-2.75,-0.5,-11,Amino Sugar,46565350.817383036,6718731.57028396,0.1442860722049114,-2.7929960502951166,0.1314021070009431,0.2644810875128508,Downregulated
Feature0003,5-Methylhexan-3-one,C8 H15 N O4,189.10012,5934839.182,20924216.12,54260303.79,9454371.867,72912.44996,5290923.461,6680732.264,31280170.91,47701015.64,9423522.894,34387010.07,7605196.634,84161.7704,5-Methylhexan-3-one,8,15,1,4,0,0,0,1.875,0.5,-0.5,74.55,2,-2,-1,-0.2,-3,Protein,4869766.96721745,90186191.69565137,18.51961137006585,4.210981919167935,0.036269297982945564,0.12793357424187018,Upregulated
Feature0002,Trigonelline,C7 H7 N O2,137.04768,23737106.91,239274.4157,198142.8314,51476421.93,1724076.685,25564376.62,23857666.01,491149.2951,3922358.783,51693304.89,148845.8349,45824524.32,66737.98508,Trigonelline,7,7,1,2,0,0,0,1,0.2857142857142857,0,60.3,5,3,0.5,0.6,2,Phenol,19810291.357986502,933866.4181616959,0.047140468622396535,-4.406890089314623,0.11090035253407289,0.25115668073892977,Downregulated
Feature0001,3-Carboxytyrosine,C10 H11 N O5,225.06369,1443846.94,428255.2975,337772.6492,48247903.81,10890.92403,1376655.791,1526131.557,688246.6651,298493.2736,30164511.67,393114.9143,27968224.37,21128.37253,3-Carboxytyrosine,10,11,1,5,0,0,0,1.1,0.5,0.20000000000000015,54.599999999999994,6,1,0,0.38461538461538464,0,Phenol,1184712.9542287907,1581675.1454436732,1.3350703559017736,0.4169157714529387,0.5351814853714928,0.5763492919385307,Upregulated
