FeatureID,Name,Formula,MW,Area: 2,Area: 10,Area: 14,Area: 19,Area: 40,Area: 41,Area: 46,Area: 47,Area: 57,Area: 59,Area: 60,Area: B,name4plot,C,H,N,O,S,P,Cl,H_to_C,O_to_C,NOSC,GFE,DBE,DBE_O,AI,AI_mod,DBE_AI,Class,control_means,treatment_means,ratio,log2FC,pval,pval.adj,Comment
Feature0175,"1-(3,4-dimethoxyphenyl)ethan-1-one oxime",C10 H13 N O3,195.08956,2257925.798,2325583.605,110975740,1415762.65,2896258.067,2154249.787,1357274.709,3692159567,2269695.912,2151323.734,1634907.96,487806.7065,"1-(3,4-dimethoxyphenyl)ethan-1-one oxime-peak2",10,13,1,3,0,0,0,1.3,0.3,-0.4000000000000003,71.7,5,2,0.16666666666666666,0.3333333333333333,1,Phenol,21.982630404977566,31.0450282903513,1.4122526612339221,0.497998219275078,0.11863054572780589,0.2731624408206057,Upregulated
Feature0174,"4-methoxy-6-(prop-2-en-1-yl)-2H-1,3-benzodioxole",C11 H12 O3,192.07866,817106.9296,751110.9385,2206629.964,2921797054,7378643.782,872850.1032,286793.2395,909997.4955,2675385293,1738263.012,2874776777,465876.0683,"4-methoxy-6-(prop-2-en-1-yl)-2H-1,3-benzodioxole-peak6",11,12,0,3,0,0,0,1.0909090909090908,0.2727272727272727,-0.5454545454545459,75.84545454545456,6,3,0.375,0.47368421052631576,3,Phenol,20.419916326940033,21.5264865940611,1.0541907346437638,0.07613591728799789,0.557955815705466,0.68762160386237,Upregulated
Feature0173,"1-(3,4-dimethoxyphenyl)ethan-1-one oxime",C10 H13 N O3,195.08956,1380037.349,1273825.138,2638831468,2444881.928,3381999.28,2067009.134,1232666.528,351439254.5,2118231.585,2005258.7,1519800.113,408542.5427,"1-(3,4-dimethoxyphenyl)ethan-1-one oxime-peak1",10,13,1,3,0,0,0,1.3,0.3,-0.4000000000000003,71.7,5,2,0.16666666666666666,0.3333333333333333,1,Phenol,21.785940740570368,31.625592367440802,1.4516514454914848,0.5376950909187737,0.1107973857416748,0.26760581471450295,Upregulated
Feature0172,Choline O-Sulfate,C5 H13 N O4 S,183.05656,18455380.89,173889126.6,358388843.4,2281488183,18362239.37,17267620.54,388426123.5,1013034308,1617001965,273773566.5,1510370737,75654.80713,Choline O-Sulfate,5,13,1,4,1,0,0,2.6,0.8,0,60.3,0,-4,6,-4,-6,Other,23.925855745322632,28.6477330927355,1.1973545856697714,0.2598504565697195,0.06967045875835322,0.2142223456595008,Upregulated
Feature0171,Betaine,C5 H11 N O2,117.07895,1932171556,1399168738,2002960831,2195957216,1922636748,2159050538,506181853.5,1849146123,2252386478,1274603634,1898401604,277672.4408,Betaine,5,11,1,2,0,0,0,2.2,0.4,-0.7999999999999998,83.1,1,-1,-1,-0.3333333333333333,-2,Protein,31.2919687292429,30.329082071447203,0.9692289524469625,-0.045090593804473236,0.12404519746214294,0.2783065327676284,Downregulated
Feature0170,NA,C30 H32 O10,552.19967,801339.7713,764300.7706,795643.4129,2091823089,1442045.221,802660.1892,849278.6099,828862.5083,1831460665,866730.3238,2085742045,1537081.377,Feature0170,30,32,0,10,0,0,0,1.0666666666666669,0.3333333333333333,-0.4000000000000003,71.7,15,5,0.25,0.4,5,Phenol,20.1688244603425,21.108348832875052,1.0465830011253219,0.0656867316255926,0.3504557737954491,0.5269650858610668,Upregulated
Feature0169,L-Phenylalanine,C9 H11 N O2,165.07901,1114276985,819605334.9,579010543.8,396138389,1096953852,1313901615,699857469.8,1801302787,189165072.4,41795883.55,3463392.157,345664.0812,L-Phenylalanine-peak2,9,11,1,2,0,0,0,1.2222222222222223,0.2222222222222222,-0.44444444444444464,72.96666666666667,5,3,0.3333333333333333,0.42857142857142855,2,Phenol,30.038710420418568,29.41036560263235,0.9790821640146341,-0.030498159836217814,0.5477006281236318,0.6797702831321671,Downregulated
Feature0168,"4-methoxy-6-(prop-2-en-1-yl)-2H-1,3-benzodioxole",C11 H12 O3,192.07866,351486.3383,532220.9311,719590.199,1196298798,2351960.839,620492.3733,391500.384,967328.4151,1381709804,952632.6253,1661935952,664340.0482,"4-methoxy-6-(prop-2-en-1-yl)-2H-1,3-benzodioxole-peak5",11,12,0,3,0,0,0,1.0909090909090908,0.2727272727272727,-0.5454545454545459,75.84545454545456,6,3,0.375,0.47368421052631576,3,Phenol,20.4005505977278,21.4680919470075,1.0523290459326426,0.07358588211126063,0.42626257292982805,0.5827808614274993,Upregulated
Feature0167,L-alpha-Glycerylphosphorylcholine,C8 H20 N O6 P,257.10283,1049806155,1488491986,1053173317,1513789617,958507404.1,980587971.8,861982582,755759749.2,1382905160,1632046153,836587745,29374.38688,L-alpha-Glycerylphosphorylcholine,8,20,1,6,0,1,0,2.5,0.75,-1.25,95.925,0,-6,-Inf,-1.6666666666666667,-8,Carbohydrate,30.158023896864833,29.21016647594785,0.968570307386237,-0.0460713187114369,0.20936063722199583,0.38566433172472914,Downregulated
Feature0166,1-[(3-Carboxypropyl)amino]-1-deoxy-beta-D-fructofuranose,C10 H19 N O7,265.11614,502369597.5,79698117.86,23169906.2,1441632291,555393728.8,536760591.2,26406342.01,33511708.23,1095664071,100516511.3,989159664.9,124542.1197,1-[(3-Carboxypropyl)amino]-1-deoxy-beta-D-fructofuranose-peak2,10,19,1,7,0,0,0,1.9,0.7,-0.20000000000000015,66,2,-5,-3,-0.4545454545454546,-6,Amino Sugar,28.76880967024613,24.21149502884465,0.8415883488528605,-0.248813363128526,0.0012100112570219642,0.021474768533589463,Downregulated
Feature0165,Adenosine,C10 H13 N5 O4,267.09675,171950044,743269264,696101538.9,1175248996,155975869.1,188386905.4,616581587.1,1357108263,845637758.7,925647307.9,778356683.2,298650.9187,Adenosine-peak2,10,13,5,4,0,0,0,1.3,0.4,1,31.799999999999997,7,3,-2,0,-2,Phenol,27.4012897714684,29.33554875556745,1.0705900707678768,0.09840617749245284,0.1122892212872835,0.26760581471450295,Upregulated
Feature0164,DL-Carbidopa,C10 H14 N2 O4,226.09535,297245783.7,1160396533,1102901533,1099965706,274591234.6,338821654.6,881341428.1,1085665192,959430045.6,1352782325,803965985.4,325032.8326,DL-Carbidopa-peak2,10,14,2,4,0,0,0,1.4,0.4,0,60.3,5,1,-0.25,0.16666666666666666,-1,Phenol,28.311967106377466,29.5039511091191,1.0421017726625266,0.05949617948365993,0.017853374117911828,0.0918923667833697,Upregulated
Feature0163,methoxyresorcinol,C7 H8 O3,140.04735,607373.5869,7443856.726,8146555.891,1328496974,2526197.608,1249161.622,7311472.835,4497777,1074745449,9697784.924,984328358.5,1430823.172,methoxyresorcinol-peak2,7,8,0,3,0,0,0,1.1428571428571428,0.42857142857142855,-0.2857142857142856,68.44285714285714,4,1,0.25,0.4545454545454546,1,Phenol,19.286781323726267,23.10471794724965,1.197956131686246,0.26057507861293977,0.06724071312133746,0.2142223456595008,Upregulated
Feature0162,Choline,C5 H13 N O,103.09967,1258592902,730362497,770699118.2,346675206.1,1228856029,1327208320,822407853.3,1130348199,315737652.6,917177209.4,289742797.9,120683.6109,Choline,5,13,1,1,0,0,0,2.6,0.2,-1.5999999999999996,105.89999999999998,0,-1,-0.6666666666666666,-0.42857142857142855,-2,Other,30.376806937630835,29.274635053510302,0.9637166642832641,-0.05331904295178053,0.06998756219283486,0.2142223456595008,Downregulated
Feature0161,"4-methoxy-6-(prop-2-en-1-yl)-2H-1,3-benzodioxole",C11 H12 O3,192.07866,801393.4383,593936.1114,693410.2379,1261449757,918919.0132,610581.8145,555218.437,624575.9897,1159624125,619974.5323,1247678745,372753.6115,"4-methoxy-6-(prop-2-en-1-yl)-2H-1,3-benzodioxole-peak4",11,12,0,3,0,0,0,1.0909090909090908,0.2727272727272727,-0.5454545454545459,75.84545454545456,6,3,0.375,0.47368421052631576,3,Phenol,20.526018160263668,21.2365025783974,1.0346138453443035,0.04909240312628895,0.492159933272602,0.6379850986867063,Upregulated
Feature0160,"bis-beta-D-fructofuranose 1,2':2,3'-dianhydride",C12 H20 O10,324.1057,1194768561,21189835.21,28284200.5,233204001.3,1166139855,1201971210,7082328.398,35149096.47,196789414.2,18076606.81,161961985.2,134888.5386,"bis-beta-D-fructofuranose 1,2':2,3'-dianhydride-peak2",12,20,0,10,0,0,0,1.6666666666666667,0.8333333333333334,0,60.3,3,-7,-3.5,-0.2857142857142857,-7,Carbohydrate,29.7050027070813,24.413868862555752,0.8218773485159722,-0.2830049830855475,7.05116128143915e-4,0.017627903203597875,Downregulated
Feature0159,Adenosine,C10 H13 N5 O4,267.09676,7961141.119,647420268.7,613175222.5,1152326006,153407001.2,186051840.4,525758452.4,60441321.41,821615467.7,829545130.1,755940589.5,226883.2077,Adenosine-peak1,10,13,5,4,0,0,0,1.3,0.4,1,31.799999999999997,7,3,-2,0,-2,Phenol,25.7324440294031,27.00286493330895,1.049370394139562,0.06952399294875394,0.62042059442818,0.729210123023318,Upregulated
Feature0158,L-Phenylalanine,C9 H11 N O2,165.07901,1026682426,17409160.39,17456322.75,11139449.51,26366795.5,36213510.01,14247310.04,40916233.77,201643473.8,1142999795,92529350.45,122254.9798,L-Phenylalanine-peak1,9,11,1,2,0,0,0,1.2222222222222223,0.2222222222222222,-0.44444444444444464,72.96666666666667,5,3,0.3333333333333333,0.42857142857142855,2,Phenol,25.776118924820068,24.3135092237354,0.9432571790442701,-0.08427691958995474,0.5370958681124469,0.6761998339545194,Downregulated
Feature0157,L-Glutamic acid,C5 H9 N O4,147.05318,566717837.7,431682611.9,319637014.3,1141392480,621356311.5,801787853.9,499661785.5,909900302,459571099.8,935112897.3,452181562.1,288352.2684,L-Glutamic acid,5,9,1,4,0,0,0,1.8,0.8,0.3999999999999999,48.9,2,-2,-Inf,-0.5,-3,Carbohydrate,29.3622935421316,28.48487730108825,0.9701175849977675,-0.043768472317477804,0.410789816796579,0.5742065773682965,Downregulated
Feature0156,L-Iditol,C6 H14 O6,182.07906,32725855.72,961964058.2,666561028.9,29896025.32,33395689.7,34603911.74,1029209088,1113135697,26513627.87,1025941581,29557190.36,163712.4014,L-Iditol,6,14,0,6,0,0,0,2.3333333333333335,1,-0.33333333333333304,69.79999999999998,0,-6,-Inf,-1,-6,Carbohydrate,24.681357620084068,29.16283437630205,1.1815733488084648,0.2407091906132019,0.007213954038723312,0.06312209783882898,Upregulated
Feature0155,DL-Carbidopa,C10 H14 N2 O4,226.09535,292953637.2,1103562608,1049543444,1049746355,273337567.2,342781123.4,845775223.3,1036922106,918893740.2,969406341.2,66918176.08,164948.3633,DL-Carbidopa-peak1,10,14,2,4,0,0,0,1.4,0.4,0,60.3,5,1,-0.25,0.16666666666666666,-1,Phenol,28.218221164504666,29.43752857494035,1.0432099317433035,0.061029509735888963,0.00837532546930783,0.06500865768387128,Upregulated
Feature0154,Isoleucine,C6 H13 N O2,131.0946,598472223,474245844.2,405734711,299405508.1,602726902.4,690581257.1,425204660.4,1083152870,3407404.451,9023292.215,1538905.937,238120.8703,Isoleucine-peak6,6,13,1,2,0,0,0,2.1666666666666665,0.3333333333333333,-1,88.8,1,-1,-0.6666666666666666,-0.25,-2,Protein,28.883538626938968,28.788082911287198,0.9966951516265137,-0.004775784334830767,0.9035251722509995,0.9300994420230876,Downregulated
Feature0153,DL-Carnitine,C7 H15 N O3,161.10522,9637438.535,1060131791,756974997.9,407891999.1,12893917.96,10665770.03,846557165.4,975636374.6,382768014.7,1057461702,383521723.6,155044.3168,DL-Carnitine,7,15,1,3,0,0,0,2.142857142857143,0.42857142857142855,-0.8571428571428568,84.72857142857141,1,-2,-1,-0.3333333333333333,-3,Protein,23.181591192109934,29.1586357080142,1.2578358174972306,0.33094362274135003,8.983147241254912e-5,0.00762589611574046,Upregulated
Feature0152,methoxyresorcinol,C7 H8 O3,140.04733,443566.3653,7149367.179,946833.7579,5470175.518,487064.383,1039333.518,6943650.926,4226971.12,992563721,9058681.838,902814352.8,1174860.685,methoxyresorcinol-peak1,7,8,0,3,0,0,0,1.1428571428571428,0.42857142857142855,-0.2857142857142856,68.44285714285714,4,1,0.25,0.4545454545454546,1,Phenol,19.550937426399766,22.44824632365615,1.1481928377175474,0.19936496139974832,0.023930005383797654,0.11318245789634025,Upregulated
Feature0151,[Similar to: Butyryl trihexyl citrate; ΔMass: -305.2970 Da],C6 H11 N O7,209.05352,49274097.73,314124152.6,132865269.8,972581721.9,730045800.2,849257203.1,215515881.7,232727398.6,15268417.02,6469997.607,12226703.68,54741.69576,[Similar to: Butyryl trihexyl citrate; ΔMass: -305.2970 Da],6,11,1,7,0,0,0,1.8333333333333333,1.1666666666666667,1,31.799999999999997,2,-5,3,-1.6666666666666667,-6,Carbohydrate,27.816749783001836,26.8840216407277,0.9664688308465101,-0.049204889412336486,0.49918422243115257,0.6391524426319244,Downregulated
Feature0150,Proline,C5 H9 N O2,115.06328,740088477.4,163866357.2,216613461.5,231194434.7,789911298.8,880947057.5,115747221.8,332545681,161004273.7,210962261.1,143259130.8,694260.1783,Proline,5,9,1,2,0,0,0,1.8,0.4,-0.4000000000000003,71.7,2,0,-0.5,0,-1,Protein,29.430040229098,27.4819064797538,0.9338045842214634,-0.09880742382992277,0.046956071260721856,0.18425850040613195,Downregulated
Feature0149,[Similar to: Butyryl trihexyl citrate; ΔMass: -305.2971 Da],C6 H11 N O7,209.05352,749589617,11854339.32,2811829.681,12166944.09,15543524.02,4447270.998,10758494.19,232727398.6,866289828,304101284,783591342,55290.92011,[Similar to: Butyryl trihexyl citrate; ΔMass: -305.2971 Da],6,11,1,7,0,0,0,1.8333333333333333,1.1666666666666667,1,31.799999999999997,2,-5,3,-1.6666666666666667,-6,Carbohydrate,24.298722562648567,24.2924569364018,0.9997421417430231,-3.720587998714452e-4,0.9988756699940187,0.9988756699940187,Downregulated
Feature0148,Isoleucine,C6 H13 N O2,131.09459,7600391.705,5940583.052,5830159.615,18466774.96,10360246.38,2341905.89,4341702.137,36302479.41,179022694.6,703674377.3,74745432.45,268791.4194,Isoleucine-peak5,6,13,1,2,0,0,0,2.1666666666666665,0.3333333333333333,-1,88.8,1,-1,-0.6666666666666666,-0.25,-2,Protein,21.440985935438366,24.259154405574748,1.1314383806146908,0.17815801597704983,0.1438613751321253,0.29618518409555206,Upregulated
Feature0147,[Similar to: AB-CHMINACA metabolite M7; ΔMass: 39.9895 Da],C16 H29 N O12,427.16895,610798677.3,3327969.6,1506661.206,207164729.6,594673898.4,692208180.5,1177663.394,1205314.139,86905356.03,553699.742,18786421.05,48777.22764,[Similar to: AB-CHMINACA metabolite M7; ΔMass: 39.9895 Da],16,29,1,12,0,0,0,1.8125,0.75,-0.125,63.8625,3,-9,-3.3333333333333335,-0.4444444444444444,-10,Carbohydrate,28.203948807991566,20.762496932047803,0.736155673568829,-0.4419172121141805,0.016771593319297732,0.08894026760233645,Downregulated
Feature0146,Isoleucine,C6 H13 N O2,131.0946,4546665.498,474245844.2,405734711,299405508.1,602726902.4,690581257.1,425204660.4,55822609.66,3455552.991,9184624.663,2486249.184,238769.0126,Isoleucine-peak4,6,13,1,2,0,0,0,2.1666666666666665,0.3333333333333333,-1,88.8,1,-1,-0.6666666666666666,-0.25,-2,Protein,26.17579602092867,26.7674264390264,1.0226021939361347,0.032245026362788476,0.8341983009087333,0.890150625969685,Upregulated
Feature0145,9-O-acetylneuraminic acid,C11 H19 N O9,309.10604,666205960.7,19140262.85,16826752.25,107095154.1,652214042.3,673397169.7,12908791.92,74731583.16,94936641.07,6111356.069,76188487.63,110202.1724,9-O-acetylneuraminic acid,11,19,1,9,0,0,0,1.7272727272727273,0.8181818181818182,0.18181818181818168,55.11818181818182,3,-6,-7,-0.4545454545454546,-7,Carbohydrate,28.638077173852,24.6648855011274,0.8612619259105733,-0.2154760399059405,0.1420213318354046,0.295877774657093,Downregulated
Feature0144,methyl N-acetylneuraminate,C12 H21 N O9,323.12166,24731475.28,2556722.699,3032337.27,17675422.11,513299765.1,656655264.7,1816746.104,3254953.797,6940221.478,2792272.641,3804967.468,324280.0591,methyl N-acetylneuraminate-peak3,12,21,1,9,0,0,0,1.75,0.75,0,60.3,3,-6,-3.5,-0.38461538461538464,-7,Carbohydrate,27.055362346679033,22.52385479932525,0.8325098185975686,-0.26446080749807144,0.07716311636109524,0.21779911876115593,Downregulated
Feature0143,"4-(4-hydroxy-2-methoxy-3,5,6-trimethylbenzoyloxy)-2-methoxy-3,5,6-trimethylbenzoic acid",C22 H26 O7,402.1679,256300.8884,262116.3609,580133.8115,633309591.3,1186209.35,262879.3887,290674.2275,292591.6259,562782673.9,255802.4188,620469719.7,480005.627,"4-(4-hydroxy-2-methoxy-3,5,6-trimethylbenzoyloxy)-2-methoxy-3,5,6-trimethylbenzoic acid-peak4",22,26,0,7,0,0,0,1.181818181818182,0.3181818181818182,-0.5454545454545459,75.84545454545456,10,3,0.2,0.35135135135135137,3,Phenol,20.6530872957077,21.19560958508325,1.0262683385591607,0.0374080019903882,0.6859545516755752,0.7695002983540106,Upregulated
Feature0142,"3',4'-Dimethoxyacetophenone",C10 H12 O3,180.07864,113926.1039,389306311.7,179447171,263123.0167,111289.2072,117131.0571,486749658.7,54040767.84,92938.88614,625563644.6,89458.14014,261838.6732,"3',4'-Dimethoxyacetophenone",10,12,0,3,0,0,0,1.2,0.3,-0.5999999999999996,77.39999999999999,5,2,0.2857142857142857,0.4117647058823529,2,Phenol,18.258808039593266,28.74436524700765,1.5742739167133475,0.6546865852560285,0.07430524126258704,0.21779911876115593,Upregulated
Feature0141,"Methyl (5-acetamido-2,2-dimethyl-4,6-dioxo-1,3-dioxan-5-yl)acetate",C11 H15 N O7,273.08487,222728320,29633534.88,32027568.76,23471317.5,22293645.1,1172448.313,19717069.51,34901588.98,545589546.9,619038530.8,487483308.6,400058.7494,"Methyl (5-acetamido-2,2-dimethyl-4,6-dioxo-1,3-dioxan-5-yl)acetate-peak3",11,15,1,7,0,0,0,1.3636363636363635,0.6363636363636364,0.18181818181818168,55.11818181818182,5,-2,-1,0.07692307692307693,-3,Phenol,23.2602884250158,24.6661942350142,1.0604423205899023,0.08466615216319293,0.6261556240578485,0.729210123023318,Upregulated
Feature0140,"Methyl (5-acetamido-2,2-dimethyl-4,6-dioxo-1,3-dioxan-5-yl)acetate",C11 H15 N O7,273.08489,14890325.63,513657587.3,588948954.2,572112901.2,216596498.1,262780104.8,488385015.8,591610130.9,28389972.49,39301736.46,12502089.36,418450.4043,"Methyl (5-acetamido-2,2-dimethyl-4,6-dioxo-1,3-dioxan-5-yl)acetate-peak2",11,15,1,7,0,0,0,1.3636363636363635,0.6363636363636364,0.18181818181818168,55.11818181818182,5,-2,-1,0.07692307692307693,-3,Phenol,26.172496817377365,28.6180705908065,1.0934405987511815,0.12887484799019164,0.1654795694947265,0.3328612030066338,Upregulated
Feature0139,"Methyl (5-acetamido-2,2-dimethyl-4,6-dioxo-1,3-dioxan-5-yl)acetate",C11 H15 N O7,273.08486,13710040.44,513657587.3,588948954.2,572112901.2,216173261,258274522,488385015.8,33214731.24,25869637.49,35740653.52,12080517.7,347185.7544,"Methyl (5-acetamido-2,2-dimethyl-4,6-dioxo-1,3-dioxan-5-yl)acetate-peak1",11,15,1,7,0,0,0,1.3636363636363635,0.6363636363636364,0.18181818181818168,55.11818181818182,5,-2,-1,0.07692307692307693,-3,Phenol,25.990113161065267,26.56775058401505,1.0222252754103094,0.031713168783273675,0.8393512889154613,0.8902210640012468,Upregulated
Feature0138,L-Pyroglutamic acid,C5 H7 N O3,129.04256,17627856.28,8643122.035,11041245.91,570516382.3,417944873.4,506071437.2,7562294.449,15058261.68,2668205.335,421227.5335,912739.2921,123300.8252,L-Pyroglutamic acid-peak3,5,7,1,3,0,0,0,1.4,0.6,0.3999999999999999,48.9,3,0,-1,0.2,-1,Phenol,26.2685665437103,24.26192315654415,0.9236104724699332,-0.11464356350900357,0.27851210224425116,0.45152947512659447,Downregulated
Feature0137,Isoleucine,C6 H13 N O2,131.0946,262487841.5,224127603.6,134631419.2,96861444.75,256959057.3,325628227.3,209857723.4,555798124.3,1059227.258,17837733.41,385915.1446,52955.58614,Isoleucine-peak3,6,13,1,2,0,0,0,2.1666666666666665,0.3333333333333333,-1,88.8,1,-1,-0.6666666666666666,-0.25,-2,Protein,27.285974501791067,27.6618461938273,1.0137752709551042,0.019737877773937124,0.762479755950688,0.8392072785620779,Upregulated
Feature0136,DL-Stachydrine,C7 H13 N O2,143.09464,2953497.736,65203253.84,132332103.5,4632637.237,3510198.058,4009808.443,105374261.1,549446801.7,3969688.1,103333771.8,4131250.19,65861.81652,DL-Stachydrine,7,13,1,2,0,0,0,1.8571428571428572,0.2857142857142857,-0.8571428571428568,84.72857142857141,2,0,-0.25,0,-1,Lipid,20.726791244132333,28.47776523517895,1.3739591864341705,0.45833914942271264,0.052419618525156565,0.19111319253963333,Upregulated
Feature0135,L-Tyrosine,C9 H11 N O3,181.07392,4686035.809,270127508.6,189117348.4,7376551.601,348656323.8,445441513.2,214830217.5,547800984.8,2099826.276,1498551.186,778008.9444,64421.49027,L-Tyrosine-peak4,9,11,1,3,0,0,0,1.2222222222222223,0.3333333333333333,-0.22222222222222232,66.63333333333333,5,2,0.2,0.38461538461538464,1,Phenol,25.434077977749133,28.20264418998375,1.108852627355184,0.14906763609296234,0.27376624654864357,0.45152947512659447,Upregulated
Feature0134,methyl N-acetylneuraminate,C12 H21 N O9,323.12166,539870182.4,2052936.064,1329564.612,178746879.1,34395714.15,32405052.95,1280639.014,1608761.985,68148121.98,1448806.63,13893241.94,260382.6485,methyl N-acetylneuraminate-peak2,12,21,1,9,0,0,0,1.75,0.75,0,60.3,3,-6,-3.5,-0.38461538461538464,-7,Carbohydrate,25.73253754137397,21.381881928478748,0.8309278435560413,-0.26720489378062834,0.08623203712279164,0.23336176518465607,Downregulated
Feature0133,N-Methyl-Nâ€²-piperazinoacetohydrazide,C7 H16 N4 O,172.13244,5107038.521,84566.9988,88463.79228,332720.1237,337373.6463,90807.28879,79123.59428,99532.74814,504586564.4,141887.4136,478639900.5,59917.69005,N-Methyl-Nâ€²-piperazinoacetohydrazide-peak2,7,16,4,1,0,0,0,2.2857142857142856,0.14285714285714285,-0.2857142857142856,68.44285714285714,2,1,-1.5,-1,-3,Lipid,21.68412034256,20.2067191284968,0.9318671363779759,-0.10180382171675721,0.46597946412564395,0.6131308738495316,Downregulated
Feature0132,L-Saccharopine,C11 H20 N2 O6,276.13216,4383513.321,494493253.2,345580759.7,30916747.54,6083871.571,5628225.592,186557719.2,85987851.28,16339689.96,498999067,33622318.64,29786.64852,L-Saccharopine,11,20,2,6,0,0,0,1.818181818181818,0.5454545454545454,-0.18181818181818168,65.48181818181817,3,-3,-1.6666666666666667,-0.3333333333333333,-5,Protein,21.441095782687167,27.08389994571725,1.2631770418929065,0.3370568557216168,0.11468820630621554,0.26760581471450295,Upregulated
Feature0131,L-Pyroglutamic acid,C5 H7 N O3,129.04256,429289316.4,477854.7963,472737.8871,15775238.17,16117154.66,12707085.68,1011113.273,15135196.38,482100692.2,9525773.122,424603236.7,98797.05007,L-Pyroglutamic acid-peak2,5,7,1,3,0,0,0,1.4,0.6,0.3999999999999999,48.9,3,0,-1,0.2,-1,Phenol,24.514193662226567,22.069377816753402,0.9002693754010627,-0.15157135076980244,0.4587476742588641,0.6128308625595512,Downregulated
Feature0130,"1-{[(3S,4S,5R)-2,3,4-Trihydroxy-5-(hydroxymethyl)tetrahydro-2-furanyl]methyl}-2-pyrrolidinecarboxylic acid (non-preferred name)",C11 H19 N O7,277.11616,379637191.9,229375470.7,61303559.44,474679144.6,343323281.8,407363289.6,59771436.63,38402785.31,411665059.4,194426787,276990336.6,111352.9936,"1-{[(3S,4S,5R)-2,3,4-Trihydroxy-5-(hydroxymethyl)tetrahydro-2-furanyl]methyl}-2-pyrrolidinecarboxylic acid (non-preferred name)",11,19,1,7,0,0,0,1.7272727272727273,0.6363636363636364,-0.18181818181818168,65.48181818181817,3,-4,-1.6666666666666667,-0.2307692307692308,-5,Amino Sugar,28.2533510076927,25.01092847570385,0.8852375942554206,-0.1758633740984424,0.053546633091692775,0.19123797532747422,Downregulated
Feature0129,Valine,C5 H11 N O2,117.07893,342528852,250672733.5,145530791.4,138910573,334655086.3,382825729.4,192643993.6,463680664.6,63863453.34,342355863.7,29566812.7,375918.1143,Valine,5,11,1,2,0,0,0,2.2,0.4,-0.7999999999999998,83.1,1,-1,-1,-0.3333333333333333,-2,Protein,28.1538880416062,27.431279226190902,0.9743336048524659,-0.03751226953895774,0.5053688477653546,0.6408662924560656,Downregulated
Feature0128,L-Tyrosine,C9 H11 N O3,181.07392,3393826.723,270127508.6,189117348.4,169164808.8,348656323.8,445441513.2,214830217.5,16665946.88,2002865.977,1060134.72,706004.5169,58908.07059,L-Tyrosine-peak3,9,11,1,3,0,0,0,1.2222222222222223,0.3333333333333333,-0.22222222222222232,66.63333333333333,5,2,0.2,0.38461538461538464,1,Phenol,25.259091717282065,25.7740758719477,1.0203880709737987,0.029117938071505017,0.8679305441844994,0.9040943168588537,Upregulated
Feature0127,N-Methyl-Nâ€²-piperazinoacetohydrazide,C7 H16 N4 O,172.13243,127396.3128,100662.9339,1046830.038,434715633.7,5048699.512,5860518.819,101269.5863,263142.7933,5503340.413,121747.7297,5452261.3,65420.26728,N-Methyl-Nâ€²-piperazinoacetohydrazide-peak1,7,16,4,1,0,0,0,2.2857142857142856,0.14285714285714285,-0.2857142857142856,68.44285714285714,2,1,-1.5,-1,-3,Lipid,22.998071185921134,22.24227152995875,0.9671363894018614,-0.04820873627260905,0.7547298936355675,0.8359350087735715,Downregulated
Feature0126,Tetrolic Acid,C4 H4 O2,84.02114,403014788.5,5326748.551,10368700.28,53478070.83,278883550.8,427389489.4,1920718.184,8075780.08,38866487.16,3232904.952,43163181.19,210608.0058,Tetrolic Acid-peak3,4,4,0,2,0,0,0,1,0.5,0,60.3,3,1,0.5,0.6666666666666666,1,Phenol,27.420323685084266,23.21400231355875,0.8465984056266407,-0.24025032321272613,0.010160854026771778,0.06839036364173312,Downregulated
Feature0125,"4-methoxy-6-(prop-2-en-1-yl)-2H-1,3-benzodioxole",C11 H12 O3,192.07866,607564.3405,356212.2805,560964.8759,414909789.1,955029.4691,1028836.813,613179.8165,243820.7053,169041904.8,852920.9276,158288026.1,818263.9764,"4-methoxy-6-(prop-2-en-1-yl)-2H-1,3-benzodioxole-peak3",11,12,0,3,0,0,0,1.0909090909090908,0.2727272727272727,-0.5454545454545459,75.84545454545456,6,3,0.375,0.47368421052631576,3,Phenol,21.524469181430867,20.9514481060737,0.97337815532048,-0.03892769705792571,0.6797653153493772,0.7695002983540106,Downregulated
Feature0124,L-Tyrosine,C9 H11 N O3,181.0739,3392411.279,2210141.589,220876.3186,419308.6713,328822.2631,244591.6369,935100.8139,1346581.537,84394827.64,396991002.6,64664924.04,97084.17986,L-Tyrosine-peak2,9,11,1,3,0,0,0,1.2222222222222223,0.3333333333333333,-0.22222222222222232,66.63333333333333,5,2,0.2,0.38461538461538464,1,Phenol,21.157661823724368,21.52039144797345,1.017144126192732,0.02452411912785176,0.7986677794282819,0.8681171515524803,Upregulated
Feature0123,[Similar to: D-(+)-Glucose; ΔMass: 73.0528 Da],C9 H19 N O7,253.1162,304254795.5,111147329.6,205187050.7,373238496.3,284039762.4,331571967.5,741801.3449,18925366.28,312434966.1,95857137.15,279326087.7,77885.72952,[Similar to: D-(+)-Glucose; ΔMass: 73.0528 Da],9,19,1,7,0,0,0,2.111111111111111,0.7777777777777778,-0.22222222222222232,66.63333333333333,1,-6,-7,-0.7777777777777778,-7,Carbohydrate,27.740891662462666,25.3989334130084,0.9155773982339845,-0.12724624564406112,0.41342873570517347,0.5742065773682965,Downregulated
Feature0122,L-Tyrosine,C9 H11 N O3,181.0739,373109698.7,7182370.657,2556935.041,7122795.359,4528615.244,28851858.38,581397.373,16950425.3,3638644.715,1439543.242,751957.5898,64421.49027,L-Tyrosine-peak1,9,11,1,3,0,0,0,1.2222222222222223,0.3333333333333333,-0.22222222222222232,66.63333333333333,5,2,0.2,0.38461538461538464,1,Phenol,25.865181646523666,24.420107134058448,0.9441305098021827,-0.08294179374287591,0.47285631774760345,0.6175362358644075,Downregulated
Feature0121,"1,2-di-O-methyl-4-[(2R)-2,4-dihydrobutyramido]-4,6-dideoxy-alpha-D-mannopyranoside",C12 H23 N O7,293.14749,320952612.6,60553846.27,1230401.012,52325856.67,288075117,363905423.4,12097629.49,77557397.01,2674903.778,1839426.561,12187347.78,133032.869,"1,2-di-O-methyl-4-[(2R)-2,4-dihydrobutyramido]-4,6-dideoxy-alpha-D-mannopyranoside",12,23,1,7,0,0,0,1.9166666666666667,0.5833333333333334,-0.5,74.55,2,-5,-1.5,-0.3333333333333333,-6,Amino Sugar,27.242391775100636,23.3442999325281,0.8569108074374231,-0.2227830473340262,0.389267705484639,0.5583758070476379,Downregulated
Feature0120,muramic acid,C9 H17 N O7,251.10052,301796944.1,36492128.48,11083014.8,52269906.02,310005161.4,362707712.6,14306472.85,20536858.8,19749673.59,44039382.33,8473232.374,97079.37707,muramic acid,9,17,1,7,0,0,0,1.8888888888888888,0.7777777777777778,0,60.3,2,-5,-6,-0.5555555555555556,-6,Carbohydrate,27.342916413116768,23.60335157695155,0.8632346023494664,-0.21217539915614714,0.012975630177260717,0.07569117603402084,Downregulated
Feature0119,Isoleucine,C6 H13 N O2,131.09459,9803000.939,752049.8923,116338.5442,662905.1376,2008247.307,1959503.594,769127.8648,3638124.385,54093117.19,348535203.8,19826332.07,193603.7946,Isoleucine-peak2,6,13,1,2,0,0,0,2.1666666666666665,0.3333333333333333,-1,88.8,1,-1,-0.6666666666666666,-0.25,-2,Protein,23.212683248373768,21.543389899912498,0.9280870147324215,-0.10766802031271193,0.5476981548979403,0.6797702831321671,Downregulated
Feature0118,8-hydroxy-deoxyguanosine,C10 H13 N5 O5,283.0917,202943454.2,193706484.6,212487728.8,151778788.3,211658505.1,243495209.6,152893271.2,344067311.5,113768181.9,226518892,90705267.19,143692.222,8-hydroxy-deoxyguanosine-peak2,10,13,5,5,0,0,0,1.3,0.5,1.2000000000000002,26.09999999999999,7,2,-Inf,-0.2,-3,Phenol,27.453461240495997,27.48879037794205,1.0012868737073466,0.001855372756514098,0.9146368880642901,0.9347011440721869,Upregulated
Feature0117,NP-019445,C10 H10 O4,194.05792,471493.5472,10784027.44,28887922.65,533166.5114,123064.2446,516403.9741,342683453.2,128802825.4,283200.8828,33268595.87,170654.7895,193446.4559,NP-019445,10,10,0,4,0,0,0,1,0.4,-0.20000000000000015,66,6,2,0.3333333333333333,0.5,2,Phenol,20.008179069653465,28.25566420681495,1.4122056839080623,0.49795022851240667,0.0038793392485805653,0.04849174060725707,Upregulated
Feature0116,L-Glutamine,C5 H10 N2 O3,146.06916,3274948.923,164890437,161963782.5,95478673.21,4289940.731,929040.9599,75055290.21,337003299.6,56984395.26,169812577.5,66824240.75,49943.46765,L-Glutamine,5,10,2,3,0,0,0,2,0.6,0.3999999999999999,48.9,2,-1,-Inf,-1,-3,Amino Sugar,20.2151087016035,27.612360471619198,1.3659268856382123,0.4498802621417707,0.007072197077029196,0.06312209783882898,Upregulated
Feature0115,Isoleucine,C6 H13 N O2,131.09461,10115423.67,224127603.6,134631419.2,96861444.75,256959057.3,325628227.3,209857723.4,142417.4048,1068998.374,1694060.504,389475.1187,52335.70885,Isoleucine-peak1,6,13,1,2,0,0,0,2.1666666666666665,0.3333333333333333,-1,88.8,1,-1,-0.6666666666666666,-0.25,-2,Protein,25.5375507774346,22.6374656107807,0.8864383984224337,-0.17390771799736474,0.6809170174285497,0.7695002983540106,Downregulated
Feature0114,[Similar to: NP-015005; ΔMass: -441.3129 Da],C29 H43 N5 O10 P2,683.24856,279559182.5,1665156.19,1133602.263,68304357.36,233035879.3,316321011.9,1772316.215,1326711.439,59775501.42,4651261.304,47620795.59,106288.6858,[Similar to: NP-015005; ΔMass: -441.3129 Da],29,43,5,10,0,2,0,1.4827586206896552,0.3448275862068966,-0.6206896551724137,77.98965517241379,12,2,-0.4166666666666667,0,-5,Phenol,27.05435296291437,20.7588429550617,0.7673014018674761,-0.3821347041658441,5.521577177953459e-4,0.017627903203597875,Downregulated
Feature0113,N~2~-Acetyl-L-ornithine,C7 H14 N2 O3,174.10048,233968332.3,6285458.659,2223056.508,2870520.684,258711047.2,311743336.1,1227878.739,882674.6892,1972362.191,5801325.373,2227039.878,26267.42119,N~2~-Acetyl-L-ornithine,7,14,2,3,0,0,0,2,0.42857142857142855,-0.2857142857142856,68.44285714285714,2,-1,-1.5,-0.42857142857142855,-3,Protein,27.9242056108781,21.656610700266,0.7755497507090942,-0.36670876327255636,0.1233533059972152,0.2783065327676284,Downregulated
Feature0112,"(4S,5S,8S,10R)-4,5,8-trihydroxy-10-methyl-3,4,5,8,9,10-hexahydro-2H-oxecin-2-one",C10 H16 O5,216.09973,281071496.8,290793456.9,301486686.8,311346264.8,282154222.3,285421192.7,305785229.2,294058990.8,79202582.7,75018409.63,76430961.84,57424107.87,"(4S,5S,8S,10R)-4,5,8-trihydroxy-10-methyl-3,4,5,8,9,10-hexahydro-2H-oxecin-2-one",10,16,0,5,0,0,0,1.6,0.5,-0.5999999999999996,77.39999999999999,3,-2,-0.4,0.06666666666666667,-2,Protein,27.8507995405031,27.62867565347155,0.9920245059137883,-0.011552335037701126,0.3507149908985542,0.5269650858610668,Downregulated
Feature0111,Cyclo(leucylprolyl),C11 H18 N2 O2,210.13681,208248642,248248156,252135006.7,210491743.5,198695009.1,232810672.1,220788554.6,242356372,222467237.5,298523958.3,181346064.1,2204426.16,Cyclo(leucylprolyl),11,18,2,2,0,0,0,1.6363636363636365,0.18181818181818185,-0.7272727272727275,81.02727272727273,4,2,0,0.125,0,Lipid,27.465829583037934,27.3613972478699,0.9961977359958379,-0.00549596260732656,0.6034223127042713,0.7247882857128467,Downregulated
Feature0110,Adenine,C5 H5 N5,135.05449,271069273.1,7538443.903,3171489.706,1108039.264,261585760.5,286452195.9,9426355.145,15781235.69,872804.5259,7982734.082,773124.5518,136461.5236,Adenine,5,5,5,0,0,0,0,1,0,2,3.299999999999997,6,6,Inf,Inf,1,Unsaturated HC,27.5016939658691,23.706865113487403,0.8620147232715462,-0.21421558403071075,0.0999476727963649,0.2572182755788803,Downregulated
Feature0109,[Similar to: Muramic acid; ΔMass: 162.0529 Da],C15 H27 N O12,413.15343,189464935,30357526.01,13917529.68,36185016.45,232972840.6,270469885.1,19498633.86,17448365.19,15517201.18,40429067.53,10095056.2,87499.66774,[Similar to: Muramic acid; ΔMass: 162.0529 Da],15,27,1,12,0,0,0,1.8,0.8,0,60.3,3,-9,-5,-0.5,-10,Carbohydrate,26.8096938195225,23.7257682675946,0.8849697585996964,-0.17629993897273452,0.001597440670091733,0.023587400659032705,Downregulated
Feature0108,Linamarin,C10 H17 N O6,247.10556,100994167.6,13514004.06,11311158.74,270100837.6,97457007.42,108811369.4,9586004.387,6952471.28,192183001,11074188.7,176056495.6,81380.40432,Linamarin,10,17,1,6,0,0,0,1.7,0.6,-0.20000000000000015,66,3,-3,-1.3333333333333333,-0.16666666666666666,-4,Amino Sugar,25.6726168238182,22.8542685623438,0.8902196733268098,-0.16776671104010915,0.04911890686980319,0.18425850040613195,Downregulated
Feature0107,"3,4-Methylenedioxy-N-propylamphetamine",C13 H19 N O2,221.14158,1716439.868,1938729.378,2484424.591,7164835.089,3006915.615,11155569.3,5520480.409,3940401.547,269305248.1,250064577.6,253360862.6,5082639.04,"3,4-Methylenedioxy-N-propylamphetamine-peak2",13,19,1,2,0,0,0,1.4615384615384617,0.15384615384615383,-0.9230769230769234,86.6076923076923,5,3,0.2,0.2727272727272727,2,Phenol,21.2978012930622,22.4876963839963,1.055869386447967,0.07843138092906383,0.2318715668344991,0.409873981778155,Upregulated
Feature0106,"1-Methyl-5-(1-piperidinyl)-2,4-imidazolidinedione",C9 H15 N3 O2,197.11649,10196544.3,138856573.2,261934517.5,15978507.32,12002237.14,10583325.55,10433479.23,144225679.7,12414971.73,127631154.9,10677657.39,57391.46397,"1-Methyl-5-(1-piperidinyl)-2,4-imidazolidinedione",9,15,3,2,0,0,0,1.6666666666666667,0.2222222222222222,-0.22222222222222232,66.63333333333333,4,2,-0.25,0,-1,Lipid,22.36696037117707,27.58573744186095,1.2333252701341126,0.3025533380402512,0.04948656868050401,0.18425850040613195,Upregulated
Feature0105,"bis-beta-D-fructofuranose 1,2':2,3'-dianhydride",C12 H20 O10,324.10571,256843719.9,9890441.542,10768697.69,83055546.89,228331384.2,235526684.9,6210229.663,12941195.23,74118355.71,10091832.98,72070005.5,75712.93335,"bis-beta-D-fructofuranose 1,2':2,3'-dianhydride-peak1",12,20,0,10,0,0,0,1.6666666666666667,0.8333333333333334,0,60.3,3,-7,-3.5,-0.2857142857142857,-7,Carbohydrate,26.8856391458866,23.3073028051867,0.8669052901705939,-0.20605370797403225,0.008543995009880226,0.06500865768387128,Downregulated
Feature0104,"4-methoxy-6-(prop-2-en-1-yl)-2H-1,3-benzodioxole",C11 H12 O3,192.07866,177213.1932,588990.5784,566241.6862,234760098.8,670183.315,301008.5927,761815.1756,179631.0311,234092696.8,513121.553,255870744.8,661643.4254,"4-methoxy-6-(prop-2-en-1-yl)-2H-1,3-benzodioxole-peak2",11,12,0,3,0,0,0,1.0909090909090908,0.2727272727272727,-0.5454545454545459,75.84545454545456,6,3,0.375,0.47368421052631576,3,Phenol,20.382898797964067,20.9603101724881,1.0283282265318272,0.04030082407444292,0.7153220178929138,0.7973334594347765,Upregulated
Feature0103,DL-α-AMINOSUBERIC ACID,C8 H15 N O4,189.10013,503578.7774,2579018.993,1410491.595,251875394.1,687856.6743,970428.0596,811249.8754,1297409.299,187206150.1,1918179.678,118319503.2,559017.9013,DL-α-AMINOSUBERIC ACID,8,15,1,4,0,0,0,1.875,0.5,-0.5,74.55,2,-2,-1,-0.2,-3,Protein,20.666819970424,22.4390042314213,1.0857502152500214,0.11869223880618056,0.15241424050375663,0.31014525683903965,Upregulated
Feature0102,1-[(3-Carboxypropyl)amino]-1-deoxy-beta-D-fructofuranose,C10 H19 N O7,265.11614,148198486.6,8691371.065,5979888.834,159721711.1,99799389.94,143461123.1,10207221.11,6504109.583,251003372.1,10883050.4,221214911.5,65173.70025,1-[(3-Carboxypropyl)amino]-1-deoxy-beta-D-fructofuranose-peak1,10,19,1,7,0,0,0,1.9,0.7,-0.20000000000000015,66,2,-5,-3,-0.4545454545454546,-6,Amino Sugar,25.990431436869432,22.369330353022,0.8606756069962493,-0.21645851390003132,0.009516220173491803,0.06839036364173312,Downregulated
Feature0101,2'-Deoxyadenosine,C10 H13 N5 O3,251.10185,142476.6626,192317048.7,144903511.1,135492082.7,72130206.11,90143788.49,159880832.3,210344750.5,83568175.03,247400759.2,63733379.95,255021.5463,2'-Deoxyadenosine-peak2,10,13,5,3,0,0,0,1.3,0.3,0.7999999999999998,37.5,7,4,-0.5,0.14285714285714285,-1,Phenol,22.495946899815035,26.98774447380015,1.199671416099495,0.2626393131027167,0.24809658383642813,0.4255130158823199,Upregulated
Feature0100,Tetrolic Acid,C4 H4 O2,84.02114,163760794.4,15939371.68,17099827.76,134724750.8,166631497.5,246608510.8,17212461.35,1244723.48,121185912.7,938714.6653,100680648.4,88092.19424,Tetrolic Acid-peak2,4,4,0,2,0,0,0,1,0.5,0,60.3,3,1,0.5,0.6666666666666666,1,Phenol,26.498955507658966,22.09866237602335,0.8339446575407923,-0.26197644855633084,0.27865819036384115,0.45152947512659447,Downregulated
Feature0099,"2,3-DIHYDRO-3,5-DIHYDROXY-6-METHYL-4H-PYRAN-4-ONE",C6 H8 O4,144.04225,242118330.8,3234667.667,3625298.411,159279973.3,217118161,239518460.1,4606048.071,4008306.654,141546007,5494426.686,118238312.9,843570.3603,"2,3-DIHYDRO-3,5-DIHYDROXY-6-METHYL-4H-PYRAN-4-ONE",6,8,0,4,0,0,0,1.3333333333333333,0.6666666666666666,0,60.3,3,-1,-0.5,0.25,-1,Other,26.792723726755934,21.8556558987663,0.8157310216631934,-0.2938345771070245,0.0012271296304908264,0.021474768533589463,Downregulated
Feature0098,"2-Hexyl-3,5-dipentylpyridine",C21 H37 N,303.29265,636593.3834,8079928.77,1209554.527,3343285.572,168255.3974,26194617.03,241414930.5,229706125.6,223281446.5,211576635.7,211489111.4,3047993.997,"2-Hexyl-3,5-dipentylpyridine-peak2",21,37,1,0,0,0,0,1.761904761904762,0,-1.6190476190476186,106.44285714285712,4,4,0.15,0.15,3,Lipid,19.470619546539133,24.56820964113895,1.2618093421431935,0.33549393732190663,0.3467161257995013,0.5269650858610668,Upregulated
Feature0097,[Similar to: diethyl 2-({2-[2-(methoxycarbonyl)-3-thienyl]hydrazino}methylene)malonate; ΔMass: -124.1122 Da],C3 H7 Cl N2 O5 S,217.97633,182724838.9,148806941.1,164811317.1,165773071.6,188540167.5,240466939,104535277,189083024.9,140701218.7,151417142.6,103314573.3,320612.1839,[Similar to: diethyl 2-({2-[2-(methoxycarbonyl)-3-thienyl]hydrazino}methylene)malonate; ΔMass: -124.1122 Da],4,7,2,5,1,0,1,1.75,1.25,2.75,-18.075000000000003,2.5,-2.5,1.375,2,-5.5,Carbohydrate,27.2971806392753,26.8743438171667,0.9845098720012051,-0.02252242231484928,0.06089597020529818,0.2049383612678304,Downregulated
Feature0096,(+)-Piperitol,C20 H20 O6,356.12607,246035.7965,251618.3539,271926.5883,228546938.7,423841.8008,252350.8217,279032.4511,280873.0558,210695743.2,245557.2911,236600897,460780.9497,(+)-Piperitol-peak2,20,20,0,6,0,0,0,1,0.3,-0.4000000000000003,71.7,11,5,0.35714285714285715,0.4705882352941176,5,Phenol,20.440290368754734,21.04283154030055,1.0294781121342027,0.04191315697247329,0.1975135827942025,0.3757051846628852,Upregulated
Feature0095,Methyl piperonyl ketone,C10 H10 O3,178.06303,524896.5759,613637.8521,666981.8267,198515820.7,560374.5297,576433.0612,588409.3331,574218.0281,174089564.4,924645.0453,234300687.2,1034803.801,Methyl piperonyl ketone,10,10,0,3,0,0,0,1,0.3,-0.4000000000000003,71.7,6,3,0.42857142857142855,0.5294117647058824,3,Phenol,20.915489225371168,21.69097536239845,1.0370771215854035,0.05252318324632275,0.3553250293234622,0.5269650858610668,Upregulated
Feature0094,"2-Hexyl-3,5-dipentylpyridine",C21 H37 N,303.29263,637165.3573,8087188.518,1210641.302,335459.58,154866.3027,2139749.696,1348716.7,6487456.385,223281446.5,211576635.7,211489111.4,554053.8385,"2-Hexyl-3,5-dipentylpyridine-peak1",21,37,1,0,0,0,0,1.761904761904762,0,-1.6190476190476186,106.44285714285712,4,4,0.15,0.15,3,Lipid,20.194364602380734,23.34511619177815,1.1560213282979932,0.20916801543884456,0.09635822633516512,0.2525377289003468,Upregulated
Feature0093,"4-(4-hydroxy-2-methoxy-3,5,6-trimethylbenzoyloxy)-2-methoxy-3,5,6-trimethylbenzoic acid",C22 H26 O7,402.1679,195601.4677,186560.5051,274952.4172,221280831.3,203498.821,195923.7725,197953.1811,204297.1045,209527461.9,182443.883,221437057.9,375190.8792,"4-(4-hydroxy-2-methoxy-3,5,6-trimethylbenzoyloxy)-2-methoxy-3,5,6-trimethylbenzoic acid-peak3",22,26,0,7,0,0,0,1.181818181818182,0.3181818181818182,-0.5454545454545459,75.84545454545456,10,3,0.2,0.35135135135135137,3,Phenol,19.9954947945647,21.0438885472975,1.0524314983702119,0.07372633288522154,0.08112336983109533,0.2253426939752648,Upregulated
Feature0092,"pentane-1,2,3,4,5-pentol",C5 H12 O5,152.06848,4219813.532,143511663.4,219039714.8,3701450.36,2713993.077,3993786.807,147819371.1,220753750.1,3378341.003,200275088.3,3125076.713,115473.8098,"pentane-1,2,3,4,5-pentol",5,12,0,5,0,0,0,2.4,1,-0.4000000000000003,71.7,0,-5,-Inf,-1,-5,Carbohydrate,20.736325068164998,28.1037427019333,1.3552904195680735,0.4386020338492204,6.53692895185785e-4,0.017627903203597875,Upregulated
Feature0091,benzylidenemethylamine,C8 H9 N,119.07346,127814768.9,98204792.99,71344178.53,49024505.79,129979318.5,162604828.1,84725824.4,218477175.5,131756.9303,6991072.603,120703.736,56525.84196,benzylidenemethylamine-peak2,8,9,1,0,0,0,0,1.125,0,-0.75,81.675,5,5,0.5714285714285714,0.5714285714285714,4,Unsaturated HC,26.0141730461938,27.1358022525743,1.0431160815448104,0.06089971485706241,0.2575699807197484,0.4292833011995807,Upregulated
Feature0090,2'-Deoxyadenosine,C10 H13 N5 O3,251.10182,92761423.95,1224261.162,2188624.219,2700611.339,1992058.771,752669.2118,1258292.001,210344750.5,1769957.634,3490995.252,1226706.097,101040.4297,2'-Deoxyadenosine-peak1,10,13,5,3,0,0,0,1.3,0.3,0.7999999999999998,37.5,7,4,-0.5,0.14285714285714285,-1,Phenol,23.8501086654186,26.59983275473025,1.1152918893530497,0.15742133544794304,0.5003650550889922,0.6391524426319244,Upregulated
Feature0089,Υ-Aminobutyric acid (GABA),C4 H9 N O2,103.06331,195927890.7,91194369.82,135068914.9,132764699,180200196.1,210069254.4,29235976.56,96709403.74,96801716.39,85624889.66,62415523.64,144686.5607,Υ-Aminobutyric acid (GABA),4,9,1,2,0,0,0,2.25,0.5,-0.5,74.55,1,-1,-2,-0.5,-2,Protein,27.066801003027734,26.281212908522498,0.9709759533674719,-0.04249252775687561,0.17307534910830755,0.3441839328858389,Downregulated
Feature0088,AMIDINOPROLINE,C6 H11 N3 O2,157.08515,3268597.179,168206411.2,165700537.1,207382568.3,119910914.4,143125844.8,150583162.5,201259300.4,1708231.124,6275531.487,4586869.433,405019.8987,AMIDINOPROLINE-peak3,6,11,3,2,0,0,0,1.8333333333333333,0.3333333333333333,0.3333333333333335,50.8,3,1,-2,-0.5,-2,Protein,24.235900093959298,27.2641291874372,1.124948076272714,0.16985841314664163,0.18108134780017127,0.356058829944157,Upregulated
Feature0087,"3-Morpholino-4-tetrahydro-1H-pyrrol-1-ylcyclobut-3-ene-1,2-dione",C12 H16 N2 O3,236.11601,120125.7388,126132.3516,204233914.8,197265.2551,173881.4262,128628.8168,125318.844,79279624.93,115751.8644,115960.097,113760.2027,272215.2989,"3-Morpholino-4-tetrahydro-1H-pyrrol-1-ylcyclobut-3-ene-1,2-dione",12,16,2,3,0,0,0,1.3333333333333333,0.25,-0.33333333333333304,69.79999999999998,6,3,0.14285714285714285,0.29411764705882354,1,Phenol,19.8554560610785,31.1755921131468,1.570127224338025,0.6508814626106378,4.3801969633802836e-4,0.017627903203597875,Upregulated
Feature0086,8-hydroxy-deoxyguanosine,C10 H13 N5 O5,283.09172,11086837.17,129282710.1,145852985.8,113610042.6,172361915.9,203843053.3,94659852.16,8856113.516,80251416.69,5829097.695,264834.9642,114213.2985,8-hydroxy-deoxyguanosine-peak1,10,13,5,5,0,0,0,1.3,0.5,1.2000000000000002,26.09999999999999,7,2,-Inf,-0.2,-3,Phenol,25.135163208223666,25.0326938297414,0.995923265839438,-0.005893505463057668,0.9715283486969717,0.982759890300405,Downregulated
Feature0085,Penicillic acid,C8 H10 O4,170.05795,569873.2685,7669348.869,128685226.6,745744.5671,632857.8907,506951.6386,3759523.743,201428792.3,429649.3422,17143428.37,588243.1933,705744.2678,Penicillic acid,8,10,0,4,0,0,0,1.25,0.5,-0.25,67.425,4,0,0,0.3333333333333333,0,Phenol,20.851338159361468,29.63706496161945,1.421350741861789,0.5072626074349389,1.1851541875966552e-4,0.00762589611574046,Upregulated
Feature0084,AMIDINOPROLINE,C6 H11 N3 O2,157.08515,132463442.4,7609735.453,585062.9141,10486912.2,923743.5337,455071.0839,7407394.126,201259300.4,5287357.534,6146251.297,4487636.337,304704.7277,AMIDINOPROLINE-peak2,6,11,3,2,0,0,0,1.8333333333333333,0.3333333333333333,0.3333333333333335,50.8,3,1,-2,-0.5,-2,Protein,22.4489029523152,25.04372551853405,1.1155879452875999,0.15780425022844932,0.6060868011112559,0.7247882857128467,Upregulated
Feature0083,"3,4-Methylenedioxy-N-propylamphetamine",C13 H19 N O2,221.14159,1680037.796,175017724.6,168735453.1,170952026.2,191748902.2,169838496.6,197661146.6,171044968.9,698637.0328,605922.6837,1768558.15,10977252.85,"3,4-Methylenedioxy-N-propylamphetamine-peak1",13,19,1,2,0,0,0,1.4615384615384617,0.15384615384615383,-0.9230769230769234,86.6076923076923,5,3,0.2,0.2727272727272727,2,Phenol,24.153705646950765,27.46913842113875,1.13726393881953,0.18556711705873935,0.23828477636469597,0.41699835863821794,Upregulated
Feature0082,"4-methoxy-6-(prop-2-en-1-yl)-2H-1,3-benzodioxole",C11 H12 O3,192.07866,777121.2662,757096.5716,1181498.064,165804598.9,1123813.319,978534.3407,965701.5111,921494.3883,194486219.4,927730.915,151041593.5,1068954.92,"4-methoxy-6-(prop-2-en-1-yl)-2H-1,3-benzodioxole-peak1",11,12,0,3,0,0,0,1.0909090909090908,0.2727272727272727,-0.5454545454545459,75.84545454545456,6,3,0.375,0.47368421052631576,3,Phenol,21.34231223488487,22.20104970770205,1.0402363841071325,0.056911404739628024,0.42257201865087957,0.5822842776685349,Upregulated
Feature0081,Hordenine,C10 H15 N O,165.1154,5628214.269,88917.9499,134558.3478,96082475.32,161979707.4,192665749.6,151887.6877,133656.8928,2203548.504,102892.1782,3251982.108,64660.87714,Hordenine-peak2,10,15,1,1,0,0,0,1.5,0.1,-1,88.8,4,3,0.25,0.29411764705882354,2,Lipid,27.8778034392267,19.82538189623695,0.7111529407062527,-0.4917682353653363,0.047738522700120474,0.18425850040613195,Downregulated
Feature0080,Lactamide,C3 H7 N O2,89.04769,147764258.6,136798901.5,123721801.8,59774526.92,154364535.5,180645989.5,89495362.42,191984064.6,37174004.93,163372184.5,23698726.98,352706.1413,Lactamide,3,7,1,2,0,0,0,2.3333333333333335,0.6666666666666666,0,60.3,1,-1,-Inf,-1,-2,Other,26.756409920515864,26.7211084186708,0.9986806338387723,-0.0019046997926261105,0.9186776958880922,0.9347011440721869,Downregulated
Feature0079,AMIDINOPROLINE,C6 H11 N3 O2,157.08515,10337463.65,1067433.076,619433.8663,4286158.274,341148.8164,474474.7632,4210204.686,6767329.136,190707258.3,184865152.3,176056740.4,339866.1877,AMIDINOPROLINE-peak1,6,11,3,2,0,0,0,1.8333333333333333,0.3333333333333333,0.3333333333333335,50.8,3,1,-2,-0.5,-2,Protein,20.6857149433643,22.5878459640669,1.091953844762459,0.1269118770090684,0.3422110883339006,0.5269650858610668,Upregulated
Feature0078,"DL-2,6-Diaminopimelic acid",C7 H14 N2 O4,190.09538,15779401.26,55890165.67,54196442.37,188164646.6,19690900.27,18131543.37,16765415.18,47120259.83,151763984.3,60405621.51,159232642.5,25143.0364,"DL-2,6-Diaminopimelic acid",7,14,2,4,0,0,0,2,0.5714285714285714,0,60.3,2,-2,-4,-0.6666666666666666,-4,Amino Sugar,23.1864645913591,25.31113195790935,1.091633951272677,0.12648917016351727,0.006618395612203614,0.06312209783882898,Upregulated
Feature0077,L-Aspartic acid,C4 H7 N O4,133.0375,89930455.73,111357160.4,73511368.29,46038825.4,99466067.06,113440195.5,94645360.12,182573260.3,38069840.87,116582337,34104662.16,29991.41113,L-Aspartic acid,4,7,1,4,0,0,0,1.75,1,1,31.799999999999997,2,-2,3,-1,-3,Carbohydrate,25.9578447227886,26.354806293614203,1.01529254740002,0.021895486889739718,0.6292041632944059,0.729210123023318,Upregulated
Feature0076,3-Methyl-2-buten-1-amine,C5 H11 N,85.08917,95554010.95,5762113.624,66490960.16,50413568.21,2525995.762,11662306.7,3601868.132,181491511.3,471404.6695,3227608.31,736653.5987,209432.8359,3-Methyl-2-buten-1-amine-peak2,5,11,1,0,0,0,0,2.2,0,-1.5999999999999996,105.89999999999998,1,1,0,0,0,Lipid,23.5664964747948,27.8821687939515,1.1831274463632073,0.24260548900550966,0.09668587335041848,0.2525377289003468,Upregulated
Feature0075,(+)-Piperitol,C20 H20 O6,356.12609,356075.6981,435255.5627,359641.7493,150400560.6,389514.001,404554.3594,396612.2075,396316.0037,160169828.1,666773.6451,179989132.6,755369.8206,(+)-Piperitol-peak1,20,20,0,6,0,0,0,1,0.3,-0.4000000000000003,71.7,11,5,0.35714285714285715,0.4705882352941176,5,Phenol,20.668345387754933,21.2949725913164,1.0303182084393034,0.043089975115447765,0.18959069090200667,0.36864856564279075,Upregulated
Feature0074,Methionine,C5 H11 N O2 S,149.05106,32253044.07,74305355.57,58661400.29,10793663.72,33004269.2,42927329.72,61953176.23,168114024.6,2209047.763,116777084.8,6813853.622,45405.46117,Methionine,5,11,1,2,1,0,0,2.2,0.4,-0.4000000000000003,71.7,1,-1,-3,-1,-3,Protein,24.090459787131767,26.560037537129098,1.1025126864252084,0.14079525672377696,0.11332144516236388,0.26760581471450295,Upregulated
Feature0073,Hordenine,C10 H15 N O,165.11537,166162918.7,66186.13826,125495.3224,243362.1068,1230056.865,3377566.906,105710.027,110467.6216,44032386.94,125430.4941,53710028.78,107489.6413,Hordenine-peak1,10,15,1,1,0,0,0,1.5,0.1,-1,88.8,4,3,0.25,0.29411764705882354,2,Lipid,25.564592556067467,20.195076916102053,0.7899627921630608,-0.3401433920102652,0.12699303806144374,0.28131369190826144,Downregulated
Feature0072,NP-011220,C11 H18 N2 O2,210.13681,100239796.3,132082004.8,145836107.9,132949762.8,99481210.59,113309726.2,122546195.4,131986592.5,122833384.2,164306708.1,105505174.6,3740327.573,NP-011220,11,18,2,2,0,0,0,1.6363636363636365,0.18181818181818185,-0.7272727272727275,81.02727272727273,4,2,0,0.125,0,Lipid,26.243517686272067,26.53937296130925,1.0112734610723297,0.0161731728951359,0.30267141273136083,0.485142503153253,Upregulated
Feature0071,Acetyl-L-carnitine,C9 H17 N O4,203.11569,715521.8554,452164.5922,473189.0291,161539115.2,1030523.468,1561060.845,271962.9984,715264.6552,6709078.711,790335.6772,4207748.701,504394.9717,Acetyl-L-carnitine,9,17,1,4,0,0,0,1.8888888888888888,0.4444444444444444,-0.666666666666667,79.30000000000001,2,-2,-0.75,-0.16666666666666666,-3,Protein,22.303674771132133,22.188193671164697,0.9948223285556107,-0.00748920601475321,0.85898861068982,0.9001377656929251,Downregulated
Feature0070,1-(Dimethylamino)-2-propanyl acetate,C7 H15 N O2,145.1103,430603.6114,2320257.749,530980.0359,159759254.9,227879.8714,336391.5595,429705.1608,364762.9094,161462448.4,4428413.404,134445327.6,647359.9945,1-(Dimethylamino)-2-propanyl acetate,7,15,1,2,0,0,0,2.142857142857143,0.2857142857142857,-1.1428571428571432,92.87142857142858,1,-1,-0.5,-0.2,-2,Lipid,20.183757644532033,21.24782445714405,1.052718964989172,0.07412034431137944,0.33702114674735567,0.5269650858610668,Upregulated
Feature0069,[Similar to: Captopril ; ΔMass: 240.1023 Da],C17 H31 N O13,457.17957,157299669.2,1700973.712,3074943.205,15127856.28,141213390.9,158063465.3,373765.1626,5571420.889,10384583.64,1772725.72,8066621.474,32728.62715,[Similar to: Captopril ; ΔMass: 240.1023 Da],17,31,1,13,0,0,0,1.8235294117647056,0.7647058823529411,-0.117647058823529,63.65294117647058,3,-10,-3.6666666666666665,-0.47368421052631576,-11,Carbohydrate,26.8742606793628,23.0762259348584,0.8586738891231722,-0.21981777245686918,0.025446382458600827,0.1171872876382933,Downregulated
Feature0068,"4-(4-hydroxy-2-methoxy-3,5,6-trimethylbenzoyloxy)-2-methoxy-3,5,6-trimethylbenzoic acid",C22 H26 O7,402.16784,125878.2786,180286.2844,255010.6908,133143673,281991.927,125112.3344,122392.6908,137733.6312,156851875.9,274729.7208,119053925,416979.2233,"4-(4-hydroxy-2-methoxy-3,5,6-trimethylbenzoyloxy)-2-methoxy-3,5,6-trimethylbenzoic acid-peak2",22,26,0,7,0,0,0,1.181818181818182,0.3181818181818182,-0.5454545454545459,75.84545454545456,10,3,0.2,0.35135135135135137,3,Phenol,19.84914657654337,20.9290156069564,1.0544038015059631,0.07642747690389282,0.133327048131504,0.2855449681217471,Upregulated
Feature0067,Glycerol 3-phosphate,C3 H9 O6 P,172.01368,13541119.58,34096361.18,88229166.35,10987349.95,10192815.02,14601457.63,67164831.57,155021980.8,8272609.69,59020248.97,6003899.27,39700.57927,Glycerol 3-phosphate,3,9,0,6,0,1,0,3,2,-0.666666666666667,79.30000000000001,0,-6,1.75,4,-7,Other,22.55211592196637,27.03609558571955,1.1988274483542214,0.2616240212890968,0.0016174217594765283,0.023587400659032705,Upregulated
Feature0066,Pyrogallol,C6 H6 O3,126.03165,5911121.154,911596.2642,1224024.006,624895.0144,123780032.8,154394443.4,1748609.093,1848366.46,2964229.98,445826.4863,2166719.933,654812.5454,Pyrogallol-peak2,6,6,0,3,0,0,0,1,0.5,0,60.3,4,1,0.3333333333333333,0.5555555555555556,1,Phenol,27.2039388497839,22.852841475485853,0.8400563463135189,-0.25144199578076687,0.13379821363419006,0.2855449681217471,Downregulated
Feature0065,Cyclo(phenylalanyl-prolyl),C14 H16 N2 O2,244.12118,102808402.2,123891642.6,137788937.2,135189886.1,101358524.2,120928903.7,114832420.7,133239903.8,116370341.2,152924829.8,99956685.35,331900.7187,Cyclo(phenylalanyl-prolyl),14,16,2,2,0,0,0,1.1428571428571428,0.14285714285714285,-0.4285714285714288,72.51428571428572,8,6,0.4,0.4545454545454546,4,Phenol,26.285957445374,26.50740207170655,1.0084244458963592,0.01210299707541986,0.35285997210439446,0.5269650858610668,Upregulated
Feature0064,[Similar to: RPH; ΔMass: -155.0695 Da],C11 H19 N5 O2,253.15389,7052810.695,1471655.184,1302655.903,148605053.1,125786371.3,132393450.2,1074528.738,1239586.096,3276863.731,58573.2649,3117210.743,65645.00269,[Similar to: RPH; ΔMass: -155.0695 Da]-peak2,11,19,5,2,0,0,0,1.7272727272727273,0.18181818181818185,0,60.3,5,3,-0.5,-0.2,-2,Lipid,26.697415527194465,22.2855310851842,0.8347448861663691,-0.2605927448439764,0.11000975684903065,0.26760581471450295,Downregulated
Feature0063,(S)-malyl alpha-D-glucosaminide,C10 H17 N O9,295.0904,122592239.5,71349450.09,57432440.37,144195146.5,134221038.2,148388599.8,42913144.03,56498596.13,137518571,82705487.23,112739450.7,71786.22896,(S)-malyl alpha-D-glucosaminide,10,17,1,9,0,0,0,1.7,0.9,0.3999999999999999,48.9,3,-6,-Inf,-0.5555555555555556,-7,Carbohydrate,26.460368461555465,25.30051573457385,0.9561664181408971,-0.06466635771500312,0.012381670216224648,0.07471697544273495,Downregulated
Feature0062,[Similar to: RPH; ΔMass: -155.0695 Da],C11 H19 N5 O2,253.15387,120200357.6,49660.34964,48239.56196,879935.5004,2799431.678,343507.6291,46074.27488,1311128.461,148167037.8,1648237.429,121122046.8,50433.13687,[Similar to: RPH; ΔMass: -155.0695 Da]-peak1,11,19,5,2,0,0,0,1.7272727272727273,0.18181818181818185,0,60.3,5,3,-0.5,-0.2,-2,Lipid,24.468326715357634,20.8983377750236,0.854097544884697,-0.2275272481270804,0.3466069275956696,0.5269650858610668,Downregulated
Feature0061,[Similar to: 2'-O-Methyladenosine; ΔMass: 0.0350 Da],C11 H23 N O7,281.14742,52468444.13,1142916.765,36703840.74,7795019.244,7874026.927,7558924.674,77682.53104,4245408.344,116517938.8,36266617.67,147855468.1,61151.88232,[Similar to: 2'-O-Methyladenosine; ΔMass: 0.0350 Da],11,23,1,7,0,0,0,2.090909090909091,0.6363636363636364,-0.5454545454545459,75.84545454545456,1,-6,-2.3333333333333335,-0.5384615384615384,-7,Amino Sugar,23.370765868338065,24.5861379527202,1.0520039476339405,0.07314011833860264,0.671399866465392,0.7695002983540106,Upregulated
Feature0060,benzylidenemethylamine,C8 H9 N,119.07347,127814768.9,2328165.549,2121687.394,1795327.532,3516019.886,6677222.135,1770497.273,9179944.908,24537987.68,139610629.6,11446389.78,83796.95189,benzylidenemethylamine-peak1,8,9,1,0,0,0,0,1.125,0,-0.75,81.675,5,5,0.5714285714285714,0.5714285714285714,4,Unsaturated HC,23.7495891653928,23.33460086767845,0.9825265062555668,-0.025431766470178797,0.8104816506424619,0.8755203016199433,Downregulated
Feature0059,Meconin,C10 H10 O4,194.05788,542300.1153,2498062.078,136933185.4,490637.4113,644051.4156,524561.4011,3225740.319,27059180.21,462208.4246,4523561.857,601240.4866,200083.0272,Meconin,10,10,0,4,0,0,0,1,0.4,-0.20000000000000015,66,6,2,0.3333333333333333,0.5,2,Phenol,21.247575339818,28.6422623482512,1.3480249812116465,0.4308472323774953,0.11412180404615631,0.26760581471450295,Upregulated
Feature0058,4-Guanidinobutyric acid,C5 H11 N3 O2,145.08515,2759346.607,1183243.725,12123442.52,136613251.3,58781450.68,70475348.54,477406.6278,3633691.387,2408617.556,855416.4825,2091768.618,317918.1926,4-Guanidinobutyric acid,5,11,3,2,0,0,0,2.2,0.4,0.3999999999999999,48.9,2,0,-Inf,-2,-3,Protein,25.2448916046621,24.47766536617205,0.9696086538811535,-0.04452551978141837,0.7681032298037795,0.8401129075978839,Downregulated
Feature0057,Pyrogallol,C6 H6 O3,126.03165,133420558.9,1192388.015,1183698.282,2082302.727,11466306.86,8569444.58,1701636.846,1861368.935,2915964.698,445826.4863,2191015.725,623244.4187,Pyrogallol-peak1,6,6,0,3,0,0,0,1,0.5,0,60.3,4,1,0.3333333333333333,0.5555555555555556,1,Phenol,26.256198134788466,22.8961204372433,0.8720272569434495,-0.19755486488221158,0.07538323969944634,0.21779911876115593,Downregulated
Feature0056,4-Phenylbutyric acid,C10 H12 O2,164.08376,1659159.94,112698005.2,16819684.22,2125944.516,1324956.713,1370094.149,61668586.82,662251.6211,1179502.244,133341625.4,1426303.961,3751620.95,4-Phenylbutyric acid,10,12,0,2,0,0,0,1.2,0.2,-0.7999999999999998,83.1,5,3,0.375,0.4444444444444444,3,Phenol,21.359581395916567,23.5314907227832,1.101683141003964,0.13970934493043102,0.5989793892356748,0.7247882857128467,Upregulated
Feature0055,[Similar to: D-(+)-Glucose; ΔMass: 45.0579 Da],C8 H19 N O6,225.12125,6976685.892,56005634.53,131874054.9,14619908.85,7043471.604,428320.0911,47951.67552,14950999.85,10579978.11,1368467.024,296089.6012,57061.65132,[Similar to: D-(+)-Glucose; ΔMass: 45.0579 Da],8,19,1,6,0,0,0,2.375,0.75,-0.5,74.55,0,-6,-7,-1,-7,Carbohydrate,22.763617737229,27.53942191818615,1.2097998761043378,0.27476841805340646,0.2168538021443046,0.3953064101588886,Upregulated
Feature0054,"4-(4-hydroxy-2-methoxy-3,5,6-trimethylbenzoyloxy)-2-methoxy-3,5,6-trimethylbenzoic acid",C22 H26 O7,402.16792,267358.5074,340574.3686,466409.0124,131548440.9,251738.3021,284092.1983,291906.2097,233116.8444,57882706.65,278456.169,59069118.96,782341.7449,"4-(4-hydroxy-2-methoxy-3,5,6-trimethylbenzoyloxy)-2-methoxy-3,5,6-trimethylbenzoic acid-peak1",22,26,0,7,0,0,0,1.181818181818182,0.3181818181818182,-0.5454545454545459,75.84545454545456,10,3,0.2,0.35135135135135137,3,Phenol,20.434868269813165,21.534034377759752,1.0537887542720448,0.07558568888312696,0.25287630658149296,0.4255130158823199,Upregulated
Feature0053,"1-(3,4-Dimethoxyphenyl)-4-(4-hydroxy-3-methoxyphenyl)dihydro-1H,3H-furo[3,4-c]furan-3a(4H)-ol",C21 H24 O7,388.15229,410573.1469,423094.8256,450272.1992,106160839.2,397051.7963,402904.7674,402537.5212,386224.392,110694584.6,368422.7748,131196227.6,786303.6538,"1-(3,4-Dimethoxyphenyl)-4-(4-hydroxy-3-methoxyphenyl)dihydro-1H,3H-furo[3,4-c]furan-3a(4H)-ol",21,24,0,7,0,0,0,1.1428571428571428,0.3333333333333333,-0.4761904761904763,73.87142857142857,10,3,0.21428571428571427,0.37142857142857144,3,Phenol,20.8208605572044,21.5479146795658,1.0349195039447985,0.04951855924549053,0.21929335775816217,0.3956323464709111,Upregulated
Feature0052,N-Allyl-N'-(4-piperidinylmethyl)ethanediamide,C11 H19 N3 O2,225.14774,7821898.589,49678556.81,22066895.56,123981978.5,105809636.7,129875328.2,22330881.91,20466443.55,4956450.89,3440741.288,4646381.616,64201.16056,N-Allyl-N'-(4-piperidinylmethyl)ethanediamide-peak2,11,19,3,2,0,0,0,1.7272727272727273,0.18181818181818185,-0.5454545454545459,75.84545454545456,4,2,-0.16666666666666666,0,-1,Lipid,24.460591325181333,24.6983719593078,1.009720968351312,0.013956666053170731,0.8484629307418408,0.8944639330109767,Upregulated
Feature0051,"6,6-Diethoxy-N,N-diethyl-1-hexanamine",C14 H31 N O2,245.23548,2375501.676,2396630.634,1539897.807,709261.0508,128079.9663,1953494.294,2580167.965,1037121.308,127569351.1,124563203.9,126193083.6,14239830.09,"6,6-Diethoxy-N,N-diethyl-1-hexanamine",14,31,1,2,0,0,0,2.2142857142857144,0.14285714285714285,-1.7142857142857144,109.15714285714286,0,-2,-0.2727272727272727,-0.16666666666666666,-3,Lipid,21.0219819930127,22.388634112382448,1.065010621730339,0.0908678190344657,0.4349464470291644,0.5900436296907269,Upregulated
Feature0050,methyl N-acetylneuraminate,C12 H21 N O9,323.12166,120486167.5,919803.3987,197205.9102,19460740.97,127293193.4,126742111.6,798480.2074,9345800.832,12719898.96,1115038.799,8693189.942,49140.83551,methyl N-acetylneuraminate-peak1,12,21,1,9,0,0,0,1.75,0.75,0,60.3,3,-6,-3.5,-0.38461538461538464,-7,Carbohydrate,27.027735729372864,21.747690320274152,0.804643442500419,-0.31357846407270895,0.24172731803867165,0.41883446194819346,Downregulated
Feature0049,N-Caffeoylputrescine,C13 H18 N2 O3,250.1317,149276.9296,141456.2235,123140060.3,170929.8625,463319.1298,150545.3388,137848.9947,22589380.4,127479.6353,136201.0161,133721.2785,292766.9855,N-Caffeoylputrescine,13,18,2,3,0,0,0,1.3846153846153846,0.2307692307692308,-0.4615384615384617,73.45384615384616,6,3,0.125,0.2631578947368421,1,Phenol,20.506329654044,29.8977668127976,1.4579774790122688,0.5439684349129614,0.026282858012948756,0.11793590134015468,Upregulated
Feature0048,Ala-Leu,C9 H18 N2 O3,202.1317,5559109.311,7696969.253,62276067.86,73084400.7,92109006.32,120918747.2,8789168.639,25787691.37,2068579.647,526101.7649,2160357.986,95505.26188,Ala-Leu,9,18,2,3,0,0,0,2,0.3333333333333333,-0.666666666666667,79.30000000000001,2,-1,-0.75,-0.2727272727272727,-3,Protein,24.596937941985733,26.1332893769409,1.0624610851390852,0.08741000049268266,0.44175458692432046,0.5946696362442776,Upregulated
Feature0047,"5-hydroxy-4-methoxy-5,6-dihydro-2H-pyran-2-one",C6 H8 O4,144.04226,101364999.7,5685944.883,4391809.41,18456011.38,119674811.1,119507046,1974793.817,5654517.806,18223478.65,2624438.491,17742493.09,186298.492,"5-hydroxy-4-methoxy-5,6-dihydro-2H-pyran-2-one",6,8,0,4,0,0,0,1.3333333333333333,0.6666666666666666,0,60.3,3,-1,-0.5,0.25,-1,Other,25.894557660456332,22.9965905839709,0.8880858628872843,-0.17122892735113687,0.022902166124324715,0.11132997421546735,Downregulated
Feature0046,Pyrone,C5 H4 O2,96.02111,110858552.7,1609179.112,9308802.04,19227081.24,118335677.8,106888273.9,1198589.597,1886943.572,16921849.53,1156830.538,13960092.12,115604.9201,Pyrone-peak2,5,4,0,2,0,0,0,0.8,0.4,0,60.3,4,2,0.6666666666666666,0.75,2,Condensed HC,26.284518122678865,22.99660072066405,0.8749104934445069,-0.1927926633924327,0.30494671626775904,0.485142503153253,Downregulated
Feature0045,Phenacetin,C10 H13 N O2,179.0946,86888696.38,99258944.3,111389237.4,25414693.28,79174202.08,94675076.03,85763072.54,94269657.9,15500716.01,116277316,13574083.06,787908.9259,Phenacetin,10,13,1,2,0,0,0,1.3,0.2,-0.5999999999999996,77.39999999999999,5,3,0.2857142857142857,0.375,2,Phenol,25.572656202498667,26.25580921780775,1.0267141985525279,0.03803464152564658,0.1302988193274946,0.2850286672788944,Upregulated
Feature0044,L-Threonine,C4 H9 N O3,119.05821,81851824.31,76960833.2,53680741.5,50791999.39,78044835.34,91455923.63,58981522.21,115871241.1,28820324.42,96820654.27,18058598.31,32856.69049,L-Threonine,4,9,1,3,0,0,0,2.25,0.75,0,60.3,1,-2,-Inf,-1,-3,Carbohydrate,25.5284217572675,25.87413532903455,1.0135423010107796,0.019406302110133344,0.6088221599987912,0.7247882857128467,Upregulated
Feature0043,4-Penten-1-amine,C5 H11 N,85.08916,1137677.426,960943.2036,950989.3946,797437.8274,1679732.139,1899287.699,847019.8413,7253467.15,29495451.54,115860976.9,13126607.04,208246.1083,4-Penten-1-amine-peak2,5,11,1,0,0,0,0,2.2,0,-1.5999999999999996,105.89999999999998,1,1,0,0,0,Lipid,22.228687154803367,23.65698782947425,1.0642548372166118,0.08984364742528937,0.35835040062172907,0.5269858832672487,Upregulated
Feature0042,L-Pyroglutamic acid,C5 H7 N O3,129.04257,26712165.31,59916740.92,44884489.23,36818213.75,3464384.336,1159105.802,8911293.052,115835747,21196132.32,63527788.51,27903485.02,75466.29428,L-Pyroglutamic acid-peak1,5,7,1,3,0,0,0,1.4,0.6,0.3999999999999999,48.9,3,0,-1,0.2,-1,Phenol,21.140912811805666,26.4837354943663,1.2527243137570225,0.3250689566098148,0.0697421121569488,0.2142223456595008,Upregulated
Feature0041,N-Allyl-N'-(4-piperidinylmethyl)ethanediamide,C11 H19 N3 O2,225.14773,115305510,1793692.416,379639.0981,117419.3533,274461.4352,863077.2139,118926.3995,1022719.218,114175342,55977884.17,97347574.05,39582.50803,N-Allyl-N'-(4-piperidinylmethyl)ethanediamide-peak1,11,19,3,2,0,0,0,1.7272727272727273,0.18181818181818185,-0.5454545454545459,75.84545454545456,4,2,-0.16666666666666666,0,-1,Lipid,23.365114275325865,21.70586466574325,0.9289860263454895,-0.10627119889696285,0.5683112066860364,0.6954857424479466,Downregulated
Feature0040,"(2S)-3-Hydroxy-2-({[(3S,4S,5R)-2,3,4-trihydroxy-5-(hydroxymethyl)tetrahydro-2-furanyl]methyl}amino)propanoic acid (non-preferred name)",C9 H17 N O8,267.09544,91963501.56,16894216.67,12307867.57,44548972.65,98967999.21,113757173.9,14725750.34,21041520.02,42970749.44,18005654.91,36724665.57,60456.85641,"(2S)-3-Hydroxy-2-({[(3S,4S,5R)-2,3,4-trihydroxy-5-(hydroxymethyl)tetrahydro-2-furanyl]methyl}amino)propanoic acid (non-preferred name)",9,17,1,8,0,0,0,1.8888888888888888,0.8888888888888888,0.22222222222222232,53.96666666666666,2,-6,-Inf,-0.75,-7,Carbohydrate,25.6047962998434,23.87552409647875,0.9324629579898189,-0.10088167931662886,0.014200696816051852,0.08016522396158304,Downregulated
Feature0039,4-Penten-1-amine,C5 H11 N,85.08917,52481757.16,47147734.01,26983819.8,19473095.84,52823045.48,1432845.035,4551681.481,112601785.9,573137.2206,2084535.665,269303.2152,204273.761,4-Penten-1-amine-peak1,5,11,1,0,0,0,0,2.2,0,-1.5999999999999996,105.89999999999998,1,1,0,0,0,Lipid,23.8911753820465,26.98230074201625,1.129383561525928,0.1755355377797976,0.20669790702749888,0.38480993329587554,Upregulated
Feature0038,3-Methyl-2-buten-1-amine,C5 H11 N,85.08916,561677.6355,78196867.12,66535523.94,50333659.22,96947418.08,112366862.8,71296661.62,5387520.871,474634.0181,3089037.26,728393.5869,178520.8145,3-Methyl-2-buten-1-amine-peak1,5,11,1,0,0,0,0,2.2,0,-1.5999999999999996,105.89999999999998,1,1,0,0,0,Lipid,23.5555205601737,25.093583361156348,1.0652952159156743,0.09125328727572572,0.6815973587198649,0.7695002983540106,Upregulated
Feature0037,methallylamine,C4 H9 N,71.07352,79912096.82,58272973.2,33739489.03,31028784.33,81672895.93,92698118.71,45771918.28,111793250.3,16189415.23,82308405.32,7433416.567,292816.3937,methallylamine,4,9,1,0,0,0,0,2.25,0,-1.5,103.05,1,1,0,0,0,Lipid,25.4125751915591,25.62091862344765,1.0081984383840703,0.011779624846442852,0.830825268306512,0.890150625969685,Upregulated
Feature0036,Piptamine(antibiotic),C23 H41 N,331.32395,1888059.421,205002.9405,1142666.512,209418.3949,985811.4162,2492683.46,1441380.294,107472406.4,103585989.5,94219579.41,101302611.3,517214.3795,Piptamine(antibiotic),23,41,1,0,0,0,0,1.7826086956521738,0,-1.6521739130434785,107.38695652173914,4,4,0.13636363636363635,0.13636363636363635,3,Lipid,21.777611437943065,25.38430955310185,1.1656149539372738,0.22109129129402455,0.3996859857419693,0.5686589228036149,Upregulated
Feature0035,"3-(propan-2-yl)-octahydropyrrolo[1,2-a]pyrazine-1,4-dione",C10 H16 N2 O2,196.1212,68492400.95,91004873.66,97651566.73,70012075.43,64271932.85,78497319.15,78939822.03,95554463.81,64505973.5,107426618.5,52907859.13,950249.8561,"3-(propan-2-yl)-octahydropyrrolo[1,2-a]pyrazine-1,4-dione",10,16,2,2,0,0,0,1.6,0.2,-0.5999999999999996,77.39999999999999,4,2,0,0.14285714285714285,0,Lipid,25.412884194139465,26.1037222372671,1.0271845587399697,0.038695420270759874,0.08667722706858653,0.23336176518465607,Upregulated
Feature0034,"Methyl 4-hydroxy-2-methoxy-3,6-dimethylbenzoate",C11 H14 O4,210.0892,615882.5276,124255.3778,146126.266,106195727.2,714898.8875,137141.3195,204187.2431,149600.1775,67745215.45,533392.2576,40961612.8,2054291.888,"Methyl 4-hydroxy-2-methoxy-3,6-dimethylbenzoate",11,14,0,4,0,0,0,1.2727272727272727,0.3636363636363637,-0.5454545454545459,75.84545454545456,5,1,0.14285714285714285,0.3333333333333333,1,Phenol,21.067030694276767,20.51611789520695,0.9738495278682305,-0.03822922008350146,0.40354788877071773,0.5695232301199645,Downregulated
Feature0033,Tetrolic Acid,C4 H4 O2,84.02115,55064579.45,3152092.604,3555623.38,47223794.29,105434423.5,63619875.74,2031963.334,4093062.524,45851038.96,2939261.513,39043212.25,38826.5169,Tetrolic Acid-peak1,4,4,0,2,0,0,0,1,0.5,0,60.3,3,1,0.5,0.6666666666666666,1,Phenol,25.2118627861695,22.58828222545415,0.895938646701085,-0.15852815404500947,0.015134333117782211,0.08276588423787147,Downregulated
Feature0032,"4-({4-[(2,4-Dihydroxy-3,6-dimethylbenzoyl)oxy]-2-methoxy-3,5,6-trimethylbenzoyl}oxy)-2-methoxy-3,5,6-trimethylbenzoic acid",C31 H34 O10,566.21538,397377.7366,463822.4002,463030.4268,87022001.97,415078.7132,431106.2054,422642.7915,422327.1472,91420004.68,924196.61,105228275.9,804946.5033,"4-({4-[(2,4-Dihydroxy-3,6-dimethylbenzoyl)oxy]-2-methoxy-3,5,6-trimethylbenzoyl}oxy)-2-methoxy-3,5,6-trimethylbenzoic acid",31,34,0,10,0,0,0,1.096774193548387,0.3225806451612903,-0.4516129032258061,73.17096774193547,15,5,0.23809523809523808,0.38461538461538464,5,Phenol,20.820860926845167,21.57731251053235,1.036331426752477,0.05148546177582346,0.19550449031519276,0.3757051846628852,Upregulated
Feature0031,C16 phytosphingosine,C16 H35 N O3,289.26171,1326993.103,374516.159,1367607.464,755023.2265,234453.9722,952119.8797,2825233.644,56092289.01,97600651.72,104380839.6,104706811.9,342139.8598,C16 phytosphingosine,16,35,1,3,0,0,0,2.1875,0.1875,-1.625,106.6125,0,-3,-0.3333333333333333,-0.18518518518518515,-4,Lipid,20.550836908220102,25.1012257232476,1.2214210951772673,0.28856066731100893,0.25114683049980374,0.4255130158823199,Upregulated
Feature0030,D-Glucose 6-phosphate,C6 H13 O9 P,260.02971,87521811.95,10237855.67,15786902.56,97371518.59,87691831.18,99044281.44,6960090.428,12419324.53,102907355.6,9384871.225,68655990.4,49197.02488,D-Glucose 6-phosphate,6,13,0,9,0,1,0,2.1666666666666665,1.5,0,60.3,1,-8,2.25,-9,-9,Carbohydrate,25.4524667672179,23.69087546465035,0.9307889754388587,-0.10347397178256074,0.058642759907635476,0.201225156545808,Downregulated
Feature0029,PYRIDOXAMINE,C8 H12 N2 O2,168.08991,77246497.8,92057321.67,99947831.67,98128903.79,76136667.48,78474675.02,97608852.06,93929528.69,76830989.79,102304068.7,75963851.54,935506.0499,PYRIDOXAMINE-peak2,8,12,2,2,0,0,0,1.5,0.25,-0.25,67.425,4,2,0,0.2,0,Lipid,25.622891294979866,26.080108972936,1.0178441094992943,0.02551661870814272,0.2004614129745346,0.37721233624240386,Upregulated
Feature0028,PYRIDOXAMINE,C8 H12 N2 O2,168.0899,77246497.8,92057321.67,99947831.67,98128903.79,76136667.48,78474675.02,97608852.06,93929528.69,76200194.32,11768837.92,2963171.487,111918.3523,PYRIDOXAMINE-peak1,8,12,2,2,0,0,0,1.5,0.25,-0.25,67.425,4,2,0,0.2,0,Lipid,25.347500237655133,26.2165490002027,1.0342853833474492,0.04863431363464846,0.07707769743260146,0.21779911876115593,Upregulated
Feature0027,"[Similar to: 1,3-dimethyl 2,4-bis(4-hydroxyphenyl)cyclobutane-1,3-dicarboxylate; ΔMass: -37.9720 Da]",C12 H22 N4 O6,318.15395,30926876.83,83550624.5,76247419.63,38273599.21,28894072.47,32211479.91,50995536.29,99006273.66,29333003.89,91168881.79,32744576.34,45744.6306,"[Similar to: 1,3-dimethyl 2,4-bis(4-hydroxyphenyl)cyclobutane-1,3-dicarboxylate; ΔMass: -37.9720 Da]",12,22,4,6,0,0,0,1.8333333333333333,0.5,0.16666666666666652,55.55,4,-2,-3,-0.6,-6,Protein,23.964940087146168,26.10033141233355,1.0891048054959553,0.12314279252485842,0.011891500748241088,0.07471697544273495,Upregulated
Feature0026,Methionine sulfoxide,C5 H11 N O3 S,165.046,82819862.49,7081023.377,4416131.381,4349936.622,80507551.47,98749119.12,9829037.748,10393153.18,1914586.948,11007759.83,2076448.462,38164.07489,Methionine sulfoxide,5,11,1,3,1,0,0,2.2,0.6,0,60.3,1,-2,-Inf,-1.6666666666666667,-4,Amino Sugar,25.861902841280465,23.650494712428852,0.9144916697575018,-0.1289580665801592,0.0011281852751296442,0.021474768533589463,Downregulated
Feature0025,[Similar to: NP-017684; ΔMass: -74.2514 Da],C24 H45 N4 O14 P3,706.2146,77791364.07,579868.8884,465503.6686,38177904.04,94006928.16,98446566.4,120204.7168,520209.5172,32593223.57,123939.2515,7147497.671,46531.26297,[Similar to: NP-017684; ΔMass: -74.2514 Da],24,45,4,14,0,3,0,1.875,0.5833333333333334,-0.833333333333333,84.04999999999998,6,-8,-5,-0.8,-15,Amino Sugar,27.681441485464966,20.98276270284635,0.7580083108700834,-0.39971442856840367,0.006405354781248205,0.06312209783882898,Downregulated
Feature0024,MFCD00025555,C9 H18 N2 O3,202.13169,98086500.53,787040.2607,2163617.931,2664554.751,3848718.147,3696402.448,193996.234,25797135.13,2190004.791,523374.5188,2177212.594,95010.17448,MFCD00025555,9,18,2,3,0,0,0,2,0.3333333333333333,-0.666666666666667,79.30000000000001,2,-1,-0.75,-0.2727272727272727,-3,Protein,25.3245167113428,25.3510332495341,1.0010470698609393,0.0015098121942879448,0.9899884309275588,0.9956780196110506,Upregulated
Feature0023,"N-[5-(1,2-Dihydroxyethyl)-4-hydroxy-2-oxotetrahydro-3-furanyl]acetamide",C8 H13 N O6,219.0743,60289813.02,24484256.01,16011454.34,88214000.49,59658268.61,75307604.67,11555524.57,18516471.67,96497081.05,25681635.47,74919253.18,38453.50326,"N-[5-(1,2-Dihydroxyethyl)-4-hydroxy-2-oxotetrahydro-3-furanyl]acetamide",8,13,1,6,0,0,0,1.625,0.75,0.25,53.175,3,-3,-4,-0.25,-4,Carbohydrate,24.988017471487534,23.87334155460035,0.9553915824591095,-0.06583592898251356,0.03505462503438614,0.14807128891822666,Downregulated
Feature0022,NP-019811,C6 H7 N O2,125.04765,81164482.59,888396.2535,1530485.659,1693596.949,74839668.49,94871825.68,2269967.559,2131332.037,3424269.812,2891400.199,2989655.824,66645.73685,NP-019811,6,7,1,2,0,0,0,1.1666666666666667,0.3333333333333333,0,60.3,4,2,0.3333333333333333,0.5,1,Phenol,27.1051725976493,22.585138416463252,0.8332409002413786,-0.26319443802537257,0.010101933809160071,0.06839036364173312,Downregulated
Feature0021,6-hydroxypropylthymine,C8 H12 N2 O3,184.08481,64299294.55,4231298.299,1435374.469,4463053.419,2103959.303,722359.2837,7134537.931,87079237.62,73294875.03,90289529.36,63680707.99,470705.9967,6-hydroxypropylthymine-peak2,8,12,2,3,0,0,0,1.5,0.375,0,60.3,4,1,-0.3333333333333333,0.1111111111111111,-1,Protein,21.560408175189366,24.3294153557998,1.128430183608345,0.1743171612166278,0.4652983874854701,0.6131308738495316,Upregulated
Feature0020,4-Aminobutyl 6-deoxy-alpha-L-galactopyranoside,C10 H21 N O5,235.14197,2932028.587,8764996.938,6901445.328,4627459.245,3421460.618,3377278.308,88369449.89,12022047.16,3579030.618,10473149.73,3655111.76,122677.1809,4-Aminobutyl 6-deoxy-alpha-L-galactopyranoside,10,21,1,5,0,0,0,2.1,0.5,-0.7999999999999998,83.1,1,-4,-1.25,-0.38461538461538464,-5,Protein,22.03413637819933,24.6782662434777,1.1200015203633977,0.16350069069292003,0.008498773001324575,0.06500865768387128,Upregulated
Feature0019,Val-Leu,C11 H22 N2 O3,230.16303,44459121.37,87876.75459,1159892.039,1547513.619,848490.5314,1445030.168,137152.8688,30521375.56,87479943.24,11955363.32,42655118.33,140022.1727,Val-Leu-peak2,11,22,2,3,0,0,0,2,0.2727272727272727,-0.9090909090909092,86.2090909090909,2,-1,-0.5,-0.2,-3,Lipid,23.431804475725066,24.76943886983235,1.0570862732954711,0.08009312598861652,0.6271314836989068,0.729210123023318,Upregulated
Feature0018,6-hydroxypropylthymine,C8 H12 N2 O3,184.08483,4581537.528,82337026.89,83396298.84,76597798.53,63197487.15,75204256.55,79096497.08,87079237.62,3513038.309,4124879.585,3132131.827,208904.0925,6-hydroxypropylthymine-peak1,8,12,2,3,0,0,0,1.5,0.375,0,60.3,4,1,-0.3333333333333333,0.1111111111111111,-1,Protein,23.703585775262333,26.530379491912647,1.119255953232208,0.16253999184051227,0.10992742051427037,0.26760581471450295,Upregulated
Feature0017,NA,C16 H29 N O13,443.16399,75718399.35,8057815.794,932023.5632,8882952.194,87019360.62,66748657.91,6129010.172,1182798.787,3418632.212,12906754.51,1347431.748,36868.5363,Feature0017,16,29,1,13,0,0,0,1.8125,0.8125,0,60.3,3,-10,-5.5,-0.5294117647058824,-11,Carbohydrate,26.192696006861134,21.296285955922798,0.8130620059250209,-0.29856271524462,0.03553710934037439,0.14807128891822666,Downregulated
Feature0016,L-Lysine,C6 H14 N2 O2,146.10554,32539129.36,43305657.07,44377914.22,17587046.43,29117120.05,30623412.65,33922865.91,83884815.75,12960991.93,48499994.31,7118206.081,43346.45353,L-Lysine,6,14,2,2,0,0,0,2.3333333333333335,0.3333333333333333,-0.666666666666667,79.30000000000001,1,-1,-1.5,-0.6666666666666666,-3,Other,23.856568179320767,25.9477962261751,1.0876583769775838,0.12122549111661474,0.011997160584113993,0.07471697544273495,Upregulated
Feature0015,"Propane, 1,3-diacetoxy-2-acetoxymethyl-2-nitro-",C10 H15 N O8,277.07982,55549846.15,19296632.04,18738339.22,80448610.47,73787121.09,75516182.6,13624600.37,23973376.81,66457832.66,23512606.94,57739124.6,36035.84442,"Propane, 1,3-diacetoxy-2-acetoxymethyl-2-nitro-",10,15,1,8,0,0,0,1.5,0.8,0.3999999999999999,48.9,4,-4,-5,-0.2,-5,Carbohydrate,25.045828786040666,24.1952175120823,0.9660378068849351,-0.04984844336453394,0.02719819440727181,0.11899210053181417,Downregulated
Feature0014,AC-LYS-OH,C8 H16 N2 O3,188.1161,22406086.08,71165264.41,38086876.55,45740859.53,23730339.12,24955717.4,44721974.39,47334547.6,41032605,78317861.39,41367298.83,23940.71908,AC-LYS-OH,8,16,2,3,0,0,0,2,0.375,-0.5,74.55,2,-1,-1,-0.3333333333333333,-3,Protein,23.541776263359232,25.16205240435275,1.068825568762003,0.09602642591573109,0.021277317674825276,0.10638658837412637,Upregulated
Feature0013,Val-Leu,C11 H22 N2 O3,230.16304,44390172.22,6930391.464,57003471.26,77278219.33,42085965.18,54565868.85,10901850.35,30330949.58,3005788.083,639673.1859,1243162.81,154583.6536,Val-Leu-peak1,11,22,2,3,0,0,0,2,0.2727272727272727,-0.9090909090909092,86.2090909090909,2,-1,-0.5,-0.2,-3,Lipid,24.755619109030867,26.129594486743848,1.055501555895718,0.07792870533725457,0.3722226154671862,0.5428246475563132,Upregulated
Feature0012,2-Acetamido-2-deoxyhexitol,C8 H17 N O6,223.1056,23005760.89,3120480.633,2496198.153,74772894.19,20078995.71,24870451.28,2629169.812,9389974.091,62961281.41,3165611.416,63195717.66,39907.0125,2-Acetamido-2-deoxyhexitol,8,17,1,6,0,0,0,2.125,0.75,-0.25,67.425,1,-5,-6,-0.75,-6,Carbohydrate,23.7237695729046,23.03978958806805,0.9711690006626207,-0.042205722824311225,0.37619155784700303,0.5440786993655002,Downregulated
Feature0011,"3-(1-hydroxyethyl)-2,3,6,7,8,8a-hexahydropyrrolo[1,2-a]pyrazine-1,4-dione",C9 H14 N2 O3,198.10046,50460618.93,61973020.44,69118097.67,64110445.45,46069291.81,56227265.05,61747238.22,72569779.01,59297288.39,74676276.14,51324240.03,166553.5724,"3-(1-hydroxyethyl)-2,3,6,7,8,8a-hexahydropyrrolo[1,2-a]pyrazine-1,4-dione",9,14,2,3,0,0,0,1.5555555555555556,0.3333333333333333,-0.22222222222222232,66.63333333333333,4,1,-0.25,0.09090909090909093,-1,Protein,24.800848726689768,25.72261001474605,1.0371665219289175,0.05264754417443688,0.07099940599000598,0.2142223456595008,Upregulated
Feature0010,Furan,C4 H4 O,68.02622,22656690.9,59879413.6,55471185.39,24938823.94,22100124.77,28951276.89,58003073.49,74626833.92,21670032.92,62706014.46,23006235.65,46291.88722,Furan,4,4,0,1,0,0,0,1,0.25,-0.5,74.55,3,2,0.6666666666666666,0.7142857142857143,2,Phenol,23.56450494624727,25.8292921964988,1.0961101137247615,0.13239273675183785,0.006606329540983644,0.06312209783882898,Upregulated
Feature0009,N-Acetylneuraminic acid,C11 H19 N O9,309.10597,65235429.03,17292284.85,15360282.21,43421998.75,71798824.67,73326745.08,9862574.609,70633158.91,45658778.75,20257190.89,39292930.39,32691.00304,N-Acetylneuraminic acid,11,19,1,9,0,0,0,1.7272727272727273,0.8181818181818182,0.18181818181818168,55.11818181818182,3,-6,-7,-0.4545454545454546,-7,Carbohydrate,25.077652347944134,24.896469451669603,0.992775125288417,-0.010461126752516798,0.8780948082332269,0.9092697718391403,Downregulated
Feature0008,L-Cystathionine,C7 H14 N2 O4 S,222.06742,3391940.145,34785469.41,32205140.81,3404074.117,2576414.236,3249467.559,23193807.19,67659207.66,408808.2621,38622022.24,13757767.68,29932.51828,L-Cystathionine,7,14,2,4,1,0,0,2,0.5714285714285714,0.2857142857142856,52.15714285714286,2,-2,-Inf,-1.5,-5,Amino Sugar,21.3703660691728,26.65544969610475,1.2473089889908715,0.3188189003442731,1.3072964769840788e-4,0.00762589611574046,Upregulated
Feature0007,Pyrone,C5 H4 O2,96.02111,67066960.09,2770810.739,2098240.134,19394558.25,53664655.63,65090163.27,1883015.474,1583265.56,18151381.57,2015565.28,17310410.84,103926.874,Pyrone-peak1,5,4,0,2,0,0,0,0.8,0.4,0,60.3,4,2,0.6666666666666666,0.75,2,Condensed HC,25.653021751169234,21.9454775578847,0.8554733929886623,-0.22520511030738194,0.13658640295582336,0.2879833797261336,Downregulated
Feature0006,NA,C18 H34 N2 O12,470.21123,55732333.41,2407253.975,1484344.544,12999392.61,54299780.38,62670962.7,1772531.229,1650690.168,7841637.888,2448761.351,7447928.222,40901.52797,Feature0006,18,34,2,12,0,0,0,1.8888888888888888,0.6666666666666666,-0.22222222222222232,66.63333333333333,3,-9,-2.75,-0.5,-11,Amino Sugar,25.995899389411466,22.020071894527298,0.8470594367470284,-0.23946489027477802,0.0633707514692232,0.2092430473040389,Downregulated
Feature0005,3-O-(2-Acetamido-2-deoxy-beta-D-glucopyranosyl)-D-galactitol,C14 H27 N O11,385.15849,59140381.44,342659.1918,465616.3851,24580494.08,56865842.11,62491250.01,792656.1154,1059496.606,9534245.925,1080723.428,3826445.602,38915.58491,3-O-(2-Acetamido-2-deoxy-beta-D-glucopyranosyl)-D-galactitol,14,27,1,11,0,0,0,1.9285714285714288,0.7857142857142857,-0.14285714285714324,64.37142857142858,2,-9,-5,-0.6,-10,Carbohydrate,26.9734269165793,21.4279487268787,0.794409579218425,-0.3320450754858351,0.003053478004966515,0.04110451160531847,Downregulated
Feature0004,Tn Antigen,C11 H20 N2 O8,308.12197,1372028.311,5216819.509,14086788.86,3678503.83,1805652.035,1602373.582,3872265.452,58853883.76,3305762.265,8646373.136,2440823.965,42514.4932,Tn Antigen,11,20,2,8,0,0,0,1.818181818181818,0.7272727272727273,0.18181818181818168,55.11818181818182,3,-5,-7,-0.6,-7,Carbohydrate,21.819435816311803,26.830297950703347,1.229651315303282,0.29824927735407536,0.0068217507726582366,0.06312209783882898,Upregulated
Feature0003,5-Methylhexan-3-one,C8 H15 N O4,189.10012,5934839.182,20924216.12,54260303.79,9454371.867,5290923.461,6680732.264,31280170.91,47701015.64,9423522.894,34387010.07,7605196.634,84161.7704,5-Methylhexan-3-one,8,15,1,4,0,0,0,1.875,0.5,-0.5,74.55,2,-2,-1,-0.2,-3,Protein,21.620612680154267,26.3280037231617,1.2177269956520884,0.2841907291671665,0.04035599362649679,0.16423950894504508,Upregulated
Feature0002,Trigonelline,C7 H7 N O2,137.04768,23737106.91,239274.4157,198142.8314,51476421.93,25564376.62,23857666.01,491149.2951,3922358.783,51693304.89,148845.8349,45824524.32,66737.98508,Trigonelline,7,7,1,2,0,0,0,1,0.2857142857142857,0,60.3,5,3,0.5,0.6,2,Phenol,25.70793847527443,21.7681361330657,0.8467476361047781,-0.2399960407849058,0.22703903053802135,0.40542684024646675,Downregulated
Feature0001,3-Carboxytyrosine,C10 H11 N O5,225.06369,1443846.94,428255.2975,337772.6492,48247903.81,1376655.791,1526131.557,688246.6651,298493.2736,30164511.67,393114.9143,27968224.37,21128.37253,3-Carboxytyrosine,10,11,1,5,0,0,0,1.1,0.5,0.20000000000000015,54.599999999999994,6,1,0,0.38461538461538464,0,Phenol,22.6482334026331,21.13190380238495,0.9330486588825131,-0.09997577469137117,0.055880158970285865,0.19558055639600053,Downregulated
