"","CTRL1","CTRL2","CTRL3","F1154_1","F1154_2","F1154_3","F1177_1","F1177_3","F1246_1","F1246_2","F1246_3"
"Feature0001",22.2470207154743,22.5162174405228,23.1814620519022,21.7790868285337,22.6705065106871,20.8637960854286,21.4579700285982,20.8058375761717,22.9196872822385,21.1951992761129,21.3074039761823
"Feature0002",25.0723290524281,26.0342083402944,26.0172780331008,20.3100463425093,21.6856069591981,18.8024203542349,20.2186582987136,23.3176139674178,25.0309864809562,24.217137100278,24.4560766428739
"Feature0003",21.9942937041191,21.3410066406719,21.5265376956718,25.3668760246564,26.3488169459237,26.6037556630572,26.8291721591876,25.8268352871358,22.867519526946,23.8063920625255,23.8349213984656
"Feature0004",21.021801722677,22.2565787933575,22.1799269329009,24.7894526150729,24.6931619388294,24.6892437366063,26.3913525271478,27.2692433742589,21.1111767919268,20.1629716073162,20.1282633881351
"Feature0005",26.3654262545535,27.1704222172711,27.3844322779133,20.8159118219063,22.3655624675876,21.6522083955795,21.4434728944996,21.4124245592578,24.0087845772686,21.8111891316993,20.9108459285845
"Feature0006",25.5677832584733,26.1324373976532,26.2874775121079,23.1949280789064,23.0730379286033,22.6915166672379,22.6072403943198,21.4329033947348,24.019715466979,22.6433978589493,23.0703268648813
"Feature0007",25.6823355812664,25.5430160460945,25.7337136261468,23.1102199115104,22.8590772014684,22.4865477948055,22.7623959464515,21.1285591693179,24.4796468302774,24.2951937432704,24.6974872901716
"Feature0008",21.3976312660258,21.231501651452,21.4819652900406,26.7922207163534,26.5155682673364,26.7372323635631,26.7402362701759,26.5706631220336,21.9887807850101,18.7714797784227,24.3205201533739
"Feature0009",25.5125651498834,25.0001702695354,24.7202216244136,23.9791329845663,23.684502420686,24.9779270050022,23.9683800827372,25.824558820602,24.8143307250737,25.9199982570568,26.1115201982369
"Feature0010",23.9996892790504,23.307981820632,23.3858437390594,25.7246674240925,26.1935785964933,26.5830863315053,25.7747431867134,25.8838412062842,24.0095426041918,24.8524000572611,25.3486352168449
"Feature0011",25.329174045087,24.5432957088245,24.5300764261578,25.4180964098847,25.9052124943147,26.5814665095856,25.7563941727961,25.688825856696,25.2855539927733,26.3303147325589,26.4970617554022
"Feature0012",24.0213202900644,23.4867704161033,23.6632180125461,22.8042761294771,22.9240875914048,23.1797274694349,22.5563036480218,23.5232755281143,26.0072616408605,26.4464699302851,26.8322229756764
"Feature0013",24.9636320889262,24.5316506354721,24.7715746026943,23.9338383981855,24.9586088951121,20.8694356145618,27.0500424237576,25.2091465497301,26.0372438651589,22.0671842413215,21.170067835006
"Feature0014",24.0107908382244,23.427265596344,23.1872723555093,25.8787094022021,25.72208420331,26.8550227403913,25.1395174462802,25.1845873624253,24.8750806088213,25.798103611329,26.2197116959354
"Feature0015",25.3062065275268,25.0550650334578,24.7762147971374,24.0459850073101,24.0580817648215,25.1446551244947,24.1649812689446,24.22545375522,25.6947103993477,26.4801211183085,26.6874259249402
"Feature0016",24.4475936264378,23.6698053209151,23.4523055906094,25.5229312422403,25.6812897612093,26.3799008474355,25.7170340612368,26.1785583911134,23.5358472354663,24.1124493976089,23.6367112271615
"Feature0017",25.9395223803469,26.5464402831316,26.0921253571049,24.7988406205951,24.7186988991114,25.1215199997754,21.7676947647394,20.8248771471062,23.4378677709059,21.6592189692831,20.8081024232838
"Feature0018",21.5936250254754,24.7698439320415,24.7472883682701,26.5826674625712,27.0305010913904,22.9391410347375,26.757494877823,26.3032641060023,25.6683615164909,22.2589111027955,22.4661374333438
"Feature0019",26.4416872613124,21.4440622947788,22.409663871084,19.1318237598999,20.0713225657748,25.3485017636779,22.9181631693696,26.6207145702951,19.1247887941354,24.2582141018199,23.5667139082084
"Feature0020",21.4206707044339,22.3672557787713,22.3144826513928,25.1414937624461,28.8097292886968,24.7803855683611,24.9465869396134,24.409945547342,22.4605735319467,21.3091103750276,21.8344484354179
"Feature0021",25.5431905604019,20.3996535311447,18.7383804340215,23.3830226256488,24.4805621690104,28.0200405140065,21.8871313258946,26.771699385705,22.0685582835231,26.590547542025,26.7962703249563
"Feature0022",26.4755332843601,27.2413786084483,27.5986059001395,22.0181656649658,23.7194739100549,22.9549869313062,23.004672193966,22.1656046389605,20.7151741572988,20.8074988634386,21.0807572772512
"Feature0023",25.4330774251674,24.7537762020932,24.777198787202,24.3584734362315,23.789013018733,25.2559139270566,23.9077342908327,23.838948818368,25.8245425543684,27.0257422866383,27.0709836809703
"Feature0024",27.9714270433074,23.8579854150026,24.1441376757184,22.5247503033685,20.7571090363744,21.0608379073648,23.9598001040742,26.742266394994,19.2326249803233,18.1629734900806,18.4520478795314
"Feature0025",26.8897003151959,27.991575333364,28.163048807835,21.6440335990254,19.704475875676,18.5828014583879,21.4873035564508,20.4782218492419,24.4116175292775,23.4025384979385,21.6101602276427
"Feature0026",25.9203688611664,25.7412700702167,25.9240695924583,24.1978024636503,25.0025217654425,24.982146823302,23.5745128624149,23.7264765624428,22.0948834510699,21.2907159788767,21.8288534423447
"Feature0027",24.5298315143537,23.7579360283671,23.6070527187177,25.9715734854673,25.7681835114044,26.9941796301159,26.0105408327351,26.190121991932,24.5926228499084,25.3510744903364,25.9057532847225
"Feature0028",25.892273212033,25.2048237853696,24.9454037155628,26.0509495807661,26.6366305811278,23.9849554288179,26.3451325844102,26.0879654159952,25.9257662570087,26.7202561187188,22.4186872042392
"Feature0029",26.0977842273229,25.507552716518,25.2633369410987,25.8833550195591,26.3880855066469,26.8203100782277,26.1782679442105,25.9819500016615,25.8041057185392,26.5162756344061,26.9375826651083
"Feature0030",25.9248120905041,25.2823063315456,25.150281879604,23.2619285245036,23.2201974828501,23.8913039881632,24.0465978732054,23.3351530560953,25.9845799217751,27.0921329782269,26.9136573830823
"Feature0031",20.9513256804345,19.2942624143494,21.4069226298764,20.9768490823687,24.2274049307418,28.2734709164421,23.0187003497594,27.1837510967358,18.8659485172211,25.0792218219092,25.5867769508121
"Feature0032",20.3525880974279,20.7771547335538,21.3328399495538,21.8856976524165,21.9629775699147,22.0779560735664,21.896871432872,21.2577535881927,23.8125427031624,22.8566887000158,23.2898841476532
"Feature0033",25.207192323171,25.6543754949309,24.7740205404066,22.6316711118553,22.4011056230235,23.0539104673332,22.8935822090734,22.2829822418349,25.1848306732886,26.0897170771602,26.1950755342192
"Feature0034",21.5281228919212,21.6517379321544,20.0212312587547,20.1306226643408,20.9724845461417,21.619711775868,20.4636719375446,20.5685638528693,23.2728630377606,21.4690351774554,20.8003588054354
"Feature0035",25.8748277474117,25.1834929085929,25.1803319264138,25.8889571004012,26.1335102791979,26.9573779461989,26.170884796334,26.0365596782002,25.3467852369644,26.3283461736655,26.4452553489173
"Feature0036",21.3507385466,21.2875332312352,22.694562535994,20.0514665034964,23.2081014405777,28.0785149878291,22.723834777452,28.0447843287517,17.217970932554,25.3152945606032,25.7074753719257
"Feature0037",25.8836631386311,25.2404987554477,25.1135636805985,25.4833714674377,25.6456760393921,26.8687172500319,24.863360852482,26.3784763944133,24.2986525142326,24.4894544917482,23.7674166088056
"Feature0038",18.7052025674234,25.933327258003,26.0280318550947,27.5980202811363,27.8072715862031,23.1507731983445,27.4281467009005,22.7590200214122,25.5701933388174,19.316347180885,20.3439779559404
"Feature0039",25.4010980095919,25.7760027240084,20.4964254125392,27.317848197298,24.259922038932,22.4980600413231,26.5896759143771,27.3749255696554,24.5573344645861,19.1204092193469,18.5206221815663
"Feature0040",26.0029511150787,25.4599243502624,25.3515134341891,23.9625959902924,24.2798007743026,24.8185131958817,23.6656882221874,24.0853599707701,24.8537800411684,25.8327500983816,26.013210981454
"Feature0041",28.1240638776801,20.0046309556025,21.966647992695,23.6689114413728,20.0166666644517,27.7520841107187,21.4150435556676,21.9966857758189,14.8603368614427,24.0421626648055,24.1200140995997
"Feature0042",24.1050860689102,20.5661557072153,18.7514966592915,26.3795183040698,24.1146105918376,27.1217538899725,26.1038846558653,26.8635863328673,24.6608658700626,24.9407624949417,25.6831579565814
"Feature0043",21.2685717593922,22.5019106587541,22.9155790462638,22.6549820753354,22.7570915111713,28.6900932037143,22.6695095755795,24.644466083369,17.9554746700113,22.4741696479877,21.6358405303851
"Feature0044",26.0329977074076,25.3118639107322,25.2404036536627,25.7253692180713,25.8321780956314,26.9484023097042,25.3866817099386,26.3615889481305,24.9459719669638,25.283907315053,24.9844727754449
"Feature0045",26.1127804692891,25.3239740528702,25.2812140853367,26.0980062291121,26.3796634001738,27.2208378262216,26.4452109066435,26.066407528972,23.9509028441147,24.395057890944,24.578657800646
"Feature0046",26.3546165009667,26.3758759245904,26.1230619424795,22.1215507028735,22.0190614655944,21.7270286683079,24.7078858256149,21.2853156157132,24.293090906346,24.3913201488303,24.5464406945828
"Feature0047",26.0962723390405,25.8677116655743,25.7196889767542,23.5234636326621,22.3913761571265,22.9043658436714,23.2339625465072,22.7592186214346,23.8584533170042,24.7520220280627,25.05592282427
"Feature0048",21.9930927752372,25.7644162084964,26.0333048422236,24.1826947960188,24.726231249673,20.6019489906352,27.2656980129047,25.0008807409771,26.0360076562094,21.4858245117375,21.9421218097298
"Feature0049",20.2750832412451,20.8080136708807,20.4358920500062,20.651084801977,20.5129094327829,20.373969462151,30.4594127650046,29.3361208605906,12.1619758482889,10.7784494681517,10.5230468403056
"Feature0050",26.6541991965367,27.2481028933992,27.1809050981827,21.7434985849397,21.8577852930809,21.5711589238342,19.6190928920714,23.8762877484769,24.5884939375832,23.4342220086365,23.3831819416378
"Feature0051",21.9397783224463,18.5361336706287,22.5900339859631,23.7380493787882,24.1692681678762,28.5909026578983,23.2432840963105,21.5339841284544,18.5145734766526,25.2501178503392,25.6189922828196
"Feature0052",22.3355449361721,25.4951822073358,25.5510468320361,26.0772896186012,25.411732898523,22.8894146186741,25.0502482916361,24.3464956269795,26.4005892949657,22.8346771157956,23.0887787583533
"Feature0053",20.4560367001503,20.729010168354,21.2775348031089,21.7675540849699,21.8995401290771,20.7836005841969,21.8840485264854,21.2117808326462,24.0279730902222,23.0274763239409,23.4875808759057
"Feature0054",20.1764595193686,20.1354752270597,20.9926700630112,21.5413812721944,21.4710227853639,20.5837649663014,22.0829473524125,20.985121403107,23.8424404503977,21.4980363269508,21.6365762526534
"Feature0055",23.5250537218559,24.3372563055008,20.4285431843303,28.3025064832942,18.4344354840228,22.0980567628207,29.6725075859701,25.4063362504022,22.8212646781847,21.6100041562879,16.8306267323437
"Feature0056",20.954380502819,21.5224982110245,21.6018654739062,29.0520059652901,28.5305034809091,28.5069170979713,26.5128716298132,20.5501098157532,20.910162318909,19.1427371547013,19.8737009127539
"Feature0057",28.2436013066978,25.3363140016927,25.1886790959749,23.0261526634798,23.8125297167945,20.725102713891,23.0210342784062,22.7712065960804,19.165092838901,18.9405764029227,18.8464833232095
"Feature0058",21.6176505786379,26.9183045515746,27.1987196837738,22.4428383191399,21.4817004747813,21.2025261559323,26.0032855964259,22.9520451359182,27.0217222087958,20.2705369170243,20.5336932957741
"Feature0059",20.760520206667,21.3982814555823,21.5839243572047,24.30369937497,24.8892465761683,24.3456110263295,30.0847265399116,27.1997981565908,16.3928846399757,15.3075840631463,15.9276526589886
"Feature0060",26.6835661201456,21.8579531914632,22.7072481845696,22.9726650660073,22.8924518097531,28.5648146130608,22.9149178123906,23.7542839229663,21.1158871816747,24.5470667741045,23.9364101652103
"Feature0061",25.2809215747656,22.497155391032,22.3342206392166,21.6500422995397,18.0909694233991,26.6943920446811,26.7082856539708,22.4639902514696,23.0098475342381,27.1564940054295,27.9371802787406
"Feature0062",28.7318680062318,23.5672220072654,21.1058901325757,18.6970345914789,18.7812421392863,22.9927719252238,18.7002881470334,23.0963874030138,17.0052581907277,23.2997043215728,23.2002497815434
"Feature0063",26.7896797476119,26.3666052296916,26.2248204073629,25.5082565269662,25.1787770574981,26.4803439704002,25.3694994769791,25.2315319921686,26.3464960667692,27.3257900343613,27.4983384506068
"Feature0064",23.3018639597573,28.3188682699969,28.4715143518292,22.9207133267561,22.8064073781611,17.4484582213633,22.9291195811359,21.6419425892325,26.5967107026562,20.2644631460125,20.6084572109027
"Feature0065",26.6295220049853,26.1276964575581,26.1006538735786,26.2896532583982,26.5180559679496,27.2253833594375,26.6119515690034,26.4028525744097,26.2300036457752,26.9877748914756,27.312219000236
"Feature0066",23.6459091835969,28.7053125105231,29.2605948552317,22.5789242653003,23.8028302888787,20.6683949433759,23.0336392819902,22.6720436689815,17.6037213128778,19.1594118439155,19.0369367813909
"Feature0067",23.1457557504399,22.1281773891925,22.3824146262667,25.3749340791328,26.8546104403482,26.8388140912894,26.9000818346413,27.1721093367978,22.877559326397,23.5199902753855,23.422511302609
"Feature0068",19.3117858118824,20.3103151892595,19.9253387284882,20.6918712913588,20.2435352440746,20.7150219989076,21.2931256086019,20.5649056053109,23.4570960886374,22.5486787821262,22.1803458328205
"Feature0069",26.8951424052581,26.8290532611353,26.898586371695,22.3395229800846,20.4614828046203,22.3210189151074,23.2437083098994,22.9087435598174,24.0625036580622,23.5632746282523,23.657619538355
"Feature0070",20.1178144901082,19.7685910423471,20.6648674011408,24.0731106653638,21.8957047684734,24.1280940905179,21.9232800645971,20.572368849691,25.1732995318905,24.4155542338761,24.4520082537584
"Feature0071",21.4226752710861,22.1429186753376,23.3454303669727,21.9042695274197,21.3509461205809,21.9813515758423,22.0317617484534,22.344625593876,24.4096168546172,18.6889628552372,18.1819560594708
"Feature0072",26.5988176369578,26.1125590317019,26.0191763901565,26.3817538519072,26.607368745775,27.3182194646142,26.6932925842937,26.3854533383248,26.2057975363229,27.0597478388311,27.3895025074083
"Feature0073",29.611709192788,22.4347219266587,24.6473465487557,19.2244825246402,20.023701187143,19.5369561964883,20.2468522472017,20.1433015850024,14.4884332328884,20.8335630222415,21.1744277008375
"Feature0074",24.466732902704,23.8642782201979,23.9403682384934,26.1799854735611,26.4316612094848,27.5628977325467,25.9983003321781,27.1217747420801,22.8184451931974,21.549066877746,23.5750926978686
"Feature0075",20.1390761100032,20.6682518244809,21.1977082287807,21.7788325173422,21.8633249981874,21.5750051378139,21.5047730204942,21.0851721621386,24.6710319537644,23.7725781802163,24.1852802239306
"Feature0076",26.207982860793,21.184869468343,23.3066370952484,24.1908046800411,23.8201614440331,23.1589057508691,27.7766079754638,27.9877296124392,25.8727629026415,18.990584474696,20.1096054933138
"Feature0077",26.2860515058938,25.8438693393016,25.7436133231704,26.1698006654658,26.3743699094033,27.0489508548348,25.7495832448466,26.9600293423818,24.7302687919639,25.5425225742811,25.7981165531573
"Feature0078",23.5645047327912,23.2104628986405,22.7844261426456,25.3804708479592,24.1516327858028,26.392621910869,25.5078952313065,25.1143686845122,26.887132592258,27.7237555764751,28.1872744061715
"Feature0079",23.2978771823306,19.1527106392358,19.6065570085265,22.1524212153485,24.4702129916512,28.9238793452816,21.5316276802285,23.6440642479053,22.3001655054242,26.9377912505674,27.3143234900629
"Feature0080",27.0898935484645,26.6189575757738,26.5603786373093,26.4403159926056,26.2117058262117,27.421038807089,26.467708296408,26.9745085409336,25.0641503237502,25.4053938081932,25.2422278025168
"Feature0081",24.145553791514,29.3756688766348,30.1121876495313,19.4941229307136,20.4820632864028,18.8928682957814,20.0984548928342,19.5523088996397,23.9944313400703,17.5423617648364,18.3420832210609
"Feature0082",20.4988323476473,21.7802059804824,21.7478983765249,22.1755752260418,22.8344836283185,21.6071482991823,22.9117578884737,21.4903415269304,26.0606363406244,25.5878194949069,25.581985472561
"Feature0083",20.160745241337,26.3796193319204,25.9207523675949,27.5973567033476,28.2823318946532,20.1071440609939,27.7027429942507,27.2355338480268,26.8203332677317,19.9096497155378,21.6319820017771
"Feature0084",27.0244570684861,20.6781427445288,19.6441090439307,25.0245438704284,25.3265080754562,24.0146718628391,21.4990761035574,28.5883749335107,23.5515176866212,21.6804448136505,21.9332195994043
"Feature0085",20.3399185601189,21.1366432937758,21.0774526241897,25.6921647765463,24.9404231777262,25.9718478382417,29.7739174272504,29.5002124959885,17.7399516816146,16.2407710812589,17.0159669647702
"Feature0086",22.9515783226794,26.2607190007096,26.193192301282,26.8957780620453,26.961514992139,23.1898022273231,27.2298277814922,22.8355598779906,26.204069527877,26.7339891254742,18.8979730081463
"Feature0087",19.9663590702263,19.3905087035135,20.2095004094957,20.4880091401757,20.3757667754478,20.1476600366386,31.1912454232885,31.1599388030051,12.3562414353219,10.6276878760188,10.2751487790308
"Feature0088",21.2347742608935,25.7651070009534,25.707819020031,27.1160197531701,27.4698648994968,23.2116873358555,27.2572018852994,27.271056489575,27.055444673752,21.2131773667029,23.047931986539
"Feature0089",27.5152015270473,26.8742598163752,26.8109416656607,25.8524138328658,24.5818018610253,26.4618102229502,26.5904076641662,25.9720181528788,26.2106667092394,26.7673813639118,26.6371678092192
"Feature0090",27.4658136598491,22.6509101737191,21.4336021626876,22.9098252570092,23.2503665331632,23.5536655007014,23.8225446581876,29.3771208512729,19.9960139940396,18.6934728852241,18.5142741149291
"Feature0091",26.3831384701168,25.7997992790574,25.8595813894072,26.9082189801615,27.1963532598806,23.7679332083687,26.6004126663095,27.6711918388391,25.0363992731443,17.5504178322666,17.7881051231219
"Feature0092",21.4441289407024,20.2201038692686,20.544742394524,27.6546243285712,28.1798433251534,28.7884410586641,28.4049976228482,27.8024877810184,21.3509364541068,22.2908277100923,22.5238024383179
"Feature0093",19.7109937464642,19.8270854283944,20.4484052088355,20.6689231962212,20.9090714125427,19.9643537276076,21.3148822585259,20.7728948360691,24.6173490118406,23.3791055483409,23.5731336318042
"Feature0094",19.6806923706145,18.5320181201871,22.3703833163406,25.3043562700011,23.0673383237755,29.2066179571753,22.7680586295465,23.9221737540098,18.0775754587233,26.560729502678,26.9236365300915
"Feature0095",20.3380934918337,21.0306974404258,21.377676743854,22.1176527067998,22.3204489336943,21.8281209948465,22.2252725010234,21.1566782237735,25.5948901021147,24.6653269448554,25.4025798797968
"Feature0096",19.8082345989326,20.8456706098855,20.6669658974461,21.0402468140079,21.3805287384579,20.2510756829931,21.1992260934682,20.8864369871329,25.0143114807653,23.7921705180542,24.1481816679471
"Feature0097",27.5120022828592,27.1499761599802,27.2295634749865,26.5580096028837,26.3529721662247,27.0923911809111,26.8681264880062,26.8805611463272,26.5325039142282,27.1964596913541,27.3433293773109
"Feature0098",18.7423172359696,16.289256801723,23.3802846019248,23.7570439531169,29.1078236803671,29.0597737186187,21.1372778321975,27.9991414500804,21.270238856103,28.3461681740959,28.6054298276129
"Feature0099",27.3753582761824,26.5822263113865,26.4205865926989,21.6567016871106,22.6806092976791,23.1522591418282,21.9805554988817,21.7307562986509,26.7015643705404,27.5506650031989,27.692210693737
"Feature0100",26.8247211488394,26.2066243765606,26.4655209975769,23.913564175871,24.5391980931202,20.5772993924514,24.1746961636502,20.0226285883965,26.4546120914864,27.3276922879697,27.4646937864751
"Feature0101",16.9184602757852,25.272050118665,25.2973303049949,27.0014587213623,27.2089158188957,28.2314830634448,26.775306357925,27.2001825896753,26.330264271502,26.7659478305927,26.7554769617546
"Feature0102",26.7475291935859,25.5063123900667,25.7174527269557,22.8088610502852,23.5538974972216,23.989944879014,22.4335577942462,22.3051029117978,26.6753788154783,28.4235095242612,28.6497551792122
"Feature0103",19.6135423419816,20.8932839656912,21.4936336035992,23.7943015826765,22.4567211422561,22.532769371787,23.0848703090194,21.7931381538232,27.142158867034,25.931649747638,25.6671093839718
"Feature0104",19.0384948269747,21.4177465207156,20.6924550462019,22.1854443799157,22.7872080049339,21.1418603354324,22.1120495554405,19.8085707895357,25.4334909653756,24.5118101465305,24.9062779554835
"Feature0105",27.5332601049469,26.695729471562,26.4279278611509,23.0201258835808,22.8621552209418,23.8932207077153,23.3060175845418,23.3085880258316,25.7344985593955,26.6551395831236,27.0241569021692
"Feature0106",22.7836301668144,22.3970698266283,21.9201811200885,27.1587974280986,23.9364141907993,27.7408095744504,28.2337072444917,26.9377676392302,23.3942004957525,24.0442786485709,24.2204852697075
"Feature0107",20.3137336959287,20.9038450722383,22.6758251110196,22.2495667214153,24.1038625905943,29.4907739370194,22.6713314162641,22.3040613517285,22.7431513477028,28.4734587417516,28.7921330531872
"Feature0108",26.2063999693029,25.4818459712384,25.3296045309133,23.4121993689101,23.4288391221477,23.9968783588289,23.3215110399057,22.3870260847819,27.4278634622788,28.0490545973793,28.3278501297085
"Feature0109",27.0864500456762,26.7200193983264,26.6226120145649,24.6636056111126,24.5386668833003,25.9079484649646,23.7005730141777,23.7509635210115,24.5384195385306,24.3903630067825,24.1805656834074
"Feature0110",27.6288534533461,27.4289866916307,27.4472417526305,24.2784889232599,24.9339803226882,24.5193405759002,23.0878669621135,24.3258632648613,20.1134117736988,20.164182078989,20.4084511256866
"Feature0111",27.7320061754152,27.3443345212308,27.3211480524678,27.3210468940777,27.4652662942035,27.964182772871,27.4814044618458,27.241390033894,26.8947945211169,27.7767025800363,28.0950543851504
"Feature0112",28.1566814825974,27.8184304372776,27.5772867016343,27.5408372537217,27.9211189523021,25.9991794945746,27.7395308870367,27.5178204199064,27.455795063157,26.3113137311329,26.8696577786463
"Feature0113",27.5488613271921,28.0166215204645,28.2071339849777,24.3805785186307,22.3394152649674,23.9831519889508,22.9544572947612,20.3587641057708,21.7763958942464,20.9406437286875,21.602373586723
"Feature0114",27.5105392754812,26.7068756466872,26.9456439665747,21.4166757813666,21.9651889598923,23.5021787036832,20.9882574314581,20.5294284786653,25.6107822541707,26.4436015741306,26.4554214514165
"Feature0115",22.7321281528918,26.8654365864918,27.0150875929202,28.5474926619899,28.9029429919311,22.0924243207398,27.9327601874671,17.3421710340943,26.125668507032,20.6388652223177,19.5198972991655
"Feature0116",21.2407233482124,20.9621475853722,18.4424551712259,27.0770551163042,26.454960169662,27.9647268565478,27.2144707726588,28.0102501705796,25.9353557075142,26.2767040343621,26.9158664744567
"Feature0117",20.0971070806874,18.7933185118594,21.1341116164136,26.2019578140527,31.4654062576586,26.945455814682,27.6293843108228,28.8819441028071,17.2029605318788,15.5805868910145,15.1683456068705
"Feature0118",27.6789265580316,27.3713767957399,27.3100803677165,26.947182563607,26.9096114891598,27.6225462097549,27.2348705672906,27.7427101885935,26.4142095636096,26.8566854795303,27.1348570567884
"Feature0119",24.199794706089,22.6468374485628,22.7914175904695,22.1924548928054,22.5282318313935,30.1830165545263,19.5814131604482,23.5053666393768,18.0133489909588,23.667355174161,22.5722717885254
"Feature0120",27.7949791817188,27.1587914375149,27.0749786201166,24.8197484422941,23.9801535845213,25.9745695227293,23.2679543012698,23.9387488526333,25.0542489817082,24.7747090613308,23.9566055810139
"Feature0121",27.7396366829111,26.9675327916676,27.0200058507232,26.0602297003792,24.246480303645,21.7039527905799,20.5974763379562,26.0911235271,25.1118329125395,21.8449732627379,24.4159459754914
"Feature0122",28.6331960614674,23.1416595425267,25.8206893355769,25.0099243796311,21.7301209573597,21.9391907693897,23.7181690950782,25.1220451730387,22.8446567482608,20.9565332565441,19.1560275590602
"Feature0123",28.1658910097111,27.5586962043067,27.4980877733702,26.1356302922796,19.2677528959928,26.6008000342151,27.1905427607696,23.6073240652472,27.6982824033389,28.441878565438,28.7974805662904
"Feature0124",23.0461627635586,20.2703497364752,20.1564729711393,23.9752184071503,22.9957197873963,30.5838527153584,20.637412848382,22.4033700475649,16.6816084883834,23.5864854384945,23.509073608154
"Feature0125",20.5534382551682,21.8022417032369,22.2177275858875,21.3354340853031,22.3818459976415,21.7142987657052,21.9773275414528,19.9255686706946,26.6512492397768,24.6135093498925,24.8268651227997
"Feature0126",28.0773155608879,26.9287760408041,27.2548794535608,22.5043010672849,21.5432695889537,22.4766521958868,23.6239782010217,22.8040264260958,25.140536480954,25.6975836623449,26.2372214048856
"Feature0127",19.1470263320339,24.465460106601,25.3817271191285,19.7942636127776,19.9481179386643,19.4159998432295,23.2647897654371,21.2197532944804,25.4994569237886,18.0344250186867,18.116535271635
"Feature0128",21.2043212844657,27.2589735347106,27.3139803326699,28.0921458271081,28.2746044478301,20.8125547881111,27.737089805684,23.8110619382114,26.7949013505545,21.4111794579101,20.3032027537922
"Feature0129",28.4373597283219,28.0457103220112,27.9785940744855,27.3221319817428,27.2475065058639,28.2062723114479,26.688806790038,28.1737516623438,26.2885729492441,26.0143502488799,25.5104327797777
"Feature0130",28.5881355665837,28.0923080083723,28.0796094481221,27.1962232663274,25.5623447497971,27.3812088180822,25.4415188191742,24.5803381322335,28.062946351998,28.696021365499,28.7329899691602
"Feature0131",28.1673750290503,22.9356840426454,22.439521914984,19.8980002274056,21.3849017936646,24.7461930265392,19.9720719704358,24.166683663071,23.5944114239546,29.4859539302207,29.6384276410721
"Feature0132",21.7147592122893,21.5140380586787,21.0944900770935,28.529501770463,27.6316519469068,29.4415154619442,28.1840922478679,25.9837076435666,24.2826367485287,24.5078874186641,25.9437267918133
"Feature0133",24.9286898692248,20.5419820416001,19.5816891168551,19.7025786301236,19.6531395618605,19.977745090097,19.8578418832813,20.5555963737123,14.2293291186141,23.7172299027465,23.5572960639874
"Feature0134",28.60666833926,24.398644735264,24.1922995495979,22.3178212758804,21.983132059452,22.0615216776323,21.7554008023153,21.0083630546422,27.3680535033538,26.5014220299755,24.6102947639768
"Feature0135",21.7061866934951,27.2757079943559,27.3203392453964,27.9686339705693,28.1534595458924,21.2357951834831,27.6142566470289,28.7910317329386,22.2602647980041,21.4775660010274,20.4516938938711
"Feature0136",20.9384628534722,20.632949918796,20.6089609601288,26.6219362585728,27.7842582932611,27.9065144818805,27.7776715054487,29.1778589649092,21.70504561159,22.5212218339645,22.921580699179
"Feature0137",27.7248096083501,27.0454286484964,27.0876852485267,27.2581939041983,27.6509012474936,24.4942276858886,26.7042025454848,28.6194898421698,25.8708266407393,20.5080406277803,19.4261598007722
"Feature0138",23.5403037680375,27.5818738467507,27.6835220163427,23.9521257636036,24.1915731881862,20.1683109848805,24.4118562821584,24.1119900309299,28.7184712369251,21.9836918036725,20.7693878801461
"Feature0139",23.6883647819426,27.1546916357196,27.1272830655336,28.3446102171947,28.6351853538941,25.1862163285713,28.712684625971,24.4228165420591,28.3154483859142,24.8531664217167,24.2667449279907
"Feature0140",23.8825139458908,27.3156323988778,27.3193441073635,28.3425777557792,28.5799245448368,25.1791928727657,28.7054539955129,28.5306871861001,28.3153526196726,24.9057138639142,24.3038855694231
"Feature0141",27.4345216120983,23.4492725331041,18.897071129845,24.3925993227905,24.3054465970977,29.6811689311337,24.6829676701256,24.6494207999028,23.8564502970708,29.556512822409,29.7745289648821
"Feature0142",17.697407304222,18.4234119999213,18.6556048146365,31.1628446833402,31.7960881726326,30.9883263139909,30.1486508232949,27.3400796707204,16.818817467716,14.6097862604758,14.9178492302876
"Feature0143",19.4225447249882,22.1760284970358,20.3606886650991,20.9546585325768,21.3528151348167,20.0472764958846,22.0746718920131,20.3165472781534,27.0762809567759,26.0999643236093,26.5338809588813
"Feature0144",24.1704666935221,28.3774078342858,28.6182125122292,22.6997757284234,22.542682431184,23.0053773302961,23.005560990635,22.0421486080155,24.0925462635423,23.168617268732,22.7171902359862
"Feature0145",29.1453721763779,28.5077107698009,28.2611485753772,23.6460463508468,23.5341104399333,22.8380837152002,23.6412228302393,25.6885481720155,25.9673129686781,26.9014384098583,26.9798136383499
"Feature0146",21.9254441607289,28.3505252994141,28.251418602643,28.2964904542976,28.6080747048263,23.4664483551825,28.2531500553071,25.2817028227457,27.4667809526844,22.1568122732463,22.0658826623114
"Feature0147",28.6225271801325,28.000514684871,27.9888045589712,22.2361415442203,21.218552813385,20.2978570663064,21.2325992374327,20.2923946266629,27.1609204611689,26.975472100867,25.1108346539069
"Feature0148",22.3013281439284,22.1921788075244,19.8294508548623,23.1566731488783,23.1753253469965,30.6668673753276,23.2650568221639,25.2532519889856,23.6975952856273,28.0151563570654,27.098193724341
"Feature0149",29.1734811666724,22.9155418397464,20.8071446815269,23.0896239725888,23.4507825349074,28.6726708402446,21.1898311630997,27.3950827097039,22.9130440443724,30.2265650656393,30.4643660916742
"Feature0150",29.5801663817885,29.3964841723509,29.3134701331546,26.7392171204252,26.5627365166182,27.4144900687457,27.2612292311211,27.7025837283865,27.0319958597534,27.2583900374749,27.708497759201
"Feature0151",25.5670537432171,28.9734173032253,28.9097783025631,27.6320315445904,27.4274940207352,22.6649982317469,26.5596301759417,27.2084131055137,29.076907501424,24.0590785364924,24.2810643447973
"Feature0152",18.6562556015563,19.4719020941521,20.5246545834909,24.8181772608414,25.1048390882403,24.573110765919,22.0364542133084,22.8600384340039,22.7306129714885,29.5005769925008,29.8613712710863
"Feature0153",23.2958589316168,23.3881827560721,22.8607318886409,29.4126277758506,29.399482423971,29.7977261405436,29.0675450944049,29.2497263216235,27.8481208401852,28.5677428193335,29.1827346766077
"Feature0154",29.2008105377469,28.7655172246257,28.6842881184443,28.2262282685043,28.3852593003537,23.0814807991395,28.1680200027422,29.4081458198322,27.3787789339009,21.8606787313944,21.2855775981787
"Feature0155",28.3499726375987,28.0922183995539,28.2124724563614,29.5535141283428,29.5189996634293,29.459481294476,29.5363334243809,29.3387237254998,29.1885726974776,29.5641837574037,26.4465549449235
"Feature0156",25.0205851972645,24.6234448248351,24.4000428381526,29.2479789946585,29.6543761274417,29.8805942112232,28.8840155028528,29.4416532497513,24.0575324228037,24.8044655654455,25.5444827004847
"Feature0157",29.3160277916251,29.3031645541336,29.4676882806361,28.2065833863994,28.7681202279366,29.3907634506456,27.8220702786744,29.1476843235021,29.3055581153692,28.5408803273142,29.1867056237951
"Feature0158",29.6808742526633,23.7449912439869,23.90249127781,23.5819255433856,23.7837126570288,30.5110059024709,23.7668356552609,24.8601827922099,22.7576286700475,28.0914403292486,27.3425997777749
"Feature0159",23.0493481511707,27.0531377600799,27.0948461769587,28.7274573171897,28.7558595870981,29.3740304410661,28.7619154509792,25.2438144156387,29.3485653774179,29.5910780174374,30.0915730707434
"Feature0160",30.1442522067882,29.6053366285731,29.3654192858826,23.7440212703801,22.5186876471553,24.1861974885716,24.3308286707724,24.4969090543391,27.0189120604962,27.7700282691105,28.0107721873352
"Feature0161",19.9778515760239,21.0730292097192,20.5271736950479,21.5210445324953,21.7721782129514,20.7791006583321,21.9512526408357,20.5217525159591,30.0131160731169,28.9824366229822,29.5347291879408
"Feature0162",30.5041772209787,30.3554926293824,30.2707509625314,28.9846735205731,29.5092012973006,29.3191219203824,29.0960171693707,29.4532529376499,27.5774732949669,27.9379454170857,28.5036350843156
"Feature0163",18.6743082479488,20.1970282844037,18.9890074388263,23.635496910027,24.0599443560923,24.6097020437539,23.8861914205024,22.3232444739969,29.9034416148729,30.6124173467633,30.8233169070476
"Feature0164",28.4260335830484,28.2008451548339,28.3090225812501,29.6547524344675,29.6114690100852,29.8751099006842,29.613668687264,29.3942335309742,29.242432470098,29.5348844204105,29.9717200849289
"Feature0165",27.5794436139036,27.2794077884314,27.3450179120702,28.9823613792166,29.0618983466598,29.3950531952158,28.9438347636226,29.7272627475123,29.3520022190732,29.4474545798276,29.9886945820864
"Feature0166",28.997289468262,28.806999670954,28.5021398715224,25.6763816246468,24.3923003111556,26.411116305651,24.0377112008139,24.3852788568754,29.6685129840422,30.0928322344134,30.5564535634473
"Feature0167",30.322557813972,30.1497202712402,30.0017936053823,30.060432262702,29.6333358395965,30.0524864000963,29.5642807006774,28.8560522512183,29.691782861964,29.9326246983311,29.94460894223
"Feature0168",18.6203599277094,22.2446550997334,20.3366367657406,21.2768434487553,21.1816657601853,21.3523282494215,21.9134653379115,21.0227185561035,30.184674615174,29.4695639509794,30.2055159909941
"Feature0169",30.1996099872019,29.9421062562725,29.9744150177813,29.0821199812019,29.1904875051429,25.0264445843426,28.6780239495758,30.1427072556889,27.8039137275676,27.4259929316117,22.2819504811922
"Feature0170",19.4734417141497,20.962545755083,20.0704859117948,21.5659013691076,22.0415791524674,21.1893236875449,21.7451386067252,20.4715590590249,31.3356028544837,30.4533583340295,31.1407489227609
"Feature0171",31.2722028650592,31.3014011125878,31.3023022100817,30.0287395363141,28.9407703182872,29.6003820407953,30.5203709736598,30.1377931692346,30.2282463295907,30.4992880623749,31.0352134360828
"Feature0172",24.2432237433563,23.9349068612274,23.5994366313842,26.814860829992,28.2928298597987,27.817665952721,27.9883466830566,29.3071195024144,30.3345781838883,30.6165799326891,31.1336782466435
"Feature0173",20.5723670087845,22.7425685059804,22.0428867069462,22.5243902982366,22.8244205753231,22.4213833812435,33.7406550871517,29.5105296477299,21.2781791840903,20.1504023175928,20.1434726256778
"Feature0174",19.3052883104287,22.5637208534795,19.3907398169119,21.1560318043978,20.0752599094867,22.2939429931022,22.7605548439547,20.2924183441675,31.6522899900687,31.5771037039223,32.1387998431816
"Feature0175",21.2946899388374,22.5337230807723,22.119478195323,23.3993683837361,22.9701414766684,22.5255157650293,29.1766044299738,32.9134521507288,20.4740141050235,20.2328585667885,20.2301923559608
