FeatureID,Name,Formula,MW,Area: 2,Area: 10,Area: 14,Area: 19,Area: 40,Area: 41,Area: 46,Area: 47,Area: 57,Area: 59,Area: 60,Area: B,Group Area: CTRL1,Group Area: F1154_1,Group Area: F1177_1,Group Area: F1246_1,Group Area: CTRL2,Group Area: CTRL3,Group Area: F1154_2,Group Area: F1177_3,Group Area: F1246_2,Group Area: F1154_3,Group Area: F1246_3,name4plot,C,H,N,O,S,P,Cl,H_to_C,O_to_C,NOSC,GFE,DBE,DBE_O,AI,AI_mod,DBE_AI,Class
Feature0175,"1-(3,4-dimethoxyphenyl)ethan-1-one oxime",C10 H13 N O3,195.08956,2257925.798,2325583.605,110975740,1415762.65,2896258.067,2154249.787,1357274.709,3692159567,2269695.912,2151323.734,1634907.96,487806.7065,2257925.798,2325583.605,110975740,1415762.65,2896258.067,2154249.787,1357274.709,3692159567,2269695.912,2151323.734,1634907.96,"1-(3,4-dimethoxyphenyl)ethan-1-one oxime-peak2",10,13,1,3,0,0,0,1.3,0.3,-0.40000000000000036,71.7,5,2,0.16666666666666666,0.3333333333333333,1,Lignin
Feature0174,"4-methoxy-6-(prop-2-en-1-yl)-2H-1,3-benzodioxole",C11 H12 O3,192.07866,817106.9296,751110.9385,2206629.964,2921797054,7378643.782,872850.1032,286793.2395,909997.4955,2675385293,1738263.012,2874776777,465876.0683,817106.9296,751110.9385,2206629.964,2921797054,7378643.782,872850.1032,286793.2395,909997.4955,2675385293,1738263.012,2874776777,"4-methoxy-6-(prop-2-en-1-yl)-2H-1,3-benzodioxole-peak6",11,12,0,3,0,0,0,1.0909090909090908,0.2727272727272727,-0.5454545454545459,75.84545454545456,6,3,0.375,0.47368421052631576,3,Lignin
Feature0173,"1-(3,4-dimethoxyphenyl)ethan-1-one oxime",C10 H13 N O3,195.08956,1380037.349,1273825.138,2638831468,2444881.928,3381999.28,2067009.134,1232666.528,351439254.5,2118231.585,2005258.7,1519800.113,408542.5427,1380037.349,1273825.138,2638831468,2444881.928,3381999.28,2067009.134,1232666.528,351439254.5,2118231.585,2005258.7,1519800.113,"1-(3,4-dimethoxyphenyl)ethan-1-one oxime-peak1",10,13,1,3,0,0,0,1.3,0.3,-0.40000000000000036,71.7,5,2,0.16666666666666666,0.3333333333333333,1,Lignin
Feature0172,Choline O-Sulfate,C5 H13 N O4 S,183.05656,18455380.89,173889126.6,358388843.4,2281488183,18362239.37,17267620.54,388426123.5,1013034308,1617001965,273773566.5,1510370737,75654.80713,18455380.89,173889126.6,358388843.4,2281488183,18362239.37,17267620.54,388426123.5,1013034308,1617001965,273773566.5,1510370737,Choline O-Sulfate,5,13,1,4,1,0,0,2.6,0.8,0,60.3,0,-4,6,-4,-6,Other
Feature0171,Betaine,C5 H11 N O2,117.07895,1932171556,1399168738,2002960831,2195957216,1922636748,2159050538,506181853.5,1849146123,2252386478,1274603634,1898401604,277672.4408,1932171556,1399168738,2002960831,2195957216,1922636748,2159050538,506181853.5,1849146123,2252386478,1274603634,1898401604,Betaine,5,11,1,2,0,0,0,2.2,0.4,-0.7999999999999998,83.1,1,-1,-1,-0.3333333333333333,-2,Protein
Feature0170,NA,C30 H32 O10,552.19967,801339.7713,764300.7706,795643.4129,2091823089,1442045.221,802660.1892,849278.6099,828862.5083,1831460665,866730.3238,2085742045,1537081.377,801339.7713,764300.7706,795643.4129,2091823089,1442045.221,802660.1892,849278.6099,828862.5083,1831460665,866730.3238,2085742045,Feature0170,30,32,0,10,0,0,0,1.0666666666666667,0.3333333333333333,-0.40000000000000036,71.7,15,5,0.25,0.4,5,Lignin
Feature0169,L-Phenylalanine,C9 H11 N O2,165.07901,1114276985,819605334.9,579010543.8,396138389,1096953852,1313901615,699857469.8,1801302787,189165072.4,41795883.55,3463392.157,345664.0812,1114276985,819605334.9,579010543.8,396138389,1096953852,1313901615,699857469.8,1801302787,189165072.4,41795883.55,3463392.157,L-Phenylalanine-peak2,9,11,1,2,0,0,0,1.2222222222222223,0.2222222222222222,-0.44444444444444464,72.96666666666667,5,3,0.3333333333333333,0.42857142857142855,2,Lignin
Feature0168,"4-methoxy-6-(prop-2-en-1-yl)-2H-1,3-benzodioxole",C11 H12 O3,192.07866,351486.3383,532220.9311,719590.199,1196298798,2351960.839,620492.3733,391500.384,967328.4151,1381709804,952632.6253,1661935952,664340.0482,351486.3383,532220.9311,719590.199,1196298798,2351960.839,620492.3733,391500.384,967328.4151,1381709804,952632.6253,1661935952,"4-methoxy-6-(prop-2-en-1-yl)-2H-1,3-benzodioxole-peak5",11,12,0,3,0,0,0,1.0909090909090908,0.2727272727272727,-0.5454545454545459,75.84545454545456,6,3,0.375,0.47368421052631576,3,Lignin
Feature0167,L-alpha-Glycerylphosphorylcholine,C8 H20 N O6 P,257.10283,1049806155,1488491986,1053173317,1513789617,958507404.1,980587971.8,861982582,755759749.2,1382905160,1632046153,836587745,29374.38688,1049806155,1488491986,1053173317,1513789617,958507404.1,980587971.8,861982582,755759749.2,1382905160,1632046153,836587745,L-alpha-Glycerylphosphorylcholine,8,20,1,6,0,1,0,2.5,0.75,-1.25,95.925,0,-6,-Inf,-1.6666666666666667,-8,Carbohydrate
Feature0166,1-[(3-Carboxypropyl)amino]-1-deoxy-beta-D-fructofuranose,C10 H19 N O7,265.11614,502369597.5,79698117.86,23169906.2,1441632291,555393728.8,536760591.2,26406342.01,33511708.23,1095664071,100516511.3,989159664.9,124542.1197,502369597.5,79698117.86,23169906.2,1441632291,555393728.8,536760591.2,26406342.01,33511708.23,1095664071,100516511.3,989159664.9,1-[(3-Carboxypropyl)amino]-1-deoxy-beta-D-fructofuranose-peak2,10,19,1,7,0,0,0,1.9,0.7,-0.20000000000000018,66,2,-5,-3,-0.45454545454545453,-6,Amino Sugar
Feature0165,Adenosine,C10 H13 N5 O4,267.09675,171950044,743269264,696101538.9,1175248996,155975869.1,188386905.4,616581587.1,1357108263,845637758.7,925647307.9,778356683.2,298650.9187,171950044,743269264,696101538.9,1175248996,155975869.1,188386905.4,616581587.1,1357108263,845637758.7,925647307.9,778356683.2,Adenosine-peak2,10,13,5,4,0,0,0,1.3,0.4,1,31.799999999999997,7,3,-2,0,-2,Lignin
Feature0164,DL-Carbidopa,C10 H14 N2 O4,226.09535,297245783.7,1160396533,1102901533,1099965706,274591234.6,338821654.6,881341428.1,1085665192,959430045.6,1352782325,803965985.4,325032.8326,297245783.7,1160396533,1102901533,1099965706,274591234.6,338821654.6,881341428.1,1085665192,959430045.6,1352782325,803965985.4,DL-Carbidopa-peak2,10,14,2,4,0,0,0,1.4,0.4,0,60.3,5,1,-0.25,0.16666666666666666,-1,Lignin
Feature0163,methoxyresorcinol,C7 H8 O3,140.04735,607373.5869,7443856.726,8146555.891,1328496974,2526197.608,1249161.622,7311472.835,4497777,1074745449,9697784.924,984328358.5,1430823.172,607373.5869,7443856.726,8146555.891,1328496974,2526197.608,1249161.622,7311472.835,4497777,1074745449,9697784.924,984328358.5,methoxyresorcinol-peak2,7,8,0,3,0,0,0,1.1428571428571428,0.42857142857142855,-0.2857142857142856,68.44285714285714,4,1,0.25,0.45454545454545453,1,Lignin
Feature0162,Choline,C5 H13 N O,103.09967,1258592902,730362497,770699118.2,346675206.1,1228856029,1327208320,822407853.3,1130348199,315737652.6,917177209.4,289742797.9,120683.6109,1258592902,730362497,770699118.2,346675206.1,1228856029,1327208320,822407853.3,1130348199,315737652.6,917177209.4,289742797.9,Choline,5,13,1,1,0,0,0,2.6,0.2,-1.5999999999999996,105.89999999999998,0,-1,-0.6666666666666666,-0.42857142857142855,-2,Other
Feature0161,"4-methoxy-6-(prop-2-en-1-yl)-2H-1,3-benzodioxole",C11 H12 O3,192.07866,801393.4383,593936.1114,693410.2379,1261449757,918919.0132,610581.8145,555218.437,624575.9897,1159624125,619974.5323,1247678745,372753.6115,801393.4383,593936.1114,693410.2379,1261449757,918919.0132,610581.8145,555218.437,624575.9897,1159624125,619974.5323,1247678745,"4-methoxy-6-(prop-2-en-1-yl)-2H-1,3-benzodioxole-peak4",11,12,0,3,0,0,0,1.0909090909090908,0.2727272727272727,-0.5454545454545459,75.84545454545456,6,3,0.375,0.47368421052631576,3,Lignin
Feature0160,"bis-beta-D-fructofuranose 1,2':2,3'-dianhydride",C12 H20 O10,324.1057,1194768561,21189835.21,28284200.5,233204001.3,1166139855,1201971210,7082328.398,35149096.47,196789414.2,18076606.81,161961985.2,134888.5386,1194768561,21189835.21,28284200.5,233204001.3,1166139855,1201971210,7082328.398,35149096.47,196789414.2,18076606.81,161961985.2,"bis-beta-D-fructofuranose 1,2':2,3'-dianhydride-peak2",12,20,0,10,0,0,0,1.6666666666666667,0.8333333333333334,0,60.3,3,-7,-3.5,-0.2857142857142857,-7,Carbohydrate
Feature0159,Adenosine,C10 H13 N5 O4,267.09676,7961141.119,647420268.7,613175222.5,1152326006,153407001.2,186051840.4,525758452.4,60441321.41,821615467.7,829545130.1,755940589.5,226883.2077,7961141.119,647420268.7,613175222.5,1152326006,153407001.2,186051840.4,525758452.4,60441321.41,821615467.7,829545130.1,755940589.5,Adenosine-peak1,10,13,5,4,0,0,0,1.3,0.4,1,31.799999999999997,7,3,-2,0,-2,Lignin
Feature0158,L-Phenylalanine,C9 H11 N O2,165.07901,1026682426,17409160.39,17456322.75,11139449.51,26366795.5,36213510.01,14247310.04,40916233.77,201643473.8,1142999795,92529350.45,122254.9798,1026682426,17409160.39,17456322.75,11139449.51,26366795.5,36213510.01,14247310.04,40916233.77,201643473.8,1142999795,92529350.45,L-Phenylalanine-peak1,9,11,1,2,0,0,0,1.2222222222222223,0.2222222222222222,-0.44444444444444464,72.96666666666667,5,3,0.3333333333333333,0.42857142857142855,2,Lignin
Feature0157,L-Glutamic acid,C5 H9 N O4,147.05318,566717837.7,431682611.9,319637014.3,1141392480,621356311.5,801787853.9,499661785.5,909900302,459571099.8,935112897.3,452181562.1,288352.2684,566717837.7,431682611.9,319637014.3,1141392480,621356311.5,801787853.9,499661785.5,909900302,459571099.8,935112897.3,452181562.1,L-Glutamic acid,5,9,1,4,0,0,0,1.8,0.8,0.3999999999999999,48.9,2,-2,-Inf,-0.5,-3,Carbohydrate
Feature0156,L-Iditol,C6 H14 O6,182.07906,32725855.72,961964058.2,666561028.9,29896025.32,33395689.7,34603911.74,1029209088,1113135697,26513627.87,1025941581,29557190.36,163712.4014,32725855.72,961964058.2,666561028.9,29896025.32,33395689.7,34603911.74,1029209088,1113135697,26513627.87,1025941581,29557190.36,L-Iditol,6,14,0,6,0,0,0,2.3333333333333335,1,-0.33333333333333304,69.79999999999998,0,-6,-Inf,-1,-6,Carbohydrate
Feature0155,DL-Carbidopa,C10 H14 N2 O4,226.09535,292953637.2,1103562608,1049543444,1049746355,273337567.2,342781123.4,845775223.3,1036922106,918893740.2,969406341.2,66918176.08,164948.3633,292953637.2,1103562608,1049543444,1049746355,273337567.2,342781123.4,845775223.3,1036922106,918893740.2,969406341.2,66918176.08,DL-Carbidopa-peak1,10,14,2,4,0,0,0,1.4,0.4,0,60.3,5,1,-0.25,0.16666666666666666,-1,Lignin
Feature0154,Isoleucine,C6 H13 N O2,131.0946,598472223,474245844.2,405734711,299405508.1,602726902.4,690581257.1,425204660.4,1083152870,3407404.451,9023292.215,1538905.937,238120.8703,598472223,474245844.2,405734711,299405508.1,602726902.4,690581257.1,425204660.4,1083152870,3407404.451,9023292.215,1538905.937,Isoleucine-peak6,6,13,1,2,0,0,0,2.1666666666666665,0.3333333333333333,-1,88.8,1,-1,-0.6666666666666666,-0.25,-2,Protein
Feature0153,DL-Carnitine,C7 H15 N O3,161.10522,9637438.535,1060131791,756974997.9,407891999.1,12893917.96,10665770.03,846557165.4,975636374.6,382768014.7,1057461702,383521723.6,155044.3168,9637438.535,1060131791,756974997.9,407891999.1,12893917.96,10665770.03,846557165.4,975636374.6,382768014.7,1057461702,383521723.6,DL-Carnitine,7,15,1,3,0,0,0,2.142857142857143,0.42857142857142855,-0.8571428571428568,84.72857142857141,1,-2,-1,-0.3333333333333333,-3,Protein
Feature0152,methoxyresorcinol,C7 H8 O3,140.04733,443566.3653,7149367.179,946833.7579,5470175.518,487064.383,1039333.518,6943650.926,4226971.12,992563721,9058681.838,902814352.8,1174860.685,443566.3653,7149367.179,946833.7579,5470175.518,487064.383,1039333.518,6943650.926,4226971.12,992563721,9058681.838,902814352.8,methoxyresorcinol-peak1,7,8,0,3,0,0,0,1.1428571428571428,0.42857142857142855,-0.2857142857142856,68.44285714285714,4,1,0.25,0.45454545454545453,1,Lignin
Feature0151,[Similar to: Butyryl trihexyl citrate; ΔMass: -305.2970 Da],C6 H11 N O7,209.05352,49274097.73,314124152.6,132865269.8,972581721.9,730045800.2,849257203.1,215515881.7,232727398.6,15268417.02,6469997.607,12226703.68,54741.69576,49274097.73,314124152.6,132865269.8,972581721.9,730045800.2,849257203.1,215515881.7,232727398.6,15268417.02,6469997.607,12226703.68,[Similar to: Butyryl trihexyl citrate; ΔMass: -305.2970 Da],6,11,1,7,0,0,0,1.8333333333333333,1.1666666666666667,1,31.799999999999997,2,-5,3,-1.6666666666666667,-6,Carbohydrate
Feature0150,Proline,C5 H9 N O2,115.06328,740088477.4,163866357.2,216613461.5,231194434.7,789911298.8,880947057.5,115747221.8,332545681,161004273.7,210962261.1,143259130.8,694260.1783,740088477.4,163866357.2,216613461.5,231194434.7,789911298.8,880947057.5,115747221.8,332545681,161004273.7,210962261.1,143259130.8,Proline,5,9,1,2,0,0,0,1.8,0.4,-0.40000000000000036,71.7,2,0,-0.5,0,-1,Protein
Feature0149,[Similar to: Butyryl trihexyl citrate; ΔMass: -305.2971 Da],C6 H11 N O7,209.05352,749589617,11854339.32,2811829.681,12166944.09,15543524.02,4447270.998,10758494.19,232727398.6,866289828,304101284,783591342,55290.92011,749589617,11854339.32,2811829.681,12166944.09,15543524.02,4447270.998,10758494.19,232727398.6,866289828,304101284,783591342,[Similar to: Butyryl trihexyl citrate; ΔMass: -305.2971 Da],6,11,1,7,0,0,0,1.8333333333333333,1.1666666666666667,1,31.799999999999997,2,-5,3,-1.6666666666666667,-6,Carbohydrate
Feature0148,Isoleucine,C6 H13 N O2,131.09459,7600391.705,5940583.052,5830159.615,18466774.96,10360246.38,2341905.89,4341702.137,36302479.41,179022694.6,703674377.3,74745432.45,268791.4194,7600391.705,5940583.052,5830159.615,18466774.96,10360246.38,2341905.89,4341702.137,36302479.41,179022694.6,703674377.3,74745432.45,Isoleucine-peak5,6,13,1,2,0,0,0,2.1666666666666665,0.3333333333333333,-1,88.8,1,-1,-0.6666666666666666,-0.25,-2,Protein
Feature0147,[Similar to: AB-CHMINACA metabolite M7; ΔMass: 39.9895 Da],C16 H29 N O12,427.16895,610798677.3,3327969.6,1506661.206,207164729.6,594673898.4,692208180.5,1177663.394,1205314.139,86905356.03,553699.742,18786421.05,48777.22764,610798677.3,3327969.6,1506661.206,207164729.6,594673898.4,692208180.5,1177663.394,1205314.139,86905356.03,553699.742,18786421.05,[Similar to: AB-CHMINACA metabolite M7; ΔMass: 39.9895 Da],16,29,1,12,0,0,0,1.8125,0.75,-0.125,63.8625,3,-9,-3.3333333333333335,-0.4444444444444444,-10,Carbohydrate
Feature0146,Isoleucine,C6 H13 N O2,131.0946,4546665.498,474245844.2,405734711,299405508.1,602726902.4,690581257.1,425204660.4,55822609.66,3455552.991,9184624.663,2486249.184,238769.0126,4546665.498,474245844.2,405734711,299405508.1,602726902.4,690581257.1,425204660.4,55822609.66,3455552.991,9184624.663,2486249.184,Isoleucine-peak4,6,13,1,2,0,0,0,2.1666666666666665,0.3333333333333333,-1,88.8,1,-1,-0.6666666666666666,-0.25,-2,Protein
Feature0145,9-O-acetylneuraminic acid,C11 H19 N O9,309.10604,666205960.7,19140262.85,16826752.25,107095154.1,652214042.3,673397169.7,12908791.92,74731583.16,94936641.07,6111356.069,76188487.63,110202.1724,666205960.7,19140262.85,16826752.25,107095154.1,652214042.3,673397169.7,12908791.92,74731583.16,94936641.07,6111356.069,76188487.63,9-O-acetylneuraminic acid,11,19,1,9,0,0,0,1.7272727272727273,0.8181818181818182,0.18181818181818166,55.11818181818182,3,-6,-7,-0.45454545454545453,-7,Carbohydrate
Feature0144,methyl N-acetylneuraminate,C12 H21 N O9,323.12166,24731475.28,2556722.699,3032337.27,17675422.11,513299765.1,656655264.7,1816746.104,3254953.797,6940221.478,2792272.641,3804967.468,324280.0591,24731475.28,2556722.699,3032337.27,17675422.11,513299765.1,656655264.7,1816746.104,3254953.797,6940221.478,2792272.641,3804967.468,methyl N-acetylneuraminate-peak3,12,21,1,9,0,0,0,1.75,0.75,0,60.3,3,-6,-3.5,-0.38461538461538464,-7,Carbohydrate
Feature0143,"4-(4-hydroxy-2-methoxy-3,5,6-trimethylbenzoyloxy)-2-methoxy-3,5,6-trimethylbenzoic acid",C22 H26 O7,402.1679,256300.8884,262116.3609,580133.8115,633309591.3,1186209.35,262879.3887,290674.2275,292591.6259,562782673.9,255802.4188,620469719.7,480005.627,256300.8884,262116.3609,580133.8115,633309591.3,1186209.35,262879.3887,290674.2275,292591.6259,562782673.9,255802.4188,620469719.7,"4-(4-hydroxy-2-methoxy-3,5,6-trimethylbenzoyloxy)-2-methoxy-3,5,6-trimethylbenzoic acid-peak4",22,26,0,7,0,0,0,1.1818181818181819,0.3181818181818182,-0.5454545454545459,75.84545454545456,10,3,0.2,0.35135135135135137,3,Lignin
Feature0142,"3',4'-Dimethoxyacetophenone",C10 H12 O3,180.07864,113926.1039,389306311.7,179447171,263123.0167,111289.2072,117131.0571,486749658.7,54040767.84,92938.88614,625563644.6,89458.14014,261838.6732,113926.1039,389306311.7,179447171,263123.0167,111289.2072,117131.0571,486749658.7,54040767.84,92938.88614,625563644.6,89458.14014,"3',4'-Dimethoxyacetophenone",10,12,0,3,0,0,0,1.2,0.3,-0.5999999999999996,77.39999999999999,5,2,0.2857142857142857,0.4117647058823529,2,Lignin
Feature0141,"Methyl (5-acetamido-2,2-dimethyl-4,6-dioxo-1,3-dioxan-5-yl)acetate",C11 H15 N O7,273.08487,222728320,29633534.88,32027568.76,23471317.5,22293645.1,1172448.313,19717069.51,34901588.98,545589546.9,619038530.8,487483308.6,400058.7494,222728320,29633534.88,32027568.76,23471317.5,22293645.1,1172448.313,19717069.51,34901588.98,545589546.9,619038530.8,487483308.6,"Methyl (5-acetamido-2,2-dimethyl-4,6-dioxo-1,3-dioxan-5-yl)acetate-peak3",11,15,1,7,0,0,0,1.3636363636363635,0.6363636363636364,0.18181818181818166,55.11818181818182,5,-2,-1,0.07692307692307693,-3,Lignin
Feature0140,"Methyl (5-acetamido-2,2-dimethyl-4,6-dioxo-1,3-dioxan-5-yl)acetate",C11 H15 N O7,273.08489,14890325.63,513657587.3,588948954.2,572112901.2,216596498.1,262780104.8,488385015.8,591610130.9,28389972.49,39301736.46,12502089.36,418450.4043,14890325.63,513657587.3,588948954.2,572112901.2,216596498.1,262780104.8,488385015.8,591610130.9,28389972.49,39301736.46,12502089.36,"Methyl (5-acetamido-2,2-dimethyl-4,6-dioxo-1,3-dioxan-5-yl)acetate-peak2",11,15,1,7,0,0,0,1.3636363636363635,0.6363636363636364,0.18181818181818166,55.11818181818182,5,-2,-1,0.07692307692307693,-3,Lignin
Feature0139,"Methyl (5-acetamido-2,2-dimethyl-4,6-dioxo-1,3-dioxan-5-yl)acetate",C11 H15 N O7,273.08486,13710040.44,513657587.3,588948954.2,572112901.2,216173261,258274522,488385015.8,33214731.24,25869637.49,35740653.52,12080517.7,347185.7544,13710040.44,513657587.3,588948954.2,572112901.2,216173261,258274522,488385015.8,33214731.24,25869637.49,35740653.52,12080517.7,"Methyl (5-acetamido-2,2-dimethyl-4,6-dioxo-1,3-dioxan-5-yl)acetate-peak1",11,15,1,7,0,0,0,1.3636363636363635,0.6363636363636364,0.18181818181818166,55.11818181818182,5,-2,-1,0.07692307692307693,-3,Lignin
Feature0138,L-Pyroglutamic acid,C5 H7 N O3,129.04256,17627856.28,8643122.035,11041245.91,570516382.3,417944873.4,506071437.2,7562294.449,15058261.68,2668205.335,421227.5335,912739.2921,123300.8252,17627856.28,8643122.035,11041245.91,570516382.3,417944873.4,506071437.2,7562294.449,15058261.68,2668205.335,421227.5335,912739.2921,L-Pyroglutamic acid-peak3,5,7,1,3,0,0,0,1.4,0.6,0.3999999999999999,48.9,3,0,-1,0.2,-1,Lignin
Feature0137,Isoleucine,C6 H13 N O2,131.0946,262487841.5,224127603.6,134631419.2,96861444.75,256959057.3,325628227.3,209857723.4,555798124.3,1059227.258,17837733.41,385915.1446,52955.58614,262487841.5,224127603.6,134631419.2,96861444.75,256959057.3,325628227.3,209857723.4,555798124.3,1059227.258,17837733.41,385915.1446,Isoleucine-peak3,6,13,1,2,0,0,0,2.1666666666666665,0.3333333333333333,-1,88.8,1,-1,-0.6666666666666666,-0.25,-2,Protein
Feature0136,DL-Stachydrine,C7 H13 N O2,143.09464,2953497.736,65203253.84,132332103.5,4632637.237,3510198.058,4009808.443,105374261.1,549446801.7,3969688.1,103333771.8,4131250.19,65861.81652,2953497.736,65203253.84,132332103.5,4632637.237,3510198.058,4009808.443,105374261.1,549446801.7,3969688.1,103333771.8,4131250.19,DL-Stachydrine,7,13,1,2,0,0,0,1.8571428571428572,0.2857142857142857,-0.8571428571428568,84.72857142857141,2,0,-0.25,0,-1,Lipid
Feature0135,L-Tyrosine,C9 H11 N O3,181.07392,4686035.809,270127508.6,189117348.4,7376551.601,348656323.8,445441513.2,214830217.5,547800984.8,2099826.276,1498551.186,778008.9444,64421.49027,4686035.809,270127508.6,189117348.4,7376551.601,348656323.8,445441513.2,214830217.5,547800984.8,2099826.276,1498551.186,778008.9444,L-Tyrosine-peak4,9,11,1,3,0,0,0,1.2222222222222223,0.3333333333333333,-0.22222222222222232,66.63333333333333,5,2,0.2,0.38461538461538464,1,Lignin
Feature0134,methyl N-acetylneuraminate,C12 H21 N O9,323.12166,539870182.4,2052936.064,1329564.612,178746879.1,34395714.15,32405052.95,1280639.014,1608761.985,68148121.98,1448806.63,13893241.94,260382.6485,539870182.4,2052936.064,1329564.612,178746879.1,34395714.15,32405052.95,1280639.014,1608761.985,68148121.98,1448806.63,13893241.94,methyl N-acetylneuraminate-peak2,12,21,1,9,0,0,0,1.75,0.75,0,60.3,3,-6,-3.5,-0.38461538461538464,-7,Carbohydrate
Feature0133,N-Methyl-Nâ€²-piperazinoacetohydrazide,C7 H16 N4 O,172.13244,5107038.521,84566.9988,88463.79228,332720.1237,337373.6463,90807.28879,79123.59428,99532.74814,504586564.4,141887.4136,478639900.5,59917.69005,5107038.521,84566.9988,88463.79228,332720.1237,337373.6463,90807.28879,79123.59428,99532.74814,504586564.4,141887.4136,478639900.5,N-Methyl-Nâ€²-piperazinoacetohydrazide-peak2,7,16,4,1,0,0,0,2.2857142857142856,0.14285714285714285,-0.2857142857142856,68.44285714285714,2,1,-1.5,-1,-3,Lipid
Feature0132,L-Saccharopine,C11 H20 N2 O6,276.13216,4383513.321,494493253.2,345580759.7,30916747.54,6083871.571,5628225.592,186557719.2,85987851.28,16339689.96,498999067,33622318.64,29786.64852,4383513.321,494493253.2,345580759.7,30916747.54,6083871.571,5628225.592,186557719.2,85987851.28,16339689.96,498999067,33622318.64,L-Saccharopine,11,20,2,6,0,0,0,1.8181818181818181,0.5454545454545454,-0.18181818181818166,65.48181818181817,3,-3,-1.6666666666666667,-0.3333333333333333,-5,Protein
Feature0131,L-Pyroglutamic acid,C5 H7 N O3,129.04256,429289316.4,477854.7963,472737.8871,15775238.17,16117154.66,12707085.68,1011113.273,15135196.38,482100692.2,9525773.122,424603236.7,98797.05007,429289316.4,477854.7963,472737.8871,15775238.17,16117154.66,12707085.68,1011113.273,15135196.38,482100692.2,9525773.122,424603236.7,L-Pyroglutamic acid-peak2,5,7,1,3,0,0,0,1.4,0.6,0.3999999999999999,48.9,3,0,-1,0.2,-1,Lignin
Feature0130,"1-{[(3S,4S,5R)-2,3,4-Trihydroxy-5-(hydroxymethyl)tetrahydro-2-furanyl]methyl}-2-pyrrolidinecarboxylic acid (non-preferred name)",C11 H19 N O7,277.11616,379637191.9,229375470.7,61303559.44,474679144.6,343323281.8,407363289.6,59771436.63,38402785.31,411665059.4,194426787,276990336.6,111352.9936,379637191.9,229375470.7,61303559.44,474679144.6,343323281.8,407363289.6,59771436.63,38402785.31,411665059.4,194426787,276990336.6,"1-{[(3S,4S,5R)-2,3,4-Trihydroxy-5-(hydroxymethyl)tetrahydro-2-furanyl]methyl}-2-pyrrolidinecarboxylic acid (non-preferred name)",11,19,1,7,0,0,0,1.7272727272727273,0.6363636363636364,-0.18181818181818166,65.48181818181817,3,-4,-1.6666666666666667,-0.23076923076923078,-5,Amino Sugar
Feature0129,Valine,C5 H11 N O2,117.07893,342528852,250672733.5,145530791.4,138910573,334655086.3,382825729.4,192643993.6,463680664.6,63863453.34,342355863.7,29566812.7,375918.1143,342528852,250672733.5,145530791.4,138910573,334655086.3,382825729.4,192643993.6,463680664.6,63863453.34,342355863.7,29566812.7,Valine,5,11,1,2,0,0,0,2.2,0.4,-0.7999999999999998,83.1,1,-1,-1,-0.3333333333333333,-2,Protein
Feature0128,L-Tyrosine,C9 H11 N O3,181.07392,3393826.723,270127508.6,189117348.4,169164808.8,348656323.8,445441513.2,214830217.5,16665946.88,2002865.977,1060134.72,706004.5169,58908.07059,3393826.723,270127508.6,189117348.4,169164808.8,348656323.8,445441513.2,214830217.5,16665946.88,2002865.977,1060134.72,706004.5169,L-Tyrosine-peak3,9,11,1,3,0,0,0,1.2222222222222223,0.3333333333333333,-0.22222222222222232,66.63333333333333,5,2,0.2,0.38461538461538464,1,Lignin
Feature0127,N-Methyl-Nâ€²-piperazinoacetohydrazide,C7 H16 N4 O,172.13243,127396.3128,100662.9339,1046830.038,434715633.7,5048699.512,5860518.819,101269.5863,263142.7933,5503340.413,121747.7297,5452261.3,65420.26728,127396.3128,100662.9339,1046830.038,434715633.7,5048699.512,5860518.819,101269.5863,263142.7933,5503340.413,121747.7297,5452261.3,N-Methyl-Nâ€²-piperazinoacetohydrazide-peak1,7,16,4,1,0,0,0,2.2857142857142856,0.14285714285714285,-0.2857142857142856,68.44285714285714,2,1,-1.5,-1,-3,Lipid
Feature0126,Tetrolic Acid,C4 H4 O2,84.02114,403014788.5,5326748.551,10368700.28,53478070.83,278883550.8,427389489.4,1920718.184,8075780.08,38866487.16,3232904.952,43163181.19,210608.0058,403014788.5,5326748.551,10368700.28,53478070.83,278883550.8,427389489.4,1920718.184,8075780.08,38866487.16,3232904.952,43163181.19,Tetrolic Acid-peak3,4,4,0,2,0,0,0,1,0.5,0,60.3,3,1,0.5,0.6666666666666666,1,Lignin
Feature0125,"4-methoxy-6-(prop-2-en-1-yl)-2H-1,3-benzodioxole",C11 H12 O3,192.07866,607564.3405,356212.2805,560964.8759,414909789.1,955029.4691,1028836.813,613179.8165,243820.7053,169041904.8,852920.9276,158288026.1,818263.9764,607564.3405,356212.2805,560964.8759,414909789.1,955029.4691,1028836.813,613179.8165,243820.7053,169041904.8,852920.9276,158288026.1,"4-methoxy-6-(prop-2-en-1-yl)-2H-1,3-benzodioxole-peak3",11,12,0,3,0,0,0,1.0909090909090908,0.2727272727272727,-0.5454545454545459,75.84545454545456,6,3,0.375,0.47368421052631576,3,Lignin
Feature0124,L-Tyrosine,C9 H11 N O3,181.0739,3392411.279,2210141.589,220876.3186,419308.6713,328822.2631,244591.6369,935100.8139,1346581.537,84394827.64,396991002.6,64664924.04,97084.17986,3392411.279,2210141.589,220876.3186,419308.6713,328822.2631,244591.6369,935100.8139,1346581.537,84394827.64,396991002.6,64664924.04,L-Tyrosine-peak2,9,11,1,3,0,0,0,1.2222222222222223,0.3333333333333333,-0.22222222222222232,66.63333333333333,5,2,0.2,0.38461538461538464,1,Lignin
Feature0123,[Similar to: D-(+)-Glucose; ΔMass: 73.0528 Da],C9 H19 N O7,253.1162,304254795.5,111147329.6,205187050.7,373238496.3,284039762.4,331571967.5,741801.3449,18925366.28,312434966.1,95857137.15,279326087.7,77885.72952,304254795.5,111147329.6,205187050.7,373238496.3,284039762.4,331571967.5,741801.3449,18925366.28,312434966.1,95857137.15,279326087.7,[Similar to: D-(+)-Glucose; ΔMass: 73.0528 Da],9,19,1,7,0,0,0,2.111111111111111,0.7777777777777778,-0.22222222222222232,66.63333333333333,1,-6,-7,-0.7777777777777778,-7,Carbohydrate
Feature0122,L-Tyrosine,C9 H11 N O3,181.0739,373109698.7,7182370.657,2556935.041,7122795.359,4528615.244,28851858.38,581397.373,16950425.3,3638644.715,1439543.242,751957.5898,64421.49027,373109698.7,7182370.657,2556935.041,7122795.359,4528615.244,28851858.38,581397.373,16950425.3,3638644.715,1439543.242,751957.5898,L-Tyrosine-peak1,9,11,1,3,0,0,0,1.2222222222222223,0.3333333333333333,-0.22222222222222232,66.63333333333333,5,2,0.2,0.38461538461538464,1,Lignin
Feature0121,"1,2-di-O-methyl-4-[(2R)-2,4-dihydrobutyramido]-4,6-dideoxy-alpha-D-mannopyranoside",C12 H23 N O7,293.14749,320952612.6,60553846.27,1230401.012,52325856.67,288075117,363905423.4,12097629.49,77557397.01,2674903.778,1839426.561,12187347.78,133032.869,320952612.6,60553846.27,1230401.012,52325856.67,288075117,363905423.4,12097629.49,77557397.01,2674903.778,1839426.561,12187347.78,"1,2-di-O-methyl-4-[(2R)-2,4-dihydrobutyramido]-4,6-dideoxy-alpha-D-mannopyranoside",12,23,1,7,0,0,0,1.9166666666666667,0.5833333333333334,-0.5,74.55,2,-5,-1.5,-0.3333333333333333,-6,Amino Sugar
Feature0120,muramic acid,C9 H17 N O7,251.10052,301796944.1,36492128.48,11083014.8,52269906.02,310005161.4,362707712.6,14306472.85,20536858.8,19749673.59,44039382.33,8473232.374,97079.37707,301796944.1,36492128.48,11083014.8,52269906.02,310005161.4,362707712.6,14306472.85,20536858.8,19749673.59,44039382.33,8473232.374,muramic acid,9,17,1,7,0,0,0,1.8888888888888888,0.7777777777777778,0,60.3,2,-5,-6,-0.5555555555555556,-6,Carbohydrate
Feature0119,Isoleucine,C6 H13 N O2,131.09459,9803000.939,752049.8923,116338.5442,662905.1376,2008247.307,1959503.594,769127.8648,3638124.385,54093117.19,348535203.8,19826332.07,193603.7946,9803000.939,752049.8923,116338.5442,662905.1376,2008247.307,1959503.594,769127.8648,3638124.385,54093117.19,348535203.8,19826332.07,Isoleucine-peak2,6,13,1,2,0,0,0,2.1666666666666665,0.3333333333333333,-1,88.8,1,-1,-0.6666666666666666,-0.25,-2,Protein
Feature0118,8-hydroxy-deoxyguanosine,C10 H13 N5 O5,283.0917,202943454.2,193706484.6,212487728.8,151778788.3,211658505.1,243495209.6,152893271.2,344067311.5,113768181.9,226518892,90705267.19,143692.222,202943454.2,193706484.6,212487728.8,151778788.3,211658505.1,243495209.6,152893271.2,344067311.5,113768181.9,226518892,90705267.19,8-hydroxy-deoxyguanosine-peak2,10,13,5,5,0,0,0,1.3,0.5,1.2000000000000002,26.099999999999994,7,2,-Inf,-0.2,-3,Lignin
Feature0117,NP-019445,C10 H10 O4,194.05792,471493.5472,10784027.44,28887922.65,533166.5114,123064.2446,516403.9741,342683453.2,128802825.4,283200.8828,33268595.87,170654.7895,193446.4559,471493.5472,10784027.44,28887922.65,533166.5114,123064.2446,516403.9741,342683453.2,128802825.4,283200.8828,33268595.87,170654.7895,NP-019445,10,10,0,4,0,0,0,1,0.4,-0.20000000000000018,66,6,2,0.3333333333333333,0.5,2,Lignin
Feature0116,L-Glutamine,C5 H10 N2 O3,146.06916,3274948.923,164890437,161963782.5,95478673.21,4289940.731,929040.9599,75055290.21,337003299.6,56984395.26,169812577.5,66824240.75,49943.46765,3274948.923,164890437,161963782.5,95478673.21,4289940.731,929040.9599,75055290.21,337003299.6,56984395.26,169812577.5,66824240.75,L-Glutamine,5,10,2,3,0,0,0,2,0.6,0.3999999999999999,48.9,2,-1,-Inf,-1,-3,Amino Sugar
Feature0115,Isoleucine,C6 H13 N O2,131.09461,10115423.67,224127603.6,134631419.2,96861444.75,256959057.3,325628227.3,209857723.4,142417.4048,1068998.374,1694060.504,389475.1187,52335.70885,10115423.67,224127603.6,134631419.2,96861444.75,256959057.3,325628227.3,209857723.4,142417.4048,1068998.374,1694060.504,389475.1187,Isoleucine-peak1,6,13,1,2,0,0,0,2.1666666666666665,0.3333333333333333,-1,88.8,1,-1,-0.6666666666666666,-0.25,-2,Protein
Feature0114,[Similar to: NP-015005; ΔMass: -441.3129 Da],C29 H43 N5 O10 P2,683.24856,279559182.5,1665156.19,1133602.263,68304357.36,233035879.3,316321011.9,1772316.215,1326711.439,59775501.42,4651261.304,47620795.59,106288.6858,279559182.5,1665156.19,1133602.263,68304357.36,233035879.3,316321011.9,1772316.215,1326711.439,59775501.42,4651261.304,47620795.59,[Similar to: NP-015005; ΔMass: -441.3129 Da],29,43,5,10,0,2,0,1.4827586206896552,0.3448275862068966,-0.6206896551724137,77.98965517241379,12,2,-0.4166666666666667,0,-5,Lignin
Feature0113,N~2~-Acetyl-L-ornithine,C7 H14 N2 O3,174.10048,233968332.3,6285458.659,2223056.508,2870520.684,258711047.2,311743336.1,1227878.739,882674.6892,1972362.191,5801325.373,2227039.878,26267.42119,233968332.3,6285458.659,2223056.508,2870520.684,258711047.2,311743336.1,1227878.739,882674.6892,1972362.191,5801325.373,2227039.878,N~2~-Acetyl-L-ornithine,7,14,2,3,0,0,0,2,0.42857142857142855,-0.2857142857142856,68.44285714285714,2,-1,-1.5,-0.42857142857142855,-3,Protein
Feature0112,"(4S,5S,8S,10R)-4,5,8-trihydroxy-10-methyl-3,4,5,8,9,10-hexahydro-2H-oxecin-2-one",C10 H16 O5,216.09973,281071496.8,290793456.9,301486686.8,311346264.8,282154222.3,285421192.7,305785229.2,294058990.8,79202582.7,75018409.63,76430961.84,57424107.87,281071496.8,290793456.9,301486686.8,311346264.8,282154222.3,285421192.7,305785229.2,294058990.8,79202582.7,75018409.63,76430961.84,"(4S,5S,8S,10R)-4,5,8-trihydroxy-10-methyl-3,4,5,8,9,10-hexahydro-2H-oxecin-2-one",10,16,0,5,0,0,0,1.6,0.5,-0.5999999999999996,77.39999999999999,3,-2,-0.4,0.06666666666666667,-2,Protein
Feature0111,Cyclo(leucylprolyl),C11 H18 N2 O2,210.13681,208248642,248248156,252135006.7,210491743.5,198695009.1,232810672.1,220788554.6,242356372,222467237.5,298523958.3,181346064.1,2204426.16,208248642,248248156,252135006.7,210491743.5,198695009.1,232810672.1,220788554.6,242356372,222467237.5,298523958.3,181346064.1,Cyclo(leucylprolyl),11,18,2,2,0,0,0,1.6363636363636365,0.18181818181818182,-0.7272727272727275,81.02727272727273,4,2,0,0.125,0,Lipid
Feature0110,Adenine,C5 H5 N5,135.05449,271069273.1,7538443.903,3171489.706,1108039.264,261585760.5,286452195.9,9426355.145,15781235.69,872804.5259,7982734.082,773124.5518,136461.5236,271069273.1,7538443.903,3171489.706,1108039.264,261585760.5,286452195.9,9426355.145,15781235.69,872804.5259,7982734.082,773124.5518,Adenine,5,5,5,0,0,0,0,1,0,2,3.299999999999997,6,6,Inf,Inf,1,Unsaturated HC
Feature0109,[Similar to: Muramic acid; ΔMass: 162.0529 Da],C15 H27 N O12,413.15343,189464935,30357526.01,13917529.68,36185016.45,232972840.6,270469885.1,19498633.86,17448365.19,15517201.18,40429067.53,10095056.2,87499.66774,189464935,30357526.01,13917529.68,36185016.45,232972840.6,270469885.1,19498633.86,17448365.19,15517201.18,40429067.53,10095056.2,[Similar to: Muramic acid; ΔMass: 162.0529 Da],15,27,1,12,0,0,0,1.8,0.8,0,60.3,3,-9,-5,-0.5,-10,Carbohydrate
Feature0108,Linamarin,C10 H17 N O6,247.10556,100994167.6,13514004.06,11311158.74,270100837.6,97457007.42,108811369.4,9586004.387,6952471.28,192183001,11074188.7,176056495.6,81380.40432,100994167.6,13514004.06,11311158.74,270100837.6,97457007.42,108811369.4,9586004.387,6952471.28,192183001,11074188.7,176056495.6,Linamarin,10,17,1,6,0,0,0,1.7,0.6,-0.20000000000000018,66,3,-3,-1.3333333333333333,-0.16666666666666666,-4,Amino Sugar
Feature0107,"3,4-Methylenedioxy-N-propylamphetamine",C13 H19 N O2,221.14158,1716439.868,1938729.378,2484424.591,7164835.089,3006915.615,11155569.3,5520480.409,3940401.547,269305248.1,250064577.6,253360862.6,5082639.04,1716439.868,1938729.378,2484424.591,7164835.089,3006915.615,11155569.3,5520480.409,3940401.547,269305248.1,250064577.6,253360862.6,"3,4-Methylenedioxy-N-propylamphetamine-peak2",13,19,1,2,0,0,0,1.4615384615384615,0.15384615384615385,-0.9230769230769234,86.6076923076923,5,3,0.2,0.2727272727272727,2,Lignin
Feature0106,"1-Methyl-5-(1-piperidinyl)-2,4-imidazolidinedione",C9 H15 N3 O2,197.11649,10196544.3,138856573.2,261934517.5,15978507.32,12002237.14,10583325.55,10433479.23,144225679.7,12414971.73,127631154.9,10677657.39,57391.46397,10196544.3,138856573.2,261934517.5,15978507.32,12002237.14,10583325.55,10433479.23,144225679.7,12414971.73,127631154.9,10677657.39,"1-Methyl-5-(1-piperidinyl)-2,4-imidazolidinedione",9,15,3,2,0,0,0,1.6666666666666667,0.2222222222222222,-0.22222222222222232,66.63333333333333,4,2,-0.25,0,-1,Lipid
Feature0105,"bis-beta-D-fructofuranose 1,2':2,3'-dianhydride",C12 H20 O10,324.10571,256843719.9,9890441.542,10768697.69,83055546.89,228331384.2,235526684.9,6210229.663,12941195.23,74118355.71,10091832.98,72070005.5,75712.93335,256843719.9,9890441.542,10768697.69,83055546.89,228331384.2,235526684.9,6210229.663,12941195.23,74118355.71,10091832.98,72070005.5,"bis-beta-D-fructofuranose 1,2':2,3'-dianhydride-peak1",12,20,0,10,0,0,0,1.6666666666666667,0.8333333333333334,0,60.3,3,-7,-3.5,-0.2857142857142857,-7,Carbohydrate
Feature0104,"4-methoxy-6-(prop-2-en-1-yl)-2H-1,3-benzodioxole",C11 H12 O3,192.07866,177213.1932,588990.5784,566241.6862,234760098.8,670183.315,301008.5927,761815.1756,179631.0311,234092696.8,513121.553,255870744.8,661643.4254,177213.1932,588990.5784,566241.6862,234760098.8,670183.315,301008.5927,761815.1756,179631.0311,234092696.8,513121.553,255870744.8,"4-methoxy-6-(prop-2-en-1-yl)-2H-1,3-benzodioxole-peak2",11,12,0,3,0,0,0,1.0909090909090908,0.2727272727272727,-0.5454545454545459,75.84545454545456,6,3,0.375,0.47368421052631576,3,Lignin
Feature0103,DL-α-AMINOSUBERIC ACID,C8 H15 N O4,189.10013,503578.7774,2579018.993,1410491.595,251875394.1,687856.6743,970428.0596,811249.8754,1297409.299,187206150.1,1918179.678,118319503.2,559017.9013,503578.7774,2579018.993,1410491.595,251875394.1,687856.6743,970428.0596,811249.8754,1297409.299,187206150.1,1918179.678,118319503.2,DL-α-AMINOSUBERIC ACID,8,15,1,4,0,0,0,1.875,0.5,-0.5,74.55,2,-2,-1,-0.2,-3,Protein
Feature0102,1-[(3-Carboxypropyl)amino]-1-deoxy-beta-D-fructofuranose,C10 H19 N O7,265.11614,148198486.6,8691371.065,5979888.834,159721711.1,99799389.94,143461123.1,10207221.11,6504109.583,251003372.1,10883050.4,221214911.5,65173.70025,148198486.6,8691371.065,5979888.834,159721711.1,99799389.94,143461123.1,10207221.11,6504109.583,251003372.1,10883050.4,221214911.5,1-[(3-Carboxypropyl)amino]-1-deoxy-beta-D-fructofuranose-peak1,10,19,1,7,0,0,0,1.9,0.7,-0.20000000000000018,66,2,-5,-3,-0.45454545454545453,-6,Amino Sugar
Feature0101,2'-Deoxyadenosine,C10 H13 N5 O3,251.10185,142476.6626,192317048.7,144903511.1,135492082.7,72130206.11,90143788.49,159880832.3,210344750.5,83568175.03,247400759.2,63733379.95,255021.5463,142476.6626,192317048.7,144903511.1,135492082.7,72130206.11,90143788.49,159880832.3,210344750.5,83568175.03,247400759.2,63733379.95,2'-Deoxyadenosine-peak2,10,13,5,3,0,0,0,1.3,0.3,0.7999999999999998,37.5,7,4,-0.5,0.14285714285714285,-1,Lignin
Feature0100,Tetrolic Acid,C4 H4 O2,84.02114,163760794.4,15939371.68,17099827.76,134724750.8,166631497.5,246608510.8,17212461.35,1244723.48,121185912.7,938714.6653,100680648.4,88092.19424,163760794.4,15939371.68,17099827.76,134724750.8,166631497.5,246608510.8,17212461.35,1244723.48,121185912.7,938714.6653,100680648.4,Tetrolic Acid-peak2,4,4,0,2,0,0,0,1,0.5,0,60.3,3,1,0.5,0.6666666666666666,1,Lignin
Feature0099,"2,3-DIHYDRO-3,5-DIHYDROXY-6-METHYL-4H-PYRAN-4-ONE",C6 H8 O4,144.04225,242118330.8,3234667.667,3625298.411,159279973.3,217118161,239518460.1,4606048.071,4008306.654,141546007,5494426.686,118238312.9,843570.3603,242118330.8,3234667.667,3625298.411,159279973.3,217118161,239518460.1,4606048.071,4008306.654,141546007,5494426.686,118238312.9,"2,3-DIHYDRO-3,5-DIHYDROXY-6-METHYL-4H-PYRAN-4-ONE",6,8,0,4,0,0,0,1.3333333333333333,0.6666666666666666,0,60.3,3,-1,-0.5,0.25,-1,Tannin
Feature0098,"2-Hexyl-3,5-dipentylpyridine",C21 H37 N,303.29265,636593.3834,8079928.77,1209554.527,3343285.572,168255.3974,26194617.03,241414930.5,229706125.6,223281446.5,211576635.7,211489111.4,3047993.997,636593.3834,8079928.77,1209554.527,3343285.572,168255.3974,26194617.03,241414930.5,229706125.6,223281446.5,211576635.7,211489111.4,"2-Hexyl-3,5-dipentylpyridine-peak2",21,37,1,0,0,0,0,1.7619047619047619,0,-1.6190476190476186,106.44285714285712,4,4,0.15,0.15,3,Lipid
Feature0097,[Similar to: diethyl 2-({2-[2-(methoxycarbonyl)-3-thienyl]hydrazino}methylene)malonate; ΔMass: -124.1122 Da],C3 H7 Cl N2 O5 S,217.97633,182724838.9,148806941.1,164811317.1,165773071.6,188540167.5,240466939,104535277,189083024.9,140701218.7,151417142.6,103314573.3,320612.1839,182724838.9,148806941.1,164811317.1,165773071.6,188540167.5,240466939,104535277,189083024.9,140701218.7,151417142.6,103314573.3,[Similar to: diethyl 2-({2-[2-(methoxycarbonyl)-3-thienyl]hydrazino}methylene)malonate; ΔMass: -124.1122 Da],4,7,2,5,1,0,1,1.75,1.25,2.75,-18.075000000000003,2.5,-2.5,1.375,2,-5.5,Carbohydrate
Feature0096,(+)-Piperitol,C20 H20 O6,356.12607,246035.7965,251618.3539,271926.5883,228546938.7,423841.8008,252350.8217,279032.4511,280873.0558,210695743.2,245557.2911,236600897,460780.9497,246035.7965,251618.3539,271926.5883,228546938.7,423841.8008,252350.8217,279032.4511,280873.0558,210695743.2,245557.2911,236600897,(+)-Piperitol-peak2,20,20,0,6,0,0,0,1,0.3,-0.40000000000000036,71.7,11,5,0.35714285714285715,0.47058823529411764,5,Lignin
Feature0095,Methyl piperonyl ketone,C10 H10 O3,178.06303,524896.5759,613637.8521,666981.8267,198515820.7,560374.5297,576433.0612,588409.3331,574218.0281,174089564.4,924645.0453,234300687.2,1034803.801,524896.5759,613637.8521,666981.8267,198515820.7,560374.5297,576433.0612,588409.3331,574218.0281,174089564.4,924645.0453,234300687.2,Methyl piperonyl ketone,10,10,0,3,0,0,0,1,0.3,-0.40000000000000036,71.7,6,3,0.42857142857142855,0.5294117647058824,3,Lignin
Feature0094,"2-Hexyl-3,5-dipentylpyridine",C21 H37 N,303.29263,637165.3573,8087188.518,1210641.302,335459.58,154866.3027,2139749.696,1348716.7,6487456.385,223281446.5,211576635.7,211489111.4,554053.8385,637165.3573,8087188.518,1210641.302,335459.58,154866.3027,2139749.696,1348716.7,6487456.385,223281446.5,211576635.7,211489111.4,"2-Hexyl-3,5-dipentylpyridine-peak1",21,37,1,0,0,0,0,1.7619047619047619,0,-1.6190476190476186,106.44285714285712,4,4,0.15,0.15,3,Lipid
Feature0093,"4-(4-hydroxy-2-methoxy-3,5,6-trimethylbenzoyloxy)-2-methoxy-3,5,6-trimethylbenzoic acid",C22 H26 O7,402.1679,195601.4677,186560.5051,274952.4172,221280831.3,203498.821,195923.7725,197953.1811,204297.1045,209527461.9,182443.883,221437057.9,375190.8792,195601.4677,186560.5051,274952.4172,221280831.3,203498.821,195923.7725,197953.1811,204297.1045,209527461.9,182443.883,221437057.9,"4-(4-hydroxy-2-methoxy-3,5,6-trimethylbenzoyloxy)-2-methoxy-3,5,6-trimethylbenzoic acid-peak3",22,26,0,7,0,0,0,1.1818181818181819,0.3181818181818182,-0.5454545454545459,75.84545454545456,10,3,0.2,0.35135135135135137,3,Lignin
Feature0092,"pentane-1,2,3,4,5-pentol",C5 H12 O5,152.06848,4219813.532,143511663.4,219039714.8,3701450.36,2713993.077,3993786.807,147819371.1,220753750.1,3378341.003,200275088.3,3125076.713,115473.8098,4219813.532,143511663.4,219039714.8,3701450.36,2713993.077,3993786.807,147819371.1,220753750.1,3378341.003,200275088.3,3125076.713,"pentane-1,2,3,4,5-pentol",5,12,0,5,0,0,0,2.4,1,-0.40000000000000036,71.7,0,-5,-Inf,-1,-5,Carbohydrate
Feature0091,benzylidenemethylamine,C8 H9 N,119.07346,127814768.9,98204792.99,71344178.53,49024505.79,129979318.5,162604828.1,84725824.4,218477175.5,131756.9303,6991072.603,120703.736,56525.84196,127814768.9,98204792.99,71344178.53,49024505.79,129979318.5,162604828.1,84725824.4,218477175.5,131756.9303,6991072.603,120703.736,benzylidenemethylamine-peak2,8,9,1,0,0,0,0,1.125,0,-0.75,81.675,5,5,0.5714285714285714,0.5714285714285714,4,Unsaturated HC
Feature0090,2'-Deoxyadenosine,C10 H13 N5 O3,251.10182,92761423.95,1224261.162,2188624.219,2700611.339,1992058.771,752669.2118,1258292.001,210344750.5,1769957.634,3490995.252,1226706.097,101040.4297,92761423.95,1224261.162,2188624.219,2700611.339,1992058.771,752669.2118,1258292.001,210344750.5,1769957.634,3490995.252,1226706.097,2'-Deoxyadenosine-peak1,10,13,5,3,0,0,0,1.3,0.3,0.7999999999999998,37.5,7,4,-0.5,0.14285714285714285,-1,Lignin
Feature0089,Υ-Aminobutyric acid (GABA),C4 H9 N O2,103.06331,195927890.7,91194369.82,135068914.9,132764699,180200196.1,210069254.4,29235976.56,96709403.74,96801716.39,85624889.66,62415523.64,144686.5607,195927890.7,91194369.82,135068914.9,132764699,180200196.1,210069254.4,29235976.56,96709403.74,96801716.39,85624889.66,62415523.64,Υ-Aminobutyric acid (GABA),4,9,1,2,0,0,0,2.25,0.5,-0.5,74.55,1,-1,-2,-0.5,-2,Protein
Feature0088,AMIDINOPROLINE,C6 H11 N3 O2,157.08515,3268597.179,168206411.2,165700537.1,207382568.3,119910914.4,143125844.8,150583162.5,201259300.4,1708231.124,6275531.487,4586869.433,405019.8987,3268597.179,168206411.2,165700537.1,207382568.3,119910914.4,143125844.8,150583162.5,201259300.4,1708231.124,6275531.487,4586869.433,AMIDINOPROLINE-peak3,6,11,3,2,0,0,0,1.8333333333333333,0.3333333333333333,0.3333333333333335,50.8,3,1,-2,-0.5,-2,Protein
Feature0087,"3-Morpholino-4-tetrahydro-1H-pyrrol-1-ylcyclobut-3-ene-1,2-dione",C12 H16 N2 O3,236.11601,120125.7388,126132.3516,204233914.8,197265.2551,173881.4262,128628.8168,125318.844,79279624.93,115751.8644,115960.097,113760.2027,272215.2989,120125.7388,126132.3516,204233914.8,197265.2551,173881.4262,128628.8168,125318.844,79279624.93,115751.8644,115960.097,113760.2027,"3-Morpholino-4-tetrahydro-1H-pyrrol-1-ylcyclobut-3-ene-1,2-dione",12,16,2,3,0,0,0,1.3333333333333333,0.25,-0.33333333333333304,69.79999999999998,6,3,0.14285714285714285,0.29411764705882354,1,Lignin
Feature0086,8-hydroxy-deoxyguanosine,C10 H13 N5 O5,283.09172,11086837.17,129282710.1,145852985.8,113610042.6,172361915.9,203843053.3,94659852.16,8856113.516,80251416.69,5829097.695,264834.9642,114213.2985,11086837.17,129282710.1,145852985.8,113610042.6,172361915.9,203843053.3,94659852.16,8856113.516,80251416.69,5829097.695,264834.9642,8-hydroxy-deoxyguanosine-peak1,10,13,5,5,0,0,0,1.3,0.5,1.2000000000000002,26.099999999999994,7,2,-Inf,-0.2,-3,Lignin
Feature0085,Penicillic acid,C8 H10 O4,170.05795,569873.2685,7669348.869,128685226.6,745744.5671,632857.8907,506951.6386,3759523.743,201428792.3,429649.3422,17143428.37,588243.1933,705744.2678,569873.2685,7669348.869,128685226.6,745744.5671,632857.8907,506951.6386,3759523.743,201428792.3,429649.3422,17143428.37,588243.1933,Penicillic acid,8,10,0,4,0,0,0,1.25,0.5,-0.25,67.425,4,0,0,0.3333333333333333,0,Lignin
Feature0084,AMIDINOPROLINE,C6 H11 N3 O2,157.08515,132463442.4,7609735.453,585062.9141,10486912.2,923743.5337,455071.0839,7407394.126,201259300.4,5287357.534,6146251.297,4487636.337,304704.7277,132463442.4,7609735.453,585062.9141,10486912.2,923743.5337,455071.0839,7407394.126,201259300.4,5287357.534,6146251.297,4487636.337,AMIDINOPROLINE-peak2,6,11,3,2,0,0,0,1.8333333333333333,0.3333333333333333,0.3333333333333335,50.8,3,1,-2,-0.5,-2,Protein
Feature0083,"3,4-Methylenedioxy-N-propylamphetamine",C13 H19 N O2,221.14159,1680037.796,175017724.6,168735453.1,170952026.2,191748902.2,169838496.6,197661146.6,171044968.9,698637.0328,605922.6837,1768558.15,10977252.85,1680037.796,175017724.6,168735453.1,170952026.2,191748902.2,169838496.6,197661146.6,171044968.9,698637.0328,605922.6837,1768558.15,"3,4-Methylenedioxy-N-propylamphetamine-peak1",13,19,1,2,0,0,0,1.4615384615384615,0.15384615384615385,-0.9230769230769234,86.6076923076923,5,3,0.2,0.2727272727272727,2,Lignin
Feature0082,"4-methoxy-6-(prop-2-en-1-yl)-2H-1,3-benzodioxole",C11 H12 O3,192.07866,777121.2662,757096.5716,1181498.064,165804598.9,1123813.319,978534.3407,965701.5111,921494.3883,194486219.4,927730.915,151041593.5,1068954.92,777121.2662,757096.5716,1181498.064,165804598.9,1123813.319,978534.3407,965701.5111,921494.3883,194486219.4,927730.915,151041593.5,"4-methoxy-6-(prop-2-en-1-yl)-2H-1,3-benzodioxole-peak1",11,12,0,3,0,0,0,1.0909090909090908,0.2727272727272727,-0.5454545454545459,75.84545454545456,6,3,0.375,0.47368421052631576,3,Lignin
Feature0081,Hordenine,C10 H15 N O,165.1154,5628214.269,88917.9499,134558.3478,96082475.32,161979707.4,192665749.6,151887.6877,133656.8928,2203548.504,102892.1782,3251982.108,64660.87714,5628214.269,88917.9499,134558.3478,96082475.32,161979707.4,192665749.6,151887.6877,133656.8928,2203548.504,102892.1782,3251982.108,Hordenine-peak2,10,15,1,1,0,0,0,1.5,0.1,-1,88.8,4,3,0.25,0.29411764705882354,2,Lipid
Feature0080,Lactamide,C3 H7 N O2,89.04769,147764258.6,136798901.5,123721801.8,59774526.92,154364535.5,180645989.5,89495362.42,191984064.6,37174004.93,163372184.5,23698726.98,352706.1413,147764258.6,136798901.5,123721801.8,59774526.92,154364535.5,180645989.5,89495362.42,191984064.6,37174004.93,163372184.5,23698726.98,Lactamide,3,7,1,2,0,0,0,2.3333333333333335,0.6666666666666666,0,60.3,1,-1,-Inf,-1,-2,Other
Feature0079,AMIDINOPROLINE,C6 H11 N3 O2,157.08515,10337463.65,1067433.076,619433.8663,4286158.274,341148.8164,474474.7632,4210204.686,6767329.136,190707258.3,184865152.3,176056740.4,339866.1877,10337463.65,1067433.076,619433.8663,4286158.274,341148.8164,474474.7632,4210204.686,6767329.136,190707258.3,184865152.3,176056740.4,AMIDINOPROLINE-peak1,6,11,3,2,0,0,0,1.8333333333333333,0.3333333333333333,0.3333333333333335,50.8,3,1,-2,-0.5,-2,Protein
Feature0078,"DL-2,6-Diaminopimelic acid",C7 H14 N2 O4,190.09538,15779401.26,55890165.67,54196442.37,188164646.6,19690900.27,18131543.37,16765415.18,47120259.83,151763984.3,60405621.51,159232642.5,25143.0364,15779401.26,55890165.67,54196442.37,188164646.6,19690900.27,18131543.37,16765415.18,47120259.83,151763984.3,60405621.51,159232642.5,"DL-2,6-Diaminopimelic acid",7,14,2,4,0,0,0,2,0.5714285714285714,0,60.3,2,-2,-4,-0.6666666666666666,-4,Amino Sugar
Feature0077,L-Aspartic acid,C4 H7 N O4,133.0375,89930455.73,111357160.4,73511368.29,46038825.4,99466067.06,113440195.5,94645360.12,182573260.3,38069840.87,116582337,34104662.16,29991.41113,89930455.73,111357160.4,73511368.29,46038825.4,99466067.06,113440195.5,94645360.12,182573260.3,38069840.87,116582337,34104662.16,L-Aspartic acid,4,7,1,4,0,0,0,1.75,1,1,31.799999999999997,2,-2,3,-1,-3,Carbohydrate
Feature0076,3-Methyl-2-buten-1-amine,C5 H11 N,85.08917,95554010.95,5762113.624,66490960.16,50413568.21,2525995.762,11662306.7,3601868.132,181491511.3,471404.6695,3227608.31,736653.5987,209432.8359,95554010.95,5762113.624,66490960.16,50413568.21,2525995.762,11662306.7,3601868.132,181491511.3,471404.6695,3227608.31,736653.5987,3-Methyl-2-buten-1-amine-peak2,5,11,1,0,0,0,0,2.2,0,-1.5999999999999996,105.89999999999998,1,1,0,0,0,Lipid
Feature0075,(+)-Piperitol,C20 H20 O6,356.12609,356075.6981,435255.5627,359641.7493,150400560.6,389514.001,404554.3594,396612.2075,396316.0037,160169828.1,666773.6451,179989132.6,755369.8206,356075.6981,435255.5627,359641.7493,150400560.6,389514.001,404554.3594,396612.2075,396316.0037,160169828.1,666773.6451,179989132.6,(+)-Piperitol-peak1,20,20,0,6,0,0,0,1,0.3,-0.40000000000000036,71.7,11,5,0.35714285714285715,0.47058823529411764,5,Lignin
Feature0074,Methionine,C5 H11 N O2 S,149.05106,32253044.07,74305355.57,58661400.29,10793663.72,33004269.2,42927329.72,61953176.23,168114024.6,2209047.763,116777084.8,6813853.622,45405.46117,32253044.07,74305355.57,58661400.29,10793663.72,33004269.2,42927329.72,61953176.23,168114024.6,2209047.763,116777084.8,6813853.622,Methionine,5,11,1,2,1,0,0,2.2,0.4,-0.40000000000000036,71.7,1,-1,-3,-1,-3,Protein
Feature0073,Hordenine,C10 H15 N O,165.11537,166162918.7,66186.13826,125495.3224,243362.1068,1230056.865,3377566.906,105710.027,110467.6216,44032386.94,125430.4941,53710028.78,107489.6413,166162918.7,66186.13826,125495.3224,243362.1068,1230056.865,3377566.906,105710.027,110467.6216,44032386.94,125430.4941,53710028.78,Hordenine-peak1,10,15,1,1,0,0,0,1.5,0.1,-1,88.8,4,3,0.25,0.29411764705882354,2,Lipid
Feature0072,NP-011220,C11 H18 N2 O2,210.13681,100239796.3,132082004.8,145836107.9,132949762.8,99481210.59,113309726.2,122546195.4,131986592.5,122833384.2,164306708.1,105505174.6,3740327.573,100239796.3,132082004.8,145836107.9,132949762.8,99481210.59,113309726.2,122546195.4,131986592.5,122833384.2,164306708.1,105505174.6,NP-011220,11,18,2,2,0,0,0,1.6363636363636365,0.18181818181818182,-0.7272727272727275,81.02727272727273,4,2,0,0.125,0,Lipid
Feature0071,Acetyl-L-carnitine,C9 H17 N O4,203.11569,715521.8554,452164.5922,473189.0291,161539115.2,1030523.468,1561060.845,271962.9984,715264.6552,6709078.711,790335.6772,4207748.701,504394.9717,715521.8554,452164.5922,473189.0291,161539115.2,1030523.468,1561060.845,271962.9984,715264.6552,6709078.711,790335.6772,4207748.701,Acetyl-L-carnitine,9,17,1,4,0,0,0,1.8888888888888888,0.4444444444444444,-0.666666666666667,79.30000000000001,2,-2,-0.75,-0.16666666666666666,-3,Protein
Feature0070,1-(Dimethylamino)-2-propanyl acetate,C7 H15 N O2,145.1103,430603.6114,2320257.749,530980.0359,159759254.9,227879.8714,336391.5595,429705.1608,364762.9094,161462448.4,4428413.404,134445327.6,647359.9945,430603.6114,2320257.749,530980.0359,159759254.9,227879.8714,336391.5595,429705.1608,364762.9094,161462448.4,4428413.404,134445327.6,1-(Dimethylamino)-2-propanyl acetate,7,15,1,2,0,0,0,2.142857142857143,0.2857142857142857,-1.1428571428571432,92.87142857142858,1,-1,-0.5,-0.2,-2,Lipid
Feature0069,[Similar to: Captopril ; ΔMass: 240.1023 Da],C17 H31 N O13,457.17957,157299669.2,1700973.712,3074943.205,15127856.28,141213390.9,158063465.3,373765.1626,5571420.889,10384583.64,1772725.72,8066621.474,32728.62715,157299669.2,1700973.712,3074943.205,15127856.28,141213390.9,158063465.3,373765.1626,5571420.889,10384583.64,1772725.72,8066621.474,[Similar to: Captopril ; ΔMass: 240.1023 Da],17,31,1,13,0,0,0,1.8235294117647058,0.7647058823529411,-0.117647058823529,63.65294117647058,3,-10,-3.6666666666666665,-0.47368421052631576,-11,Carbohydrate
Feature0068,"4-(4-hydroxy-2-methoxy-3,5,6-trimethylbenzoyloxy)-2-methoxy-3,5,6-trimethylbenzoic acid",C22 H26 O7,402.16784,125878.2786,180286.2844,255010.6908,133143673,281991.927,125112.3344,122392.6908,137733.6312,156851875.9,274729.7208,119053925,416979.2233,125878.2786,180286.2844,255010.6908,133143673,281991.927,125112.3344,122392.6908,137733.6312,156851875.9,274729.7208,119053925,"4-(4-hydroxy-2-methoxy-3,5,6-trimethylbenzoyloxy)-2-methoxy-3,5,6-trimethylbenzoic acid-peak2",22,26,0,7,0,0,0,1.1818181818181819,0.3181818181818182,-0.5454545454545459,75.84545454545456,10,3,0.2,0.35135135135135137,3,Lignin
Feature0067,Glycerol 3-phosphate,C3 H9 O6 P,172.01368,13541119.58,34096361.18,88229166.35,10987349.95,10192815.02,14601457.63,67164831.57,155021980.8,8272609.69,59020248.97,6003899.27,39700.57927,13541119.58,34096361.18,88229166.35,10987349.95,10192815.02,14601457.63,67164831.57,155021980.8,8272609.69,59020248.97,6003899.27,Glycerol 3-phosphate,3,9,0,6,0,1,0,3,2,-0.666666666666667,79.30000000000001,0,-6,1.75,4,-7,Other
Feature0066,Pyrogallol,C6 H6 O3,126.03165,5911121.154,911596.2642,1224024.006,624895.0144,123780032.8,154394443.4,1748609.093,1848366.46,2964229.98,445826.4863,2166719.933,654812.5454,5911121.154,911596.2642,1224024.006,624895.0144,123780032.8,154394443.4,1748609.093,1848366.46,2964229.98,445826.4863,2166719.933,Pyrogallol-peak2,6,6,0,3,0,0,0,1,0.5,0,60.3,4,1,0.3333333333333333,0.5555555555555556,1,Lignin
Feature0065,Cyclo(phenylalanyl-prolyl),C14 H16 N2 O2,244.12118,102808402.2,123891642.6,137788937.2,135189886.1,101358524.2,120928903.7,114832420.7,133239903.8,116370341.2,152924829.8,99956685.35,331900.7187,102808402.2,123891642.6,137788937.2,135189886.1,101358524.2,120928903.7,114832420.7,133239903.8,116370341.2,152924829.8,99956685.35,Cyclo(phenylalanyl-prolyl),14,16,2,2,0,0,0,1.1428571428571428,0.14285714285714285,-0.4285714285714288,72.51428571428572,8,6,0.4,0.45454545454545453,4,Lignin
Feature0064,[Similar to: RPH; ΔMass: -155.0695 Da],C11 H19 N5 O2,253.15389,7052810.695,1471655.184,1302655.903,148605053.1,125786371.3,132393450.2,1074528.738,1239586.096,3276863.731,58573.2649,3117210.743,65645.00269,7052810.695,1471655.184,1302655.903,148605053.1,125786371.3,132393450.2,1074528.738,1239586.096,3276863.731,58573.2649,3117210.743,[Similar to: RPH; ΔMass: -155.0695 Da]-peak2,11,19,5,2,0,0,0,1.7272727272727273,0.18181818181818182,0,60.3,5,3,-0.5,-0.2,-2,Lipid
Feature0063,(S)-malyl alpha-D-glucosaminide,C10 H17 N O9,295.0904,122592239.5,71349450.09,57432440.37,144195146.5,134221038.2,148388599.8,42913144.03,56498596.13,137518571,82705487.23,112739450.7,71786.22896,122592239.5,71349450.09,57432440.37,144195146.5,134221038.2,148388599.8,42913144.03,56498596.13,137518571,82705487.23,112739450.7,(S)-malyl alpha-D-glucosaminide,10,17,1,9,0,0,0,1.7,0.9,0.3999999999999999,48.9,3,-6,-Inf,-0.5555555555555556,-7,Carbohydrate
Feature0062,[Similar to: RPH; ΔMass: -155.0695 Da],C11 H19 N5 O2,253.15387,120200357.6,49660.34964,48239.56196,879935.5004,2799431.678,343507.6291,46074.27488,1311128.461,148167037.8,1648237.429,121122046.8,50433.13687,120200357.6,49660.34964,48239.56196,879935.5004,2799431.678,343507.6291,46074.27488,1311128.461,148167037.8,1648237.429,121122046.8,[Similar to: RPH; ΔMass: -155.0695 Da]-peak1,11,19,5,2,0,0,0,1.7272727272727273,0.18181818181818182,0,60.3,5,3,-0.5,-0.2,-2,Lipid
Feature0061,[Similar to: 2'-O-Methyladenosine; ΔMass: 0.0350 Da],C11 H23 N O7,281.14742,52468444.13,1142916.765,36703840.74,7795019.244,7874026.927,7558924.674,77682.53104,4245408.344,116517938.8,36266617.67,147855468.1,61151.88232,52468444.13,1142916.765,36703840.74,7795019.244,7874026.927,7558924.674,77682.53104,4245408.344,116517938.8,36266617.67,147855468.1,[Similar to: 2'-O-Methyladenosine; ΔMass: 0.0350 Da],11,23,1,7,0,0,0,2.090909090909091,0.6363636363636364,-0.5454545454545459,75.84545454545456,1,-6,-2.3333333333333335,-0.5384615384615384,-7,Amino Sugar
Feature0060,benzylidenemethylamine,C8 H9 N,119.07347,127814768.9,2328165.549,2121687.394,1795327.532,3516019.886,6677222.135,1770497.273,9179944.908,24537987.68,139610629.6,11446389.78,83796.95189,127814768.9,2328165.549,2121687.394,1795327.532,3516019.886,6677222.135,1770497.273,9179944.908,24537987.68,139610629.6,11446389.78,benzylidenemethylamine-peak1,8,9,1,0,0,0,0,1.125,0,-0.75,81.675,5,5,0.5714285714285714,0.5714285714285714,4,Unsaturated HC
Feature0059,Meconin,C10 H10 O4,194.05788,542300.1153,2498062.078,136933185.4,490637.4113,644051.4156,524561.4011,3225740.319,27059180.21,462208.4246,4523561.857,601240.4866,200083.0272,542300.1153,2498062.078,136933185.4,490637.4113,644051.4156,524561.4011,3225740.319,27059180.21,462208.4246,4523561.857,601240.4866,Meconin,10,10,0,4,0,0,0,1,0.4,-0.20000000000000018,66,6,2,0.3333333333333333,0.5,2,Lignin
Feature0058,4-Guanidinobutyric acid,C5 H11 N3 O2,145.08515,2759346.607,1183243.725,12123442.52,136613251.3,58781450.68,70475348.54,477406.6278,3633691.387,2408617.556,855416.4825,2091768.618,317918.1926,2759346.607,1183243.725,12123442.52,136613251.3,58781450.68,70475348.54,477406.6278,3633691.387,2408617.556,855416.4825,2091768.618,4-Guanidinobutyric acid,5,11,3,2,0,0,0,2.2,0.4,0.3999999999999999,48.9,2,0,-Inf,-2,-3,Protein
Feature0057,Pyrogallol,C6 H6 O3,126.03165,133420558.9,1192388.015,1183698.282,2082302.727,11466306.86,8569444.58,1701636.846,1861368.935,2915964.698,445826.4863,2191015.725,623244.4187,133420558.9,1192388.015,1183698.282,2082302.727,11466306.86,8569444.58,1701636.846,1861368.935,2915964.698,445826.4863,2191015.725,Pyrogallol-peak1,6,6,0,3,0,0,0,1,0.5,0,60.3,4,1,0.3333333333333333,0.5555555555555556,1,Lignin
Feature0056,4-Phenylbutyric acid,C10 H12 O2,164.08376,1659159.94,112698005.2,16819684.22,2125944.516,1324956.713,1370094.149,61668586.82,662251.6211,1179502.244,133341625.4,1426303.961,3751620.95,1659159.94,112698005.2,16819684.22,2125944.516,1324956.713,1370094.149,61668586.82,662251.6211,1179502.244,133341625.4,1426303.961,4-Phenylbutyric acid,10,12,0,2,0,0,0,1.2,0.2,-0.7999999999999998,83.1,5,3,0.375,0.4444444444444444,3,Lignin
Feature0055,[Similar to: D-(+)-Glucose; ΔMass: 45.0579 Da],C8 H19 N O6,225.12125,6976685.892,56005634.53,131874054.9,14619908.85,7043471.604,428320.0911,47951.67552,14950999.85,10579978.11,1368467.024,296089.6012,57061.65132,6976685.892,56005634.53,131874054.9,14619908.85,7043471.604,428320.0911,47951.67552,14950999.85,10579978.11,1368467.024,296089.6012,[Similar to: D-(+)-Glucose; ΔMass: 45.0579 Da],8,19,1,6,0,0,0,2.375,0.75,-0.5,74.55,0,-6,-7,-1,-7,Carbohydrate
Feature0054,"4-(4-hydroxy-2-methoxy-3,5,6-trimethylbenzoyloxy)-2-methoxy-3,5,6-trimethylbenzoic acid",C22 H26 O7,402.16792,267358.5074,340574.3686,466409.0124,131548440.9,251738.3021,284092.1983,291906.2097,233116.8444,57882706.65,278456.169,59069118.96,782341.7449,267358.5074,340574.3686,466409.0124,131548440.9,251738.3021,284092.1983,291906.2097,233116.8444,57882706.65,278456.169,59069118.96,"4-(4-hydroxy-2-methoxy-3,5,6-trimethylbenzoyloxy)-2-methoxy-3,5,6-trimethylbenzoic acid-peak1",22,26,0,7,0,0,0,1.1818181818181819,0.3181818181818182,-0.5454545454545459,75.84545454545456,10,3,0.2,0.35135135135135137,3,Lignin
Feature0053,"1-(3,4-Dimethoxyphenyl)-4-(4-hydroxy-3-methoxyphenyl)dihydro-1H,3H-furo[3,4-c]furan-3a(4H)-ol",C21 H24 O7,388.15229,410573.1469,423094.8256,450272.1992,106160839.2,397051.7963,402904.7674,402537.5212,386224.392,110694584.6,368422.7748,131196227.6,786303.6538,410573.1469,423094.8256,450272.1992,106160839.2,397051.7963,402904.7674,402537.5212,386224.392,110694584.6,368422.7748,131196227.6,"1-(3,4-Dimethoxyphenyl)-4-(4-hydroxy-3-methoxyphenyl)dihydro-1H,3H-furo[3,4-c]furan-3a(4H)-ol",21,24,0,7,0,0,0,1.1428571428571428,0.3333333333333333,-0.4761904761904763,73.87142857142857,10,3,0.21428571428571427,0.37142857142857144,3,Lignin
Feature0052,N-Allyl-N'-(4-piperidinylmethyl)ethanediamide,C11 H19 N3 O2,225.14774,7821898.589,49678556.81,22066895.56,123981978.5,105809636.7,129875328.2,22330881.91,20466443.55,4956450.89,3440741.288,4646381.616,64201.16056,7821898.589,49678556.81,22066895.56,123981978.5,105809636.7,129875328.2,22330881.91,20466443.55,4956450.89,3440741.288,4646381.616,N-Allyl-N'-(4-piperidinylmethyl)ethanediamide-peak2,11,19,3,2,0,0,0,1.7272727272727273,0.18181818181818182,-0.5454545454545459,75.84545454545456,4,2,-0.16666666666666666,0,-1,Lipid
Feature0051,"6,6-Diethoxy-N,N-diethyl-1-hexanamine",C14 H31 N O2,245.23548,2375501.676,2396630.634,1539897.807,709261.0508,128079.9663,1953494.294,2580167.965,1037121.308,127569351.1,124563203.9,126193083.6,14239830.09,2375501.676,2396630.634,1539897.807,709261.0508,128079.9663,1953494.294,2580167.965,1037121.308,127569351.1,124563203.9,126193083.6,"6,6-Diethoxy-N,N-diethyl-1-hexanamine",14,31,1,2,0,0,0,2.2142857142857144,0.14285714285714285,-1.7142857142857144,109.15714285714286,0,-2,-0.2727272727272727,-0.16666666666666666,-3,Lipid
Feature0050,methyl N-acetylneuraminate,C12 H21 N O9,323.12166,120486167.5,919803.3987,197205.9102,19460740.97,127293193.4,126742111.6,798480.2074,9345800.832,12719898.96,1115038.799,8693189.942,49140.83551,120486167.5,919803.3987,197205.9102,19460740.97,127293193.4,126742111.6,798480.2074,9345800.832,12719898.96,1115038.799,8693189.942,methyl N-acetylneuraminate-peak1,12,21,1,9,0,0,0,1.75,0.75,0,60.3,3,-6,-3.5,-0.38461538461538464,-7,Carbohydrate
Feature0049,N-Caffeoylputrescine,C13 H18 N2 O3,250.1317,149276.9296,141456.2235,123140060.3,170929.8625,463319.1298,150545.3388,137848.9947,22589380.4,127479.6353,136201.0161,133721.2785,292766.9855,149276.9296,141456.2235,123140060.3,170929.8625,463319.1298,150545.3388,137848.9947,22589380.4,127479.6353,136201.0161,133721.2785,N-Caffeoylputrescine,13,18,2,3,0,0,0,1.3846153846153846,0.23076923076923078,-0.4615384615384617,73.45384615384616,6,3,0.125,0.2631578947368421,1,Lignin
Feature0048,Ala-Leu,C9 H18 N2 O3,202.1317,5559109.311,7696969.253,62276067.86,73084400.7,92109006.32,120918747.2,8789168.639,25787691.37,2068579.647,526101.7649,2160357.986,95505.26188,5559109.311,7696969.253,62276067.86,73084400.7,92109006.32,120918747.2,8789168.639,25787691.37,2068579.647,526101.7649,2160357.986,Ala-Leu,9,18,2,3,0,0,0,2,0.3333333333333333,-0.666666666666667,79.30000000000001,2,-1,-0.75,-0.2727272727272727,-3,Protein
Feature0047,"5-hydroxy-4-methoxy-5,6-dihydro-2H-pyran-2-one",C6 H8 O4,144.04226,101364999.7,5685944.883,4391809.41,18456011.38,119674811.1,119507046,1974793.817,5654517.806,18223478.65,2624438.491,17742493.09,186298.492,101364999.7,5685944.883,4391809.41,18456011.38,119674811.1,119507046,1974793.817,5654517.806,18223478.65,2624438.491,17742493.09,"5-hydroxy-4-methoxy-5,6-dihydro-2H-pyran-2-one",6,8,0,4,0,0,0,1.3333333333333333,0.6666666666666666,0,60.3,3,-1,-0.5,0.25,-1,Tannin
Feature0046,Pyrone,C5 H4 O2,96.02111,110858552.7,1609179.112,9308802.04,19227081.24,118335677.8,106888273.9,1198589.597,1886943.572,16921849.53,1156830.538,13960092.12,115604.9201,110858552.7,1609179.112,9308802.04,19227081.24,118335677.8,106888273.9,1198589.597,1886943.572,16921849.53,1156830.538,13960092.12,Pyrone-peak2,5,4,0,2,0,0,0,0.8,0.4,0,60.3,4,2,0.6666666666666666,0.75,2,Condensed HC
Feature0045,Phenacetin,C10 H13 N O2,179.0946,86888696.38,99258944.3,111389237.4,25414693.28,79174202.08,94675076.03,85763072.54,94269657.9,15500716.01,116277316,13574083.06,787908.9259,86888696.38,99258944.3,111389237.4,25414693.28,79174202.08,94675076.03,85763072.54,94269657.9,15500716.01,116277316,13574083.06,Phenacetin,10,13,1,2,0,0,0,1.3,0.2,-0.5999999999999996,77.39999999999999,5,3,0.2857142857142857,0.375,2,Lignin
Feature0044,L-Threonine,C4 H9 N O3,119.05821,81851824.31,76960833.2,53680741.5,50791999.39,78044835.34,91455923.63,58981522.21,115871241.1,28820324.42,96820654.27,18058598.31,32856.69049,81851824.31,76960833.2,53680741.5,50791999.39,78044835.34,91455923.63,58981522.21,115871241.1,28820324.42,96820654.27,18058598.31,L-Threonine,4,9,1,3,0,0,0,2.25,0.75,0,60.3,1,-2,-Inf,-1,-3,Carbohydrate
Feature0043,4-Penten-1-amine,C5 H11 N,85.08916,1137677.426,960943.2036,950989.3946,797437.8274,1679732.139,1899287.699,847019.8413,7253467.15,29495451.54,115860976.9,13126607.04,208246.1083,1137677.426,960943.2036,950989.3946,797437.8274,1679732.139,1899287.699,847019.8413,7253467.15,29495451.54,115860976.9,13126607.04,4-Penten-1-amine-peak2,5,11,1,0,0,0,0,2.2,0,-1.5999999999999996,105.89999999999998,1,1,0,0,0,Lipid
Feature0042,L-Pyroglutamic acid,C5 H7 N O3,129.04257,26712165.31,59916740.92,44884489.23,36818213.75,3464384.336,1159105.802,8911293.052,115835747,21196132.32,63527788.51,27903485.02,75466.29428,26712165.31,59916740.92,44884489.23,36818213.75,3464384.336,1159105.802,8911293.052,115835747,21196132.32,63527788.51,27903485.02,L-Pyroglutamic acid-peak1,5,7,1,3,0,0,0,1.4,0.6,0.3999999999999999,48.9,3,0,-1,0.2,-1,Lignin
Feature0041,N-Allyl-N'-(4-piperidinylmethyl)ethanediamide,C11 H19 N3 O2,225.14773,115305510,1793692.416,379639.0981,117419.3533,274461.4352,863077.2139,118926.3995,1022719.218,114175342,55977884.17,97347574.05,39582.50803,115305510,1793692.416,379639.0981,117419.3533,274461.4352,863077.2139,118926.3995,1022719.218,114175342,55977884.17,97347574.05,N-Allyl-N'-(4-piperidinylmethyl)ethanediamide-peak1,11,19,3,2,0,0,0,1.7272727272727273,0.18181818181818182,-0.5454545454545459,75.84545454545456,4,2,-0.16666666666666666,0,-1,Lipid
Feature0040,"(2S)-3-Hydroxy-2-({[(3S,4S,5R)-2,3,4-trihydroxy-5-(hydroxymethyl)tetrahydro-2-furanyl]methyl}amino)propanoic acid (non-preferred name)",C9 H17 N O8,267.09544,91963501.56,16894216.67,12307867.57,44548972.65,98967999.21,113757173.9,14725750.34,21041520.02,42970749.44,18005654.91,36724665.57,60456.85641,91963501.56,16894216.67,12307867.57,44548972.65,98967999.21,113757173.9,14725750.34,21041520.02,42970749.44,18005654.91,36724665.57,"(2S)-3-Hydroxy-2-({[(3S,4S,5R)-2,3,4-trihydroxy-5-(hydroxymethyl)tetrahydro-2-furanyl]methyl}amino)propanoic acid (non-preferred name)",9,17,1,8,0,0,0,1.8888888888888888,0.8888888888888888,0.22222222222222232,53.96666666666666,2,-6,-Inf,-0.75,-7,Carbohydrate
Feature0039,4-Penten-1-amine,C5 H11 N,85.08917,52481757.16,47147734.01,26983819.8,19473095.84,52823045.48,1432845.035,4551681.481,112601785.9,573137.2206,2084535.665,269303.2152,204273.761,52481757.16,47147734.01,26983819.8,19473095.84,52823045.48,1432845.035,4551681.481,112601785.9,573137.2206,2084535.665,269303.2152,4-Penten-1-amine-peak1,5,11,1,0,0,0,0,2.2,0,-1.5999999999999996,105.89999999999998,1,1,0,0,0,Lipid
Feature0038,3-Methyl-2-buten-1-amine,C5 H11 N,85.08916,561677.6355,78196867.12,66535523.94,50333659.22,96947418.08,112366862.8,71296661.62,5387520.871,474634.0181,3089037.26,728393.5869,178520.8145,561677.6355,78196867.12,66535523.94,50333659.22,96947418.08,112366862.8,71296661.62,5387520.871,474634.0181,3089037.26,728393.5869,3-Methyl-2-buten-1-amine-peak1,5,11,1,0,0,0,0,2.2,0,-1.5999999999999996,105.89999999999998,1,1,0,0,0,Lipid
Feature0037,methallylamine,C4 H9 N,71.07352,79912096.82,58272973.2,33739489.03,31028784.33,81672895.93,92698118.71,45771918.28,111793250.3,16189415.23,82308405.32,7433416.567,292816.3937,79912096.82,58272973.2,33739489.03,31028784.33,81672895.93,92698118.71,45771918.28,111793250.3,16189415.23,82308405.32,7433416.567,methallylamine,4,9,1,0,0,0,0,2.25,0,-1.5,103.05,1,1,0,0,0,Lipid
Feature0036,Piptamine(antibiotic),C23 H41 N,331.32395,1888059.421,205002.9405,1142666.512,209418.3949,985811.4162,2492683.46,1441380.294,107472406.4,103585989.5,94219579.41,101302611.3,517214.3795,1888059.421,205002.9405,1142666.512,209418.3949,985811.4162,2492683.46,1441380.294,107472406.4,103585989.5,94219579.41,101302611.3,Piptamine(antibiotic),23,41,1,0,0,0,0,1.7826086956521738,0,-1.6521739130434785,107.38695652173914,4,4,0.13636363636363635,0.13636363636363635,3,Lipid
Feature0035,"3-(propan-2-yl)-octahydropyrrolo[1,2-a]pyrazine-1,4-dione",C10 H16 N2 O2,196.1212,68492400.95,91004873.66,97651566.73,70012075.43,64271932.85,78497319.15,78939822.03,95554463.81,64505973.5,107426618.5,52907859.13,950249.8561,68492400.95,91004873.66,97651566.73,70012075.43,64271932.85,78497319.15,78939822.03,95554463.81,64505973.5,107426618.5,52907859.13,"3-(propan-2-yl)-octahydropyrrolo[1,2-a]pyrazine-1,4-dione",10,16,2,2,0,0,0,1.6,0.2,-0.5999999999999996,77.39999999999999,4,2,0,0.14285714285714285,0,Lipid
Feature0034,"Methyl 4-hydroxy-2-methoxy-3,6-dimethylbenzoate",C11 H14 O4,210.0892,615882.5276,124255.3778,146126.266,106195727.2,714898.8875,137141.3195,204187.2431,149600.1775,67745215.45,533392.2576,40961612.8,2054291.888,615882.5276,124255.3778,146126.266,106195727.2,714898.8875,137141.3195,204187.2431,149600.1775,67745215.45,533392.2576,40961612.8,"Methyl 4-hydroxy-2-methoxy-3,6-dimethylbenzoate",11,14,0,4,0,0,0,1.2727272727272727,0.36363636363636365,-0.5454545454545459,75.84545454545456,5,1,0.14285714285714285,0.3333333333333333,1,Lignin
Feature0033,Tetrolic Acid,C4 H4 O2,84.02115,55064579.45,3152092.604,3555623.38,47223794.29,105434423.5,63619875.74,2031963.334,4093062.524,45851038.96,2939261.513,39043212.25,38826.5169,55064579.45,3152092.604,3555623.38,47223794.29,105434423.5,63619875.74,2031963.334,4093062.524,45851038.96,2939261.513,39043212.25,Tetrolic Acid-peak1,4,4,0,2,0,0,0,1,0.5,0,60.3,3,1,0.5,0.6666666666666666,1,Lignin
Feature0032,"4-({4-[(2,4-Dihydroxy-3,6-dimethylbenzoyl)oxy]-2-methoxy-3,5,6-trimethylbenzoyl}oxy)-2-methoxy-3,5,6-trimethylbenzoic acid",C31 H34 O10,566.21538,397377.7366,463822.4002,463030.4268,87022001.97,415078.7132,431106.2054,422642.7915,422327.1472,91420004.68,924196.61,105228275.9,804946.5033,397377.7366,463822.4002,463030.4268,87022001.97,415078.7132,431106.2054,422642.7915,422327.1472,91420004.68,924196.61,105228275.9,"4-({4-[(2,4-Dihydroxy-3,6-dimethylbenzoyl)oxy]-2-methoxy-3,5,6-trimethylbenzoyl}oxy)-2-methoxy-3,5,6-trimethylbenzoic acid",31,34,0,10,0,0,0,1.096774193548387,0.3225806451612903,-0.45161290322580605,73.17096774193547,15,5,0.23809523809523808,0.38461538461538464,5,Lignin
Feature0031,C16 phytosphingosine,C16 H35 N O3,289.26171,1326993.103,374516.159,1367607.464,755023.2265,234453.9722,952119.8797,2825233.644,56092289.01,97600651.72,104380839.6,104706811.9,342139.8598,1326993.103,374516.159,1367607.464,755023.2265,234453.9722,952119.8797,2825233.644,56092289.01,97600651.72,104380839.6,104706811.9,C16 phytosphingosine,16,35,1,3,0,0,0,2.1875,0.1875,-1.625,106.6125,0,-3,-0.3333333333333333,-0.18518518518518517,-4,Lipid
Feature0030,D-Glucose 6-phosphate,C6 H13 O9 P,260.02971,87521811.95,10237855.67,15786902.56,97371518.59,87691831.18,99044281.44,6960090.428,12419324.53,102907355.6,9384871.225,68655990.4,49197.02488,87521811.95,10237855.67,15786902.56,97371518.59,87691831.18,99044281.44,6960090.428,12419324.53,102907355.6,9384871.225,68655990.4,D-Glucose 6-phosphate,6,13,0,9,0,1,0,2.1666666666666665,1.5,0,60.3,1,-8,2.25,-9,-9,Carbohydrate
Feature0029,PYRIDOXAMINE,C8 H12 N2 O2,168.08991,77246497.8,92057321.67,99947831.67,98128903.79,76136667.48,78474675.02,97608852.06,93929528.69,76830989.79,102304068.7,75963851.54,935506.0499,77246497.8,92057321.67,99947831.67,98128903.79,76136667.48,78474675.02,97608852.06,93929528.69,76830989.79,102304068.7,75963851.54,PYRIDOXAMINE-peak2,8,12,2,2,0,0,0,1.5,0.25,-0.25,67.425,4,2,0,0.2,0,Lipid
Feature0028,PYRIDOXAMINE,C8 H12 N2 O2,168.0899,77246497.8,92057321.67,99947831.67,98128903.79,76136667.48,78474675.02,97608852.06,93929528.69,76200194.32,11768837.92,2963171.487,111918.3523,77246497.8,92057321.67,99947831.67,98128903.79,76136667.48,78474675.02,97608852.06,93929528.69,76200194.32,11768837.92,2963171.487,PYRIDOXAMINE-peak1,8,12,2,2,0,0,0,1.5,0.25,-0.25,67.425,4,2,0,0.2,0,Lipid
Feature0027,"[Similar to: 1,3-dimethyl 2,4-bis(4-hydroxyphenyl)cyclobutane-1,3-dicarboxylate; ΔMass: -37.9720 Da]",C12 H22 N4 O6,318.15395,30926876.83,83550624.5,76247419.63,38273599.21,28894072.47,32211479.91,50995536.29,99006273.66,29333003.89,91168881.79,32744576.34,45744.6306,30926876.83,83550624.5,76247419.63,38273599.21,28894072.47,32211479.91,50995536.29,99006273.66,29333003.89,91168881.79,32744576.34,"[Similar to: 1,3-dimethyl 2,4-bis(4-hydroxyphenyl)cyclobutane-1,3-dicarboxylate; ΔMass: -37.9720 Da]",12,22,4,6,0,0,0,1.8333333333333333,0.5,0.16666666666666652,55.550000000000004,4,-2,-3,-0.6,-6,Protein
Feature0026,Methionine sulfoxide,C5 H11 N O3 S,165.046,82819862.49,7081023.377,4416131.381,4349936.622,80507551.47,98749119.12,9829037.748,10393153.18,1914586.948,11007759.83,2076448.462,38164.07489,82819862.49,7081023.377,4416131.381,4349936.622,80507551.47,98749119.12,9829037.748,10393153.18,1914586.948,11007759.83,2076448.462,Methionine sulfoxide,5,11,1,3,1,0,0,2.2,0.6,0,60.3,1,-2,-Inf,-1.6666666666666667,-4,Amino Sugar
Feature0025,[Similar to: NP-017684; ΔMass: -74.2514 Da],C24 H45 N4 O14 P3,706.2146,77791364.07,579868.8884,465503.6686,38177904.04,94006928.16,98446566.4,120204.7168,520209.5172,32593223.57,123939.2515,7147497.671,46531.26297,77791364.07,579868.8884,465503.6686,38177904.04,94006928.16,98446566.4,120204.7168,520209.5172,32593223.57,123939.2515,7147497.671,[Similar to: NP-017684; ΔMass: -74.2514 Da],24,45,4,14,0,3,0,1.875,0.5833333333333334,-0.833333333333333,84.04999999999998,6,-8,-5,-0.8,-15,Amino Sugar
Feature0024,MFCD00025555,C9 H18 N2 O3,202.13169,98086500.53,787040.2607,2163617.931,2664554.751,3848718.147,3696402.448,193996.234,25797135.13,2190004.791,523374.5188,2177212.594,95010.17448,98086500.53,787040.2607,2163617.931,2664554.751,3848718.147,3696402.448,193996.234,25797135.13,2190004.791,523374.5188,2177212.594,MFCD00025555,9,18,2,3,0,0,0,2,0.3333333333333333,-0.666666666666667,79.30000000000001,2,-1,-0.75,-0.2727272727272727,-3,Protein
Feature0023,"N-[5-(1,2-Dihydroxyethyl)-4-hydroxy-2-oxotetrahydro-3-furanyl]acetamide",C8 H13 N O6,219.0743,60289813.02,24484256.01,16011454.34,88214000.49,59658268.61,75307604.67,11555524.57,18516471.67,96497081.05,25681635.47,74919253.18,38453.50326,60289813.02,24484256.01,16011454.34,88214000.49,59658268.61,75307604.67,11555524.57,18516471.67,96497081.05,25681635.47,74919253.18,"N-[5-(1,2-Dihydroxyethyl)-4-hydroxy-2-oxotetrahydro-3-furanyl]acetamide",8,13,1,6,0,0,0,1.625,0.75,0.25,53.175,3,-3,-4,-0.25,-4,Carbohydrate
Feature0022,NP-019811,C6 H7 N O2,125.04765,81164482.59,888396.2535,1530485.659,1693596.949,74839668.49,94871825.68,2269967.559,2131332.037,3424269.812,2891400.199,2989655.824,66645.73685,81164482.59,888396.2535,1530485.659,1693596.949,74839668.49,94871825.68,2269967.559,2131332.037,3424269.812,2891400.199,2989655.824,NP-019811,6,7,1,2,0,0,0,1.1666666666666667,0.3333333333333333,0,60.3,4,2,0.3333333333333333,0.5,1,Lignin
Feature0021,6-hydroxypropylthymine,C8 H12 N2 O3,184.08481,64299294.55,4231298.299,1435374.469,4463053.419,2103959.303,722359.2837,7134537.931,87079237.62,73294875.03,90289529.36,63680707.99,470705.9967,64299294.55,4231298.299,1435374.469,4463053.419,2103959.303,722359.2837,7134537.931,87079237.62,73294875.03,90289529.36,63680707.99,6-hydroxypropylthymine-peak2,8,12,2,3,0,0,0,1.5,0.375,0,60.3,4,1,-0.3333333333333333,0.1111111111111111,-1,Protein
Feature0020,4-Aminobutyl 6-deoxy-alpha-L-galactopyranoside,C10 H21 N O5,235.14197,2932028.587,8764996.938,6901445.328,4627459.245,3421460.618,3377278.308,88369449.89,12022047.16,3579030.618,10473149.73,3655111.76,122677.1809,2932028.587,8764996.938,6901445.328,4627459.245,3421460.618,3377278.308,88369449.89,12022047.16,3579030.618,10473149.73,3655111.76,4-Aminobutyl 6-deoxy-alpha-L-galactopyranoside,10,21,1,5,0,0,0,2.1,0.5,-0.7999999999999998,83.1,1,-4,-1.25,-0.38461538461538464,-5,Protein
Feature0019,Val-Leu,C11 H22 N2 O3,230.16303,44459121.37,87876.75459,1159892.039,1547513.619,848490.5314,1445030.168,137152.8688,30521375.56,87479943.24,11955363.32,42655118.33,140022.1727,44459121.37,87876.75459,1159892.039,1547513.619,848490.5314,1445030.168,137152.8688,30521375.56,87479943.24,11955363.32,42655118.33,Val-Leu-peak2,11,22,2,3,0,0,0,2,0.2727272727272727,-0.9090909090909092,86.2090909090909,2,-1,-0.5,-0.2,-3,Lipid
Feature0018,6-hydroxypropylthymine,C8 H12 N2 O3,184.08483,4581537.528,82337026.89,83396298.84,76597798.53,63197487.15,75204256.55,79096497.08,87079237.62,3513038.309,4124879.585,3132131.827,208904.0925,4581537.528,82337026.89,83396298.84,76597798.53,63197487.15,75204256.55,79096497.08,87079237.62,3513038.309,4124879.585,3132131.827,6-hydroxypropylthymine-peak1,8,12,2,3,0,0,0,1.5,0.375,0,60.3,4,1,-0.3333333333333333,0.1111111111111111,-1,Protein
Feature0017,NA,C16 H29 N O13,443.16399,75718399.35,8057815.794,932023.5632,8882952.194,87019360.62,66748657.91,6129010.172,1182798.787,3418632.212,12906754.51,1347431.748,36868.5363,75718399.35,8057815.794,932023.5632,8882952.194,87019360.62,66748657.91,6129010.172,1182798.787,3418632.212,12906754.51,1347431.748,Feature0017,16,29,1,13,0,0,0,1.8125,0.8125,0,60.3,3,-10,-5.5,-0.5294117647058824,-11,Carbohydrate
Feature0016,L-Lysine,C6 H14 N2 O2,146.10554,32539129.36,43305657.07,44377914.22,17587046.43,29117120.05,30623412.65,33922865.91,83884815.75,12960991.93,48499994.31,7118206.081,43346.45353,32539129.36,43305657.07,44377914.22,17587046.43,29117120.05,30623412.65,33922865.91,83884815.75,12960991.93,48499994.31,7118206.081,L-Lysine,6,14,2,2,0,0,0,2.3333333333333335,0.3333333333333333,-0.666666666666667,79.30000000000001,1,-1,-1.5,-0.6666666666666666,-3,Other
Feature0015,"Propane, 1,3-diacetoxy-2-acetoxymethyl-2-nitro-",C10 H15 N O8,277.07982,55549846.15,19296632.04,18738339.22,80448610.47,73787121.09,75516182.6,13624600.37,23973376.81,66457832.66,23512606.94,57739124.6,36035.84442,55549846.15,19296632.04,18738339.22,80448610.47,73787121.09,75516182.6,13624600.37,23973376.81,66457832.66,23512606.94,57739124.6,"Propane, 1,3-diacetoxy-2-acetoxymethyl-2-nitro-",10,15,1,8,0,0,0,1.5,0.8,0.3999999999999999,48.9,4,-4,-5,-0.2,-5,Carbohydrate
Feature0014,AC-LYS-OH,C8 H16 N2 O3,188.1161,22406086.08,71165264.41,38086876.55,45740859.53,23730339.12,24955717.4,44721974.39,47334547.6,41032605,78317861.39,41367298.83,23940.71908,22406086.08,71165264.41,38086876.55,45740859.53,23730339.12,24955717.4,44721974.39,47334547.6,41032605,78317861.39,41367298.83,AC-LYS-OH,8,16,2,3,0,0,0,2,0.375,-0.5,74.55,2,-1,-1,-0.3333333333333333,-3,Protein
Feature0013,Val-Leu,C11 H22 N2 O3,230.16304,44390172.22,6930391.464,57003471.26,77278219.33,42085965.18,54565868.85,10901850.35,30330949.58,3005788.083,639673.1859,1243162.81,154583.6536,44390172.22,6930391.464,57003471.26,77278219.33,42085965.18,54565868.85,10901850.35,30330949.58,3005788.083,639673.1859,1243162.81,Val-Leu-peak1,11,22,2,3,0,0,0,2,0.2727272727272727,-0.9090909090909092,86.2090909090909,2,-1,-0.5,-0.2,-3,Lipid
Feature0012,2-Acetamido-2-deoxyhexitol,C8 H17 N O6,223.1056,23005760.89,3120480.633,2496198.153,74772894.19,20078995.71,24870451.28,2629169.812,9389974.091,62961281.41,3165611.416,63195717.66,39907.0125,23005760.89,3120480.633,2496198.153,74772894.19,20078995.71,24870451.28,2629169.812,9389974.091,62961281.41,3165611.416,63195717.66,2-Acetamido-2-deoxyhexitol,8,17,1,6,0,0,0,2.125,0.75,-0.25,67.425,1,-5,-6,-0.75,-6,Carbohydrate
Feature0011,"3-(1-hydroxyethyl)-2,3,6,7,8,8a-hexahydropyrrolo[1,2-a]pyrazine-1,4-dione",C9 H14 N2 O3,198.10046,50460618.93,61973020.44,69118097.67,64110445.45,46069291.81,56227265.05,61747238.22,72569779.01,59297288.39,74676276.14,51324240.03,166553.5724,50460618.93,61973020.44,69118097.67,64110445.45,46069291.81,56227265.05,61747238.22,72569779.01,59297288.39,74676276.14,51324240.03,"3-(1-hydroxyethyl)-2,3,6,7,8,8a-hexahydropyrrolo[1,2-a]pyrazine-1,4-dione",9,14,2,3,0,0,0,1.5555555555555556,0.3333333333333333,-0.22222222222222232,66.63333333333333,4,1,-0.25,0.09090909090909091,-1,Protein
Feature0010,Furan,C4 H4 O,68.02622,22656690.9,59879413.6,55471185.39,24938823.94,22100124.77,28951276.89,58003073.49,74626833.92,21670032.92,62706014.46,23006235.65,46291.88722,22656690.9,59879413.6,55471185.39,24938823.94,22100124.77,28951276.89,58003073.49,74626833.92,21670032.92,62706014.46,23006235.65,Furan,4,4,0,1,0,0,0,1,0.25,-0.5,74.55,3,2,0.6666666666666666,0.7142857142857143,2,Lignin
Feature0009,N-Acetylneuraminic acid,C11 H19 N O9,309.10597,65235429.03,17292284.85,15360282.21,43421998.75,71798824.67,73326745.08,9862574.609,70633158.91,45658778.75,20257190.89,39292930.39,32691.00304,65235429.03,17292284.85,15360282.21,43421998.75,71798824.67,73326745.08,9862574.609,70633158.91,45658778.75,20257190.89,39292930.39,N-Acetylneuraminic acid,11,19,1,9,0,0,0,1.7272727272727273,0.8181818181818182,0.18181818181818166,55.11818181818182,3,-6,-7,-0.45454545454545453,-7,Carbohydrate
Feature0008,L-Cystathionine,C7 H14 N2 O4 S,222.06742,3391940.145,34785469.41,32205140.81,3404074.117,2576414.236,3249467.559,23193807.19,67659207.66,408808.2621,38622022.24,13757767.68,29932.51828,3391940.145,34785469.41,32205140.81,3404074.117,2576414.236,3249467.559,23193807.19,67659207.66,408808.2621,38622022.24,13757767.68,L-Cystathionine,7,14,2,4,1,0,0,2,0.5714285714285714,0.2857142857142856,52.15714285714286,2,-2,-Inf,-1.5,-5,Amino Sugar
Feature0007,Pyrone,C5 H4 O2,96.02111,67066960.09,2770810.739,2098240.134,19394558.25,53664655.63,65090163.27,1883015.474,1583265.56,18151381.57,2015565.28,17310410.84,103926.874,67066960.09,2770810.739,2098240.134,19394558.25,53664655.63,65090163.27,1883015.474,1583265.56,18151381.57,2015565.28,17310410.84,Pyrone-peak1,5,4,0,2,0,0,0,0.8,0.4,0,60.3,4,2,0.6666666666666666,0.75,2,Condensed HC
Feature0006,NA,C18 H34 N2 O12,470.21123,55732333.41,2407253.975,1484344.544,12999392.61,54299780.38,62670962.7,1772531.229,1650690.168,7841637.888,2448761.351,7447928.222,40901.52797,55732333.41,2407253.975,1484344.544,12999392.61,54299780.38,62670962.7,1772531.229,1650690.168,7841637.888,2448761.351,7447928.222,Feature0006,18,34,2,12,0,0,0,1.8888888888888888,0.6666666666666666,-0.22222222222222232,66.63333333333333,3,-9,-2.75,-0.5,-11,Amino Sugar
Feature0005,3-O-(2-Acetamido-2-deoxy-beta-D-glucopyranosyl)-D-galactitol,C14 H27 N O11,385.15849,59140381.44,342659.1918,465616.3851,24580494.08,56865842.11,62491250.01,792656.1154,1059496.606,9534245.925,1080723.428,3826445.602,38915.58491,59140381.44,342659.1918,465616.3851,24580494.08,56865842.11,62491250.01,792656.1154,1059496.606,9534245.925,1080723.428,3826445.602,3-O-(2-Acetamido-2-deoxy-beta-D-glucopyranosyl)-D-galactitol,14,27,1,11,0,0,0,1.9285714285714286,0.7857142857142857,-0.14285714285714324,64.37142857142858,2,-9,-5,-0.6,-10,Carbohydrate
Feature0004,Tn Antigen,C11 H20 N2 O8,308.12197,1372028.311,5216819.509,14086788.86,3678503.83,1805652.035,1602373.582,3872265.452,58853883.76,3305762.265,8646373.136,2440823.965,42514.4932,1372028.311,5216819.509,14086788.86,3678503.83,1805652.035,1602373.582,3872265.452,58853883.76,3305762.265,8646373.136,2440823.965,Tn Antigen,11,20,2,8,0,0,0,1.8181818181818181,0.7272727272727273,0.18181818181818166,55.11818181818182,3,-5,-7,-0.6,-7,Carbohydrate
Feature0003,5-Methylhexan-3-one,C8 H15 N O4,189.10012,5934839.182,20924216.12,54260303.79,9454371.867,5290923.461,6680732.264,31280170.91,47701015.64,9423522.894,34387010.07,7605196.634,84161.7704,5934839.182,20924216.12,54260303.79,9454371.867,5290923.461,6680732.264,31280170.91,47701015.64,9423522.894,34387010.07,7605196.634,5-Methylhexan-3-one,8,15,1,4,0,0,0,1.875,0.5,-0.5,74.55,2,-2,-1,-0.2,-3,Protein
Feature0002,Trigonelline,C7 H7 N O2,137.04768,23737106.91,239274.4157,198142.8314,51476421.93,25564376.62,23857666.01,491149.2951,3922358.783,51693304.89,148845.8349,45824524.32,66737.98508,23737106.91,239274.4157,198142.8314,51476421.93,25564376.62,23857666.01,491149.2951,3922358.783,51693304.89,148845.8349,45824524.32,Trigonelline,7,7,1,2,0,0,0,1,0.2857142857142857,0,60.3,5,3,0.5,0.6,2,Lignin
Feature0001,3-Carboxytyrosine,C10 H11 N O5,225.06369,1443846.94,428255.2975,337772.6492,48247903.81,1376655.791,1526131.557,688246.6651,298493.2736,30164511.67,393114.9143,27968224.37,21128.37253,1443846.94,428255.2975,337772.6492,48247903.81,1376655.791,1526131.557,688246.6651,298493.2736,30164511.67,393114.9143,27968224.37,3-Carboxytyrosine,10,11,1,5,0,0,0,1.1,0.5,0.20000000000000018,54.599999999999994,6,1,0,0.38461538461538464,0,Lignin
