"","10_CTRL_1154.3","16_ERLE_CTRL.2","17_ERIN_CTRL.2","18_BOCU_1154.3","2_CTRL_CTRL.2","20_ERIN_1154.1","22_BOCU_CTRL.2","25_ERIN_CTRL.2","28_ERLE_CTRL.1","3_LEDU_1154.3","30_ERLE_1154.3","31_BOCU_CTRL.1","32_ERLE_CTRL.2","36_ERIN_CTRL.1","40_CTRL_CTRL.3","41_CTRL_CTRL.1","42_ERIN_1154.2","43_ERIN_1154.3","44_BOCU_1154.2","45_LEDU_1154.1","46_CTRL_1154.2","48_LEDU_CTRL.2","5_LEDU_1154.2","50_BOCU_CTRL.2","54_LEDU_CTRL.1","55_LEDU_CTRL.2","58_ERLE_1154.1","59_CTRL_1154.1","7_BOCU_1154.1","9_ERLE_1154.2"
"Feature0001",NA,265328972.2,94180813.81,451637535.1,NA,NA,NA,NA,209900403.9,NA,48316571.87,174486707,286487846,NA,232952094.5,NA,NA,NA,NA,NA,NA,NA,NA,NA,188463839.2,NA,NA,106842169.1,NA,NA
"Feature0003",529970412.5,6567127769,NA,23544198.55,6177729688,180882255.6,4812171960,5899734626,5673252194,96441494.82,201288045.7,5318952292,6439472833,6044236916,5771263692,1670227853,58417245.94,78053364.23,151645124.8,171861555.5,80081395.79,5691441687,122122922.3,3557974026,5216030082,6023940974,176254079.3,315581929.6,161757296.1,73841009.33
"Feature0004",12255626.44,NA,NA,NA,NA,NA,NA,NA,NA,NA,NA,NA,NA,NA,NA,NA,NA,NA,NA,NA,NA,NA,NA,NA,NA,NA,NA,NA,NA,NA
"Feature0005",NA,NA,NA,NA,NA,NA,NA,NA,NA,NA,NA,NA,4562720.876,NA,NA,NA,NA,NA,NA,NA,NA,NA,NA,NA,NA,NA,NA,NA,NA,NA
"Feature0006",NA,NA,NA,NA,NA,NA,NA,NA,NA,NA,NA,NA,NA,NA,NA,NA,NA,NA,NA,NA,51638573.97,NA,NA,NA,NA,NA,NA,NA,NA,NA
"Feature0007",247587012,428098462.6,158753682.6,269954297.3,341386789.3,154075608.4,122665754.8,389927192.9,279032166.9,334234169,137257449.7,237649325.5,412580432.5,387151696.8,324168419.3,377312653.3,119744703,144346651.4,344466101.5,399990752.4,189619088.7,155449720.9,294032111,147315200.5,235308506.8,383578282.3,189410606.7,NA,275789020.4,89905793.51
"Feature0009",NA,NA,NA,NA,NA,NA,NA,NA,NA,NA,NA,NA,NA,NA,NA,NA,NA,NA,NA,NA,NA,NA,NA,NA,NA,11139429.15,NA,NA,NA,NA
"Feature0010",9232767.157,NA,NA,10927884.01,NA,NA,NA,11171758.26,13772477.93,8549647.989,NA,NA,NA,13111384.57,NA,NA,NA,NA,NA,NA,NA,NA,NA,NA,NA,10362555.13,NA,NA,8665736.354,NA
"Feature0011",NA,NA,NA,NA,NA,NA,NA,NA,NA,NA,NA,2985721.534,NA,NA,NA,NA,NA,NA,NA,NA,NA,NA,NA,NA,52885634.64,NA,NA,NA,NA,NA
"Feature0013",196697.4919,NA,NA,10089617.25,NA,NA,NA,27411365.41,21227314.17,NA,NA,NA,NA,NA,NA,NA,NA,NA,NA,NA,NA,23070513.06,NA,43435931.58,NA,30196710.11,NA,339130.9567,NA,NA
"Feature0015",NA,NA,NA,NA,NA,NA,NA,NA,NA,NA,NA,NA,NA,NA,NA,NA,NA,NA,NA,NA,3376769.114,NA,NA,NA,NA,NA,NA,NA,NA,NA
"Feature0016",NA,NA,NA,NA,NA,NA,711085.7004,NA,NA,NA,NA,NA,NA,NA,NA,NA,NA,NA,NA,NA,NA,NA,14831023.81,NA,NA,NA,NA,NA,NA,NA
"Feature0017",NA,NA,NA,NA,NA,NA,NA,NA,NA,NA,NA,22311527.45,NA,NA,NA,NA,NA,NA,NA,NA,NA,NA,NA,NA,NA,NA,NA,NA,NA,NA
"Feature0018",15764407.1,183079147.9,NA,6571271.843,NA,NA,NA,218842945.3,154222949.1,18152695.2,17206884.56,147633025.5,NA,280438806.2,164775011.8,NA,NA,NA,NA,NA,NA,123271948.2,NA,230231462.2,170951675.2,210247988.4,NA,15218358.83,15982042.75,NA
"Feature0019",NA,NA,NA,10803035.73,NA,NA,NA,NA,13155752.77,NA,NA,NA,NA,18406831.02,NA,NA,NA,NA,NA,NA,NA,NA,NA,NA,NA,19354515.99,NA,NA,NA,NA
"Feature0020",115706.2144,NA,NA,NA,NA,NA,NA,NA,118176.9979,NA,NA,NA,NA,154942.8349,NA,NA,NA,NA,NA,NA,NA,98278.72493,NA,NA,NA,NA,NA,135086.3951,115718.4101,NA
"Feature0021",NA,NA,NA,NA,NA,1072698.478,NA,NA,NA,NA,NA,NA,NA,NA,NA,NA,NA,NA,NA,NA,NA,NA,NA,NA,NA,NA,NA,NA,NA,NA
"Feature0022",NA,NA,NA,NA,NA,NA,NA,NA,NA,NA,NA,NA,427806.2076,NA,NA,NA,NA,NA,NA,NA,36229211.1,NA,30326703.4,NA,NA,NA,NA,NA,NA,NA
"Feature0024",NA,NA,5800124.578,NA,NA,NA,NA,NA,NA,NA,NA,NA,NA,NA,NA,NA,NA,NA,NA,NA,NA,NA,NA,NA,NA,NA,NA,NA,NA,NA
"Feature0025",NA,NA,NA,NA,NA,NA,NA,NA,145526.6785,NA,NA,NA,NA,NA,NA,NA,NA,NA,NA,NA,NA,NA,NA,NA,NA,NA,NA,NA,NA,NA
"Feature0026",NA,NA,NA,NA,NA,NA,NA,NA,NA,NA,NA,NA,NA,NA,NA,NA,NA,NA,NA,16188377.56,NA,NA,NA,NA,NA,NA,NA,NA,NA,NA
"Feature0027",NA,168586.6032,NA,NA,NA,NA,NA,NA,NA,NA,NA,NA,NA,NA,NA,NA,NA,NA,NA,NA,NA,NA,NA,NA,NA,NA,NA,NA,NA,NA
"Feature0028",NA,NA,12667856.14,NA,9592534.106,13283035.56,NA,NA,NA,NA,NA,NA,10939328.84,NA,NA,NA,NA,13737087.67,NA,NA,23201338.46,NA,31266928.04,NA,NA,NA,16772457.37,NA,NA,8182030.521
"Feature0029",26016750.46,NA,NA,23103084.5,NA,NA,19352008.04,29917547.61,24513422.36,42441496.16,NA,NA,NA,31073281.92,NA,NA,NA,NA,NA,NA,NA,NA,NA,16550356.11,NA,NA,NA,23191693.14,39426271.08,NA
"Feature0030",NA,NA,NA,NA,NA,NA,NA,NA,25663987.65,NA,NA,NA,NA,NA,NA,NA,NA,NA,NA,NA,NA,NA,NA,NA,NA,NA,NA,NA,NA,NA
"Feature0032",NA,NA,539035.1375,NA,NA,NA,NA,NA,NA,NA,NA,NA,NA,NA,NA,NA,NA,NA,NA,NA,NA,NA,NA,NA,NA,NA,NA,NA,NA,NA
"Feature0034",NA,NA,NA,NA,195708.8534,NA,NA,NA,NA,NA,NA,NA,NA,NA,NA,NA,NA,NA,NA,NA,NA,NA,26181849.61,NA,NA,NA,NA,NA,NA,14931292.67
"Feature0035",NA,NA,NA,NA,NA,31576214.1,NA,NA,NA,NA,NA,NA,NA,NA,NA,NA,NA,32669021.12,NA,NA,44750581.43,NA,NA,NA,NA,NA,NA,NA,NA,NA
"Feature0036",NA,NA,NA,NA,NA,NA,NA,NA,NA,NA,NA,NA,NA,NA,NA,NA,NA,NA,NA,NA,NA,588319.7635,NA,NA,NA,NA,NA,NA,NA,NA
"Feature0038",NA,NA,18405553.54,NA,NA,NA,NA,NA,NA,NA,NA,NA,16678469.5,NA,NA,NA,NA,NA,32412452.66,NA,19782442.13,NA,29856541.21,NA,NA,NA,NA,NA,NA,10970689.1
"Feature0039",NA,NA,NA,12041398.05,NA,NA,NA,NA,NA,NA,NA,NA,NA,NA,NA,NA,NA,NA,NA,NA,31944963.25,NA,NA,NA,NA,251157.5021,NA,NA,NA,NA
"Feature0040",64442899.93,NA,12529513.05,NA,11253965.32,4306215.229,NA,10788708.43,NA,53185018.61,NA,NA,12950635.79,14169868.22,NA,NA,NA,NA,72102644.76,62538351.55,NA,13860982.91,65359343.28,23530445.47,NA,NA,NA,62354976.5,53124711.33,6947940.848
"Feature0041",NA,54421513.71,53849529.9,68233982.49,46999898.43,51144092.4,44702205.93,57447149.2,NA,66043936.24,46260685.79,48049063.86,56990479.41,NA,52175261.63,NA,35454993.16,51081038.4,74202769.16,71223054.13,66381072.48,NA,68619153.48,NA,45352607.42,NA,50195628.18,NA,NA,33698933.26
"Feature0042",27207280.78,NA,NA,NA,NA,93174407.47,NA,NA,NA,NA,NA,NA,NA,NA,NA,436627.2155,63322726.71,NA,NA,NA,NA,966719.6287,54208331.58,NA,NA,NA,NA,NA,NA,NA
"Feature0043",5813321.985,NA,NA,NA,NA,NA,NA,5262502.622,5356211.268,5510979.043,NA,NA,NA,NA,NA,NA,NA,NA,NA,NA,NA,5022259.921,NA,NA,NA,6231067.727,NA,NA,4991647.319,NA
"Feature0044",NA,NA,NA,NA,NA,NA,NA,NA,NA,NA,NA,NA,NA,278464.9445,NA,NA,NA,NA,NA,NA,NA,403802.5874,NA,270131.9041,NA,NA,NA,NA,NA,NA
"Feature0046",NA,NA,NA,NA,NA,7167363.988,NA,NA,NA,NA,NA,NA,NA,NA,NA,NA,NA,NA,NA,NA,NA,NA,NA,NA,NA,NA,NA,NA,NA,NA
"Feature0047",NA,NA,NA,NA,NA,NA,NA,NA,NA,NA,NA,NA,2141558.943,NA,NA,NA,NA,NA,NA,NA,NA,NA,NA,NA,NA,NA,NA,NA,NA,NA
"Feature0048",NA,NA,11659267.22,NA,NA,NA,NA,NA,NA,NA,NA,NA,26431012.77,NA,46644110.94,NA,NA,733930.3539,NA,NA,23462098.51,NA,35459094.32,NA,NA,NA,1058617.812,NA,NA,NA
"Feature0049",NA,NA,32892673.56,59113915.79,NA,NA,NA,5959206.546,4578212.151,NA,NA,NA,NA,6401870.434,NA,NA,NA,NA,NA,NA,NA,NA,NA,NA,NA,6612313.093,NA,NA,4629525.842,NA
"Feature0050",NA,NA,NA,NA,NA,NA,NA,NA,NA,NA,NA,57792471.04,NA,NA,82103182.99,NA,NA,NA,NA,NA,NA,NA,NA,NA,58835332.84,NA,NA,NA,NA,NA
"Feature0051",300481.9861,NA,NA,300271.4877,NA,NA,NA,NA,NA,NA,NA,NA,NA,402835.0077,NA,NA,NA,NA,NA,NA,NA,NA,NA,428833.0951,NA,657868.1158,NA,428992.8343,608769.1166,NA
"Feature0052",NA,NA,NA,NA,2922497.028,NA,NA,NA,NA,NA,NA,NA,NA,NA,NA,3328989.907,106805344.1,114181735.9,NA,33424478.49,NA,NA,NA,NA,NA,NA,NA,NA,NA,NA
"Feature0053",NA,NA,NA,13601000.18,NA,NA,NA,NA,NA,NA,NA,NA,4792117.037,NA,NA,NA,NA,NA,NA,NA,NA,NA,NA,NA,NA,NA,NA,NA,NA,NA
"Feature0054",NA,159635173.5,NA,NA,144757617,65520827.84,NA,NA,NA,NA,53960271.32,113803451.6,NA,NA,143101162.3,NA,NA,60173275.81,116148461.8,103458764.3,92056307.41,NA,96887428.54,NA,114100452.2,NA,66803256.27,NA,NA,32636940.52
"Feature0055",NA,NA,NA,NA,NA,NA,NA,NA,NA,NA,NA,NA,852691.1152,NA,NA,NA,NA,NA,NA,NA,NA,NA,NA,NA,NA,NA,NA,NA,NA,NA
"Feature0056",220089.5621,136197081.6,NA,3030037.641,NA,NA,NA,128292444.9,104243744.7,1050454.363,546212.129,98348311.52,135724893.8,124620921.6,115265111.5,NA,NA,NA,NA,NA,NA,62619660.55,NA,124964780.8,97094318.96,137671178.8,NA,886632.3253,803795.8461,NA
"Feature0058",NA,NA,NA,415420.2084,NA,NA,NA,640004.9712,NA,NA,NA,NA,NA,NA,NA,NA,NA,NA,NA,NA,NA,NA,NA,NA,NA,564174.9853,NA,NA,NA,NA
"Feature0059",853178.0155,NA,NA,789549.8827,NA,NA,NA,626902.1591,631707.2874,520349.0212,NA,NA,NA,778940.8996,NA,NA,NA,NA,NA,NA,NA,635019.1275,NA,1117214.606,NA,1155325.011,NA,431811.2418,679292.5256,NA
"Feature0061",70366882.04,63728164.84,67796301.12,84457902.03,48007353.06,12321629.15,NA,56459905.96,43765869.32,28841878.16,9229462.37,47345093.19,62693610.01,79833293.48,53611546.4,NA,NA,10624566.93,42926921.72,33315308.08,33567861.8,37456267.91,NA,169600700.9,19900428.85,75089792.02,11759683.49,59355302.46,43857779.23,5919745.875
"Feature0062",NA,NA,NA,NA,NA,535463.1315,854660.1676,NA,NA,NA,NA,NA,664435.678,NA,NA,NA,NA,NA,NA,NA,1245599.523,NA,NA,NA,NA,NA,NA,NA,NA,NA
"Feature0063",NA,NA,NA,NA,NA,NA,NA,NA,NA,NA,NA,NA,9968342.114,NA,NA,NA,NA,NA,NA,NA,NA,NA,NA,NA,NA,NA,NA,NA,NA,NA
"Feature0064",NA,NA,NA,22467610.74,NA,NA,NA,1148067.723,NA,NA,NA,NA,NA,NA,NA,1126109.144,178596427.6,NA,NA,428919500.4,NA,NA,347217935.9,NA,NA,824265.9964,194988255.8,254798709.2,NA,73124935.79
"Feature0065",NA,NA,NA,NA,NA,NA,NA,NA,NA,NA,NA,NA,NA,NA,NA,NA,NA,NA,NA,222378217.5,NA,NA,NA,NA,NA,NA,NA,NA,NA,NA
"Feature0066",NA,277171109.9,NA,NA,NA,NA,NA,NA,NA,NA,467586.4549,293268317.5,NA,NA,323409644.1,NA,NA,NA,NA,NA,NA,NA,NA,NA,198124683.1,NA,NA,NA,NA,NA
"Feature0067",171740426.9,NA,21972806.28,151045227.9,36283520.12,65325897.61,40110258.85,38033338.87,28868042.73,106817361.9,NA,NA,42505130.1,37265418.04,35205661.26,NA,NA,31676392.06,116234789.8,135088259.3,105108501.4,21780264.34,89703550.27,123863983.5,NA,39815287.8,56985909.19,167308235.5,141011783.4,25872390.63
"Feature0068",NA,NA,NA,NA,NA,NA,NA,NA,NA,NA,NA,10377606.78,NA,NA,NA,NA,NA,NA,NA,NA,NA,NA,NA,NA,180925833.3,NA,NA,NA,NA,NA
"Feature0069",NA,459446958.5,NA,2912989.19,NA,NA,NA,NA,NA,2671163.09,NA,221329318.8,NA,392774398.2,NA,NA,NA,NA,NA,NA,NA,NA,NA,NA,NA,509043461.3,NA,1779523.396,1641271.986,NA
"Feature0070",351328576.5,NA,126198934,475786235.4,175017987.7,203124460.6,87731799.97,184085955.5,128139097.9,396695055.3,NA,115617926.5,211180689.6,197278494.8,157970271.3,NA,101021812.4,181315734.7,395283191.8,336517418.8,289693252.5,79433830.01,370352351.3,127730161,98777042.26,189153819.6,236429224,380796748.1,430824712.8,92554224.94
"Feature0071",200471684.9,NA,46703621.26,364960193.3,NA,NA,NA,NA,64719529.49,2032443.996,NA,NA,82976590.09,78590789.66,NA,NA,NA,NA,NA,NA,NA,NA,8218289.056,521546743,NA,82048153.56,322074.1121,NA,2870126.275,99677.45002
"Feature0072",321437740.4,652451998.9,424473748.2,277440878.6,NA,NA,NA,575666767.9,406906616.6,107654916.6,53762649.38,366592326.9,607959524.4,622220427.8,476522040.6,NA,NA,71651938.03,145215673.7,NA,NA,218959397.5,NA,410162023.7,322430096.7,606869810.8,77536148.83,276949661.7,124681413.1,31351152.06
"Feature0073",771757.3542,NA,NA,707798.448,NA,NA,NA,856164.4457,715639.068,615397.6423,NA,NA,NA,1043666.656,NA,NA,NA,NA,NA,NA,NA,617996.4983,NA,705688.6491,NA,1412624.232,NA,654600.6855,741968.379,NA
"Feature0074",1362936.39,NA,NA,2887744.695,NA,NA,NA,1055582.034,1590226.834,1133066.42,NA,NA,NA,3374324.231,NA,NA,NA,NA,NA,NA,NA,1237664.914,NA,2485940.717,NA,7016480.92,NA,1345090.925,1079198.978,NA
"Feature0075",NA,184785133.9,NA,NA,NA,NA,NA,NA,NA,NA,2559990.192,120185996.6,NA,NA,141254980.5,NA,NA,NA,NA,NA,NA,NA,NA,NA,114233299.6,NA,NA,NA,NA,NA
"Feature0076",NA,40748572.93,NA,3943075.507,NA,NA,NA,NA,NA,NA,2545504.715,51503197.21,NA,NA,53023615.86,NA,NA,NA,NA,NA,NA,NA,NA,NA,NA,38705804.05,NA,3547294.169,NA,NA
"Feature0077",NA,46115130.99,NA,NA,NA,NA,NA,NA,NA,NA,NA,NA,NA,NA,35624312.29,NA,NA,NA,NA,NA,NA,NA,NA,NA,NA,NA,NA,NA,NA,NA
"Feature0078",NA,NA,NA,939516.5258,NA,NA,NA,NA,NA,NA,NA,NA,NA,31247905.83,NA,NA,NA,NA,NA,NA,NA,NA,NA,9587221.738,NA,NA,NA,974331.7091,335510.2551,NA
"Feature0079",NA,NA,NA,458115.2704,NA,NA,NA,NA,19782860.25,NA,NA,NA,NA,NA,NA,NA,NA,NA,NA,NA,NA,NA,NA,NA,NA,29519465.52,NA,NA,NA,NA
"Feature0080",92693873.19,93998907.08,71968243.67,108188031.5,77336422.28,68050363.56,50976384.67,89172405.11,63801926.54,108988580.9,54021480.62,61436552.85,84980636.21,86084366.81,76539105.1,NA,40377383.87,63926020.38,115648461.6,102948000.5,98074036.22,46091069.82,93296947.83,88009952.4,58659660.04,91559026.32,69662222.92,102211110.6,100473794.4,37712057.29
"Feature0081",NA,NA,NA,NA,NA,NA,NA,NA,NA,NA,921558.1724,NA,NA,NA,NA,NA,NA,NA,NA,NA,NA,NA,NA,NA,NA,NA,NA,NA,NA,NA
"Feature0082",NA,NA,NA,NA,NA,NA,NA,NA,NA,NA,19921030.34,NA,NA,NA,72967174.03,NA,NA,NA,NA,NA,NA,NA,NA,NA,NA,NA,NA,NA,NA,NA
"Feature0083",161977776.7,887371543.5,277381689.3,370997544.3,739390499.3,154607638.1,358380595.3,842117920.3,671687482,214446082.2,115701857.8,577981590.1,837118919.8,815153448.7,780619131.3,868757169,94437153.54,119071498,227737129.8,311437828.1,114082077.8,461017375.4,155137350.6,165909508.7,585914509.4,882856962.7,164827597.2,211678334.1,158680662.1,72510954.4
"Feature0084",NA,NA,NA,NA,NA,NA,NA,NA,NA,NA,NA,NA,NA,NA,NA,NA,NA,NA,NA,NA,14256238.3,NA,NA,NA,NA,NA,NA,NA,NA,NA
"Feature0085",NA,NA,NA,NA,NA,NA,NA,NA,NA,NA,NA,NA,NA,NA,NA,NA,NA,NA,NA,NA,NA,NA,NA,NA,NA,110573880.2,107646272.2,97844066.32,NA,NA
"Feature0086",NA,57985326.69,NA,NA,NA,NA,NA,NA,NA,NA,NA,37122837.96,NA,NA,48345471.72,NA,NA,NA,NA,NA,NA,NA,NA,NA,33404756.05,NA,NA,NA,NA,NA
"Feature0088",NA,NA,NA,NA,NA,5363114.697,NA,NA,NA,NA,NA,NA,3702176.211,NA,NA,NA,NA,NA,NA,NA,NA,NA,4061469.13,NA,NA,NA,NA,NA,NA,NA
"Feature0089",NA,NA,NA,NA,NA,NA,NA,110989713.5,96655830.79,NA,NA,67079028.96,NA,NA,93209775.79,NA,NA,NA,NA,NA,NA,NA,NA,NA,98110712.31,132222549.4,NA,NA,NA,NA
"Feature0090",NA,91472249.34,79605210.16,NA,86930432.51,47162862.49,49669312.66,NA,NA,NA,29968322.04,60442350.44,93883871.19,NA,80293091.57,NA,NA,34788796.54,111365170.9,101226116.1,85724553.06,NA,94891127.87,NA,55334985.08,NA,52410477.28,NA,NA,24048264.37
"Feature0092",NA,NA,NA,NA,4771707.823,147362835.5,NA,NA,NA,NA,NA,NA,NA,NA,NA,4582213.136,89061977.94,105149672.6,173109925.9,178613643.4,164320708.3,NA,135128540.6,NA,NA,NA,130035658.1,NA,NA,116028449.6
"Feature0093",NA,NA,NA,NA,NA,706077.7121,NA,NA,NA,NA,NA,NA,540646.0523,NA,NA,NA,NA,NA,NA,NA,3374806.562,NA,9571503.056,NA,NA,NA,NA,NA,NA,NA
"Feature0094",NA,NA,NA,NA,NA,65295638.77,599013.4583,NA,NA,NA,NA,NA,NA,NA,NA,508773.3148,43921008.84,NA,NA,NA,3757693.735,NA,6865119.045,NA,NA,NA,NA,NA,NA,NA
"Feature0095",NA,NA,NA,NA,NA,NA,NA,NA,NA,NA,NA,NA,NA,NA,NA,NA,NA,NA,NA,NA,NA,NA,NA,NA,NA,2537216.379,457130433.1,467791513,NA,NA
"Feature0097",NA,NA,NA,NA,NA,12403666.62,NA,NA,NA,NA,NA,NA,NA,NA,NA,NA,NA,5807987.37,54190843.76,NA,NA,NA,NA,NA,NA,NA,NA,NA,NA,NA
"Feature0099",NA,314632.4404,NA,NA,NA,NA,NA,NA,NA,NA,NA,NA,NA,NA,NA,NA,NA,NA,NA,NA,NA,NA,NA,NA,NA,NA,NA,NA,NA,NA
"Feature0100",NA,NA,NA,NA,NA,NA,NA,NA,NA,NA,NA,NA,1334991.087,NA,NA,NA,NA,NA,NA,NA,NA,NA,NA,NA,NA,NA,NA,NA,NA,NA
"Feature0101",NA,NA,NA,NA,NA,NA,NA,NA,NA,NA,NA,NA,NA,NA,NA,NA,51403571.81,NA,NA,NA,NA,NA,NA,NA,NA,NA,NA,NA,NA,NA
"Feature0102",NA,161048607.5,NA,NA,NA,NA,NA,NA,NA,NA,1723222.064,65100572.78,NA,NA,76655662.05,NA,NA,NA,NA,NA,NA,NA,NA,NA,61476830.9,NA,NA,NA,NA,NA
"Feature0103",NA,NA,NA,NA,653519.9344,705639394.1,925674.7298,NA,NA,NA,NA,NA,NA,NA,NA,625628.3388,204982355.1,363227696.1,269508008.9,170494704.9,368485398.7,NA,NA,NA,NA,NA,NA,NA,NA,NA
"Feature0104",NA,NA,NA,NA,NA,NA,NA,NA,NA,NA,369853.1397,61029879.35,NA,NA,71111535.02,NA,NA,NA,NA,NA,NA,NA,NA,NA,58605389.68,NA,NA,NA,NA,NA
"Feature0106",NA,NA,NA,NA,NA,NA,NA,NA,NA,NA,NA,NA,NA,NA,NA,NA,NA,NA,NA,NA,NA,NA,NA,NA,NA,10835502.44,NA,NA,NA,NA
"Feature0107",NA,NA,NA,NA,NA,NA,NA,NA,NA,NA,NA,NA,3612243.877,NA,NA,NA,NA,NA,NA,NA,NA,NA,NA,NA,NA,NA,NA,NA,NA,NA
"Feature0108",NA,NA,NA,NA,NA,NA,NA,NA,305250811.3,NA,1233599.249,NA,NA,NA,280820021.5,NA,NA,NA,NA,NA,NA,NA,NA,NA,NA,NA,NA,NA,NA,NA
"Feature0109",NA,NA,NA,NA,NA,NA,NA,513802923.3,39159952.26,NA,NA,NA,NA,NA,NA,NA,NA,NA,NA,NA,NA,NA,NA,NA,13273620.33,NA,NA,NA,NA,NA
"Feature0110",132210361.6,133929544.8,105601915.6,170715178.9,100299326.7,94901758.22,73493609.77,119800097.2,89645687.24,139640903.9,72762668.38,82500486.54,122254167.8,118446762.5,99682009.8,113561894,57122162.64,80777949.91,152465056.1,140297637.4,122864993.5,65973169.52,142249858.2,117666119.6,77306092.45,127096802.4,97374644.38,164116057,151761097.8,54757575.33
"Feature0111",NA,NA,NA,NA,NA,NA,NA,128348.4468,NA,NA,NA,NA,NA,NA,NA,NA,NA,NA,NA,NA,NA,NA,NA,NA,NA,NA,NA,NA,NA,NA
"Feature0112",NA,NA,NA,1663080.457,NA,NA,NA,NA,428978.581,1308247.919,NA,NA,NA,NA,NA,NA,NA,NA,NA,NA,NA,NA,NA,NA,NA,197681.0313,NA,2063500.329,1793733.78,NA
"Feature0113",NA,NA,NA,NA,NA,NA,NA,NA,NA,NA,NA,NA,NA,NA,NA,NA,NA,NA,NA,NA,NA,NA,1591202.363,NA,NA,NA,NA,NA,NA,NA
"Feature0114",NA,NA,NA,NA,NA,NA,NA,NA,NA,NA,NA,NA,NA,2099905.463,NA,NA,NA,NA,NA,NA,NA,NA,NA,NA,NA,NA,NA,NA,NA,NA
"Feature0115",NA,NA,NA,NA,818538.3541,NA,NA,NA,NA,NA,NA,NA,NA,NA,NA,NA,NA,8341677.502,NA,NA,NA,NA,NA,NA,NA,NA,NA,NA,NA,NA
"Feature0116",NA,NA,NA,NA,NA,NA,NA,NA,NA,NA,NA,23027487.62,NA,NA,NA,NA,NA,NA,NA,NA,NA,NA,NA,NA,NA,NA,NA,NA,NA,NA
"Feature0119",NA,NA,31666495.27,NA,35112915.56,16824729.68,NA,NA,NA,NA,NA,NA,27965892.24,NA,NA,NA,NA,14112151.63,39717120.21,NA,14560878.14,NA,26556374.61,NA,NA,NA,22301819.01,NA,NA,11871176.84
"Feature0120",NA,328123348.4,NA,NA,NA,NA,NA,NA,NA,NA,838590.8259,202703013.7,NA,NA,255608768.1,NA,NA,NA,NA,NA,NA,NA,NA,NA,210389926.3,NA,NA,NA,NA,NA
"Feature0122",NA,NA,148830.1024,NA,NA,15434487.94,NA,NA,NA,NA,NA,NA,207580.1154,NA,NA,NA,NA,NA,NA,NA,18836485.07,NA,NA,NA,NA,NA,NA,NA,NA,NA
"Feature0123",100439.802,NA,NA,1282655.681,NA,NA,NA,5612445.83,4359751.725,NA,NA,NA,NA,5620365.917,NA,NA,NA,NA,NA,NA,NA,3586423.266,NA,14562656.61,NA,NA,NA,NA,110183.5388,NA
"Feature0124",NA,NA,NA,NA,NA,NA,NA,NA,NA,NA,NA,NA,156217.0813,NA,NA,NA,NA,NA,NA,NA,NA,NA,189804.1587,NA,NA,NA,NA,NA,NA,NA
"Feature0125",NA,NA,24919240.24,NA,NA,NA,NA,NA,NA,NA,NA,NA,24406402.4,28635898.11,NA,24620903.15,22460779.34,36715688.77,55385210.07,59715113.5,44092924.6,NA,NA,NA,NA,NA,36478629.44,NA,NA,19251717.91
"Feature0126",52436562.71,121762140.4,89911548.27,47659608.46,NA,NA,NA,107763848.9,87336397.83,30664785.47,3127959.05,77743446.76,NA,119809849.6,106480294.5,NA,NA,NA,NA,NA,NA,62469425.56,NA,58090646.37,70510141.67,119437878.8,5554649.708,58724779.15,29605985.4,2783501.827
"Feature0128",NA,NA,3855660.084,NA,NA,NA,NA,NA,NA,NA,NA,NA,4185479.432,NA,NA,NA,NA,NA,NA,NA,NA,NA,NA,NA,NA,NA,NA,NA,NA,NA
"Feature0129",NA,NA,NA,NA,NA,NA,NA,NA,NA,NA,NA,NA,NA,NA,NA,NA,NA,NA,NA,NA,13316047.98,NA,NA,NA,NA,NA,NA,NA,NA,NA
"Feature0130",NA,NA,NA,83590051.72,NA,NA,NA,115595436.5,84213113.32,NA,NA,NA,NA,NA,NA,NA,NA,NA,NA,NA,NA,NA,NA,NA,75907339.33,124411591.2,NA,NA,NA,NA
"Feature0131",24223119.82,71318406.21,49455155.14,NA,NA,NA,NA,NA,NA,18955246.32,6633720.702,NA,NA,71301775.11,59011538.85,NA,NA,NA,NA,NA,NA,NA,NA,NA,NA,NA,NA,25760131.04,15184095.27,NA
"Feature0133",NA,NA,NA,NA,1415005.852,NA,1557655.778,NA,NA,NA,NA,NA,NA,NA,NA,NA,NA,4863126.54,24473409.26,NA,13297052.1,NA,NA,NA,NA,NA,NA,NA,NA,NA
"Feature0135",NA,NA,NA,NA,NA,NA,NA,303431431.3,NA,NA,NA,NA,NA,NA,NA,NA,NA,NA,NA,NA,NA,NA,NA,NA,NA,NA,NA,NA,NA,NA
"Feature0136",NA,352889756,NA,NA,NA,NA,NA,NA,NA,NA,9991441.31,308575956.6,NA,NA,306549421.1,NA,NA,NA,NA,NA,NA,NA,NA,NA,254922905.6,NA,NA,NA,NA,NA
"Feature0137",NA,NA,NA,NA,NA,NA,NA,NA,NA,NA,NA,NA,NA,NA,NA,NA,NA,13158366.47,NA,NA,NA,NA,NA,NA,NA,NA,NA,NA,NA,NA
"Feature0138",NA,NA,NA,NA,NA,NA,193497.2116,NA,NA,NA,NA,NA,NA,NA,NA,NA,NA,NA,NA,NA,NA,NA,NA,NA,NA,NA,NA,NA,NA,NA
"Feature0139",NA,NA,NA,NA,NA,NA,NA,NA,NA,NA,NA,NA,NA,NA,NA,NA,NA,NA,NA,NA,NA,NA,NA,NA,NA,427390.266,NA,NA,NA,NA
"Feature0140",NA,NA,NA,12755876.89,NA,NA,NA,16298146.45,16004888.86,44011883.25,NA,NA,NA,22119126.98,NA,NA,NA,NA,NA,NA,NA,NA,NA,NA,NA,23617813.01,NA,NA,NA,NA
"Feature0141",NA,125687655.4,NA,28358977.56,NA,NA,NA,121363758.6,84717568.42,NA,19419696.72,51648541.27,128087766.4,122091001.4,92620047.82,NA,NA,NA,NA,NA,NA,NA,NA,NA,70514927.91,NA,NA,NA,NA,NA
"Feature0142",NA,NA,NA,NA,NA,NA,NA,NA,NA,NA,NA,NA,718710.8884,NA,NA,NA,NA,NA,NA,NA,NA,NA,NA,NA,NA,NA,NA,NA,NA,NA
"Feature0144",660023.551,NA,NA,578371.7733,NA,NA,NA,635247.6319,708345.5737,584279.8176,NA,NA,NA,NA,NA,NA,NA,NA,NA,NA,NA,627400.9751,NA,NA,NA,NA,NA,NA,583804.8544,NA
"Feature0145",NA,NA,NA,NA,NA,NA,NA,NA,416624527.9,NA,NA,NA,NA,NA,NA,NA,NA,NA,NA,NA,NA,NA,NA,NA,NA,NA,NA,NA,NA,NA
"Feature0146",NA,NA,NA,NA,NA,NA,NA,NA,NA,NA,NA,NA,NA,4586382.004,NA,NA,NA,NA,NA,NA,NA,NA,NA,NA,NA,NA,NA,NA,NA,NA
"Feature0147",NA,NA,NA,NA,NA,NA,NA,NA,NA,NA,NA,74379486.72,NA,NA,93095081.74,NA,NA,NA,NA,NA,NA,NA,NA,NA,68628529.58,NA,NA,NA,NA,NA
"Feature0148",121713.1796,NA,NA,124957.2261,NA,NA,NA,697202.2787,126054.3766,280907.3544,NA,NA,NA,157188.6064,NA,NA,NA,NA,NA,NA,NA,113782.1982,NA,NA,NA,142417.6787,NA,NA,497171.6936,NA
"Feature0149",509075476.2,258868634,213629041.1,670420343.9,220187608.2,374294569.6,134449258.6,239525683.9,186684880.6,547491171,NA,166703302.8,269504389.4,250282834.3,210230770.2,254755510.1,213882470.4,336606327.1,588321192.1,524140913.2,484156341.9,126956311.5,548849826.2,228610198.7,150851726.6,NA,NA,620946767.9,595818196.9,205146218.7
"Feature0150",7404704.654,NA,NA,8294217.467,NA,NA,NA,267972.3082,643373.7155,7901663.819,NA,NA,NA,464358.7771,NA,NA,NA,NA,NA,NA,NA,446724.5412,NA,791808.1846,NA,917652.7082,NA,9727720.65,7974346.673,NA
"Feature0151",NA,109786735.3,NA,NA,NA,NA,NA,NA,NA,NA,10732021.82,57377146.45,NA,NA,79597725.23,NA,NA,NA,NA,NA,NA,NA,NA,NA,NA,NA,NA,NA,NA,NA
"Feature0152",NA,NA,9588993.314,NA,32137970.13,59173382.06,8649663.141,NA,NA,NA,NA,NA,37264598.53,NA,NA,NA,41480220.22,55663716.49,113015220.5,129301386,64634869.01,16931224.12,93849998.27,NA,NA,NA,73015697.69,NA,NA,34566918.3
"Feature0153",NA,NA,35832162.51,NA,79644179.42,36897156.4,NA,NA,67028274.96,NA,32144369.67,56357768.03,99733298.97,NA,80627423.03,NA,NA,37620802.84,85037581.83,92757801.6,44308593.29,41373258.04,71380164.19,NA,57543630.05,90251010.45,45797435.05,NA,NA,20373870.25
"Feature0155",NA,NA,NA,NA,NA,NA,NA,NA,NA,NA,NA,NA,198216.0301,NA,NA,NA,NA,NA,NA,NA,NA,NA,2495285.634,NA,NA,NA,NA,NA,NA,NA
"Feature0157",NA,132902730.9,NA,NA,NA,NA,NA,NA,NA,NA,1292683.015,139071144.7,NA,NA,143456330.8,NA,NA,NA,NA,NA,NA,NA,NA,NA,113085073.3,NA,NA,NA,NA,NA
"Feature0158",NA,NA,NA,NA,NA,NA,NA,NA,NA,NA,NA,NA,NA,NA,NA,NA,NA,NA,NA,NA,NA,NA,NA,NA,NA,1248329.883,NA,NA,NA,NA
"Feature0159",NA,NA,NA,NA,NA,13750898.54,NA,NA,NA,NA,NA,NA,NA,NA,NA,NA,NA,NA,NA,NA,NA,NA,NA,NA,NA,NA,NA,NA,NA,NA
"Feature0160",NA,NA,NA,81727651.08,NA,NA,NA,NA,NA,NA,NA,NA,NA,NA,NA,NA,NA,NA,NA,NA,NA,NA,NA,NA,NA,NA,NA,NA,NA,NA
"Feature0162",NA,NA,NA,NA,NA,NA,NA,NA,NA,NA,NA,NA,NA,NA,NA,NA,NA,NA,NA,NA,63689595.71,NA,NA,NA,NA,NA,NA,NA,NA,NA
"Feature0165",NA,NA,NA,NA,NA,NA,NA,NA,NA,NA,NA,NA,NA,NA,NA,NA,NA,NA,NA,NA,NA,NA,NA,NA,NA,217954.5375,56040928.74,59561341.64,NA,NA
"Feature0166",NA,NA,NA,NA,NA,NA,NA,NA,NA,NA,NA,NA,NA,NA,NA,NA,NA,NA,58164198.05,NA,NA,NA,NA,49775912.03,NA,NA,NA,NA,NA,59305618.7
"Feature0167",NA,NA,57382183.37,215879147.1,147410364.7,NA,NA,177501458.4,NA,136163740.7,77466068.72,99118189.11,221283155.3,183404885.7,152678179.1,NA,NA,75634828,158334656.6,155708100.2,NA,74328345.81,NA,NA,113783090.3,181705137.6,NA,NA,NA,49411165.32
"Feature0168",268614448.7,464253887.1,NA,13899640.99,20414366.35,202781399,132906189,426277157.9,317973067.9,336546838.3,168721746.4,253570188,452478545,431333520.1,346957917.8,442683759.9,135140729,183515470.3,386303638.8,408747697.9,212019685,204596411.8,304787569.2,127871687.1,251271094.2,NA,NA,NA,301453634.1,116427989.5
"Feature0169",NA,110070308.5,NA,NA,NA,NA,NA,NA,NA,NA,57248806.27,67615674.63,NA,NA,77178311.84,90290374.47,NA,67537151,NA,NA,57889492.72,NA,NA,NA,69600012.98,NA,66438456.76,NA,NA,NA
"Feature0170",NA,NA,NA,NA,NA,NA,NA,55270916.97,NA,NA,NA,NA,NA,NA,NA,NA,NA,NA,NA,NA,60864703.54,27982935.99,NA,NA,NA,NA,NA,NA,NA,NA
"Feature0171",NA,NA,5768611.372,NA,4614334.278,NA,NA,NA,NA,NA,NA,NA,6267049.252,NA,NA,6051007.488,83445333.29,90506256.75,393217677.3,308240709.6,NA,NA,266100001,53580492.24,NA,NA,95767672.8,NA,NA,54855752.15
"Feature0172",8998963.511,592790232.4,NA,16286909.66,NA,NA,NA,561569636.6,438151443,9975777.451,6988032.934,367647700.8,NA,592546987.2,496600651.4,NA,NA,NA,NA,NA,NA,222407873.3,NA,326166367.2,381613391.2,623522595.6,NA,10394869.14,9599057.142,NA
"Feature0173",828622718.3,1303395225,500167553.9,750070694.9,1116037422,570355682.4,399922491.7,1301795508,995582581.6,1060773602,509156743.3,750353798.2,1400697026,1275793451,1062404410,1321929494,409211609.9,541109446.7,1183073776,1300171351,703360674.7,550932099.5,933809489.7,458654708.8,760222116.8,1262061925,726156497,1141644596,885123700.1,330924414
"Feature0174",NA,NA,14554183.01,NA,45634848.85,44231290.35,NA,NA,NA,NA,NA,26754592.09,38393373.9,NA,43023706.88,NA,NA,41207650.44,72460724.35,72920627.43,49942320.98,NA,59949380.25,NA,27308194.15,NA,47131410.89,NA,NA,28230006.58
"Feature0175",NA,NA,27793842.28,NA,32532257.99,1100351875,80831013.26,NA,NA,NA,NA,NA,32290811.48,NA,NA,34148301.47,708168818.4,735442259.7,892434568.4,803236312.9,1017050933,NA,808464644.6,NA,NA,NA,1113562869,NA,NA,659172700.8
"Feature0176",NA,NA,NA,NA,NA,NA,NA,NA,NA,NA,NA,NA,NA,NA,NA,NA,NA,NA,NA,NA,16086127.86,NA,NA,NA,NA,NA,NA,NA,NA,NA
"Feature0177",NA,NA,NA,161345478.2,NA,340022240.9,9893962.064,NA,NA,NA,NA,NA,NA,NA,NA,NA,204139041.4,NA,NA,NA,91878708.01,16753532.85,NA,NA,NA,NA,236690925,NA,NA,NA
"Feature0178",851441432.8,686110426.1,522251030.8,254386894.9,600291571.1,656229460.1,550155871.4,781644223.1,583161556.1,NA,508079987.3,681704934.7,NA,785046335,648172855.4,855622206.1,525593788.7,629795916.8,663324828.4,561154309.1,566928853.6,579030297.2,627176357.3,1633869711,792327276.9,NA,717242605.2,527719280.5,1048468978,415067803.4
"Feature0180",NA,NA,NA,NA,NA,NA,NA,NA,NA,NA,NA,NA,NA,NA,NA,NA,NA,15844379.21,NA,NA,NA,NA,NA,NA,NA,NA,NA,NA,NA,NA
"Feature0181",NA,NA,1164666.613,NA,NA,NA,1073713.36,NA,NA,NA,NA,NA,NA,NA,NA,3209623.646,NA,NA,30850986.46,NA,24169268.58,1257141.626,NA,NA,NA,NA,NA,NA,NA,19376578.83
"Feature0182",NA,NA,NA,NA,89733916.39,NA,35014066.46,NA,NA,NA,NA,71294392.74,NA,NA,98340047.59,NA,62050072.37,NA,NA,NA,93401722.05,NA,115487845.7,NA,78476507.42,NA,NA,116932069.8,NA,64968350.91
"Feature0183",1495452727,946159800.4,741639195.6,1192828138,1052008541,682564876.8,459567233.9,1076220421,910882332.4,1007693569,649409439.2,654308690.5,980471459.4,1025590662,952435254,972264407.9,409019411.2,513142847.6,983492252.4,879289500.8,859838218.3,758446360.8,823232607.4,1393343401,808132568.2,1007796430,734242096.4,1659604405,819751033.9,474504648.4
"Feature0184",NA,NA,NA,NA,NA,NA,NA,NA,26472526.56,NA,NA,NA,NA,23961439.17,NA,NA,NA,NA,NA,NA,NA,NA,NA,NA,NA,26326042.66,NA,NA,NA,NA
"Feature0185",NA,NA,NA,NA,NA,NA,NA,NA,NA,NA,NA,NA,NA,NA,NA,NA,NA,NA,NA,NA,NA,NA,NA,NA,NA,1066760.749,NA,NA,NA,NA
"Feature0186",NA,32672883.55,36289440.93,25617651.92,NA,NA,NA,30844381.82,33931855.38,9899335.666,3968255.749,32278454.01,NA,42653024.58,37740134.19,NA,NA,NA,NA,NA,NA,NA,NA,48778630.21,31767077.64,35352651.28,NA,11114495.8,7811938.153,NA
"Feature0187",472147682.7,752447783.3,228989660.4,542004761.2,597908343.9,409910409.7,218760288.6,709337869.4,527338603.9,752383529.8,349011075.5,434782920.8,750300892.9,720767944.5,600483101.5,688189052.6,262246071.7,362781703.9,710017217.3,874254630.3,410910580,284035666.3,612483206.6,302039625.7,421810923.8,NA,NA,NA,596685730.3,223038928
"Feature0188",NA,NA,NA,NA,NA,NA,NA,NA,NA,NA,NA,NA,1495810.174,NA,NA,NA,NA,NA,NA,NA,NA,NA,NA,NA,NA,NA,NA,NA,NA,NA
"Feature0189",NA,NA,NA,NA,NA,NA,NA,NA,NA,NA,NA,32866038.52,NA,NA,79365815.84,NA,NA,NA,NA,NA,NA,NA,NA,NA,NA,NA,NA,NA,NA,NA
"Feature0190",NA,NA,NA,NA,NA,NA,NA,NA,NA,NA,1839980.651,123011499.7,NA,NA,108319191.6,NA,NA,NA,NA,NA,NA,NA,NA,NA,107614492.4,NA,NA,NA,NA,NA
"Feature0191",NA,NA,2299304.556,NA,NA,NA,NA,NA,NA,NA,NA,NA,NA,NA,NA,NA,NA,NA,NA,NA,NA,NA,NA,NA,NA,NA,NA,NA,NA,NA
"Feature0192",NA,NA,NA,NA,4016806.016,NA,NA,NA,NA,NA,NA,NA,NA,NA,NA,NA,NA,NA,NA,24301690.84,NA,NA,NA,NA,NA,NA,NA,NA,NA,10378905.13
"Feature0193",NA,NA,NA,NA,NA,NA,NA,NA,NA,NA,NA,NA,NA,NA,NA,NA,NA,NA,NA,NA,NA,NA,NA,NA,NA,157091.7764,NA,NA,NA,NA
"Feature0194",NA,NA,NA,NA,NA,NA,NA,NA,NA,NA,234538.0426,49746736.63,NA,NA,49871183.79,NA,NA,NA,NA,NA,NA,NA,NA,NA,43739857,NA,NA,NA,NA,NA
"Feature0195",NA,181299352,NA,253297.2581,NA,NA,NA,171722222.4,132187778.2,90242.39785,92576.43003,129518365.3,NA,189996908.6,162988548.7,NA,NA,NA,NA,NA,NA,NA,NA,140314854.8,104497426,177369285.2,NA,NA,103387.669,NA
"Feature0196",NA,NA,NA,NA,NA,NA,NA,NA,NA,NA,NA,NA,NA,NA,NA,NA,NA,NA,NA,6507288.827,NA,NA,NA,NA,NA,NA,NA,NA,NA,NA
"Feature0197",NA,NA,NA,9160112.678,NA,NA,NA,NA,NA,NA,NA,NA,NA,NA,NA,NA,NA,NA,NA,NA,NA,NA,NA,NA,NA,NA,NA,NA,NA,NA
"Feature0198",NA,NA,NA,NA,NA,NA,NA,NA,3161601.883,NA,NA,NA,NA,NA,NA,NA,NA,NA,NA,NA,8336621.232,3151350.303,NA,NA,NA,4023856.673,NA,NA,NA,NA
"Feature0199",NA,96281737.3,NA,NA,NA,NA,NA,NA,NA,NA,NA,49411123.02,NA,NA,NA,NA,NA,NA,NA,NA,NA,NA,NA,NA,111405158.2,NA,NA,NA,NA,NA
"Feature0200",NA,NA,NA,NA,NA,NA,NA,NA,NA,NA,NA,NA,NA,NA,NA,NA,NA,NA,NA,NA,NA,NA,NA,NA,NA,401812.3768,NA,NA,NA,NA
"Feature0201",NA,NA,NA,10088139.74,NA,NA,NA,NA,30544970.9,NA,NA,21855634.82,NA,43478408.11,NA,NA,NA,NA,43162071.34,NA,21563437.93,21169671.98,NA,NA,NA,NA,NA,NA,NA,NA
"Feature0202",NA,NA,4846998.887,NA,11759851.94,55668062.31,10777724.03,NA,NA,NA,NA,NA,NA,NA,NA,14410600.81,68181967.07,92001346.79,83724950.8,66270146.82,66240040.64,NA,NA,NA,NA,NA,69435490.22,NA,NA,52662883.7
"Feature0204",NA,NA,NA,26694360.65,NA,10901181.42,NA,5927189.476,4580350.948,NA,NA,NA,7264871.236,NA,NA,NA,NA,NA,NA,NA,16571260.01,NA,15239246.87,NA,NA,6771013.576,NA,31766581.9,NA,NA
"Feature0205",NA,NA,NA,NA,22600098.69,65996944.32,19827288.81,NA,NA,NA,NA,NA,NA,NA,NA,47096016.22,38151988.08,41608159.33,55855243.3,71375675.15,57209760.83,NA,49109703.51,NA,NA,NA,61814761.09,NA,NA,36434246.18
"Feature0206",NA,NA,NA,NA,2238036.363,NA,NA,NA,NA,NA,NA,NA,NA,NA,NA,NA,NA,NA,NA,NA,NA,NA,42412664.46,NA,NA,NA,NA,NA,NA,NA
"Feature0207",NA,352850437.6,119188656.8,367354759,NA,214268106.5,109229191.5,319589280.5,NA,NA,NA,NA,NA,NA,NA,358772059.4,NA,216454615.6,NA,545480252.9,NA,NA,NA,NA,210756279.1,NA,NA,NA,NA,130875856.6
"Feature0208",NA,NA,NA,NA,293790104.2,NA,NA,NA,237223288.5,431287662.3,185710015.1,195304890.8,349844651.8,329136773.5,301167376,NA,154898031.5,NA,NA,NA,NA,144384907.2,348443551.4,NA,NA,356391130.7,281059119.4,NA,343459881.1,NA
"Feature0209",304087863.1,NA,NA,NA,NA,NA,NA,NA,NA,NA,NA,NA,NA,NA,NA,NA,NA,NA,505258479.3,NA,287177599.1,NA,NA,NA,NA,NA,NA,NA,NA,NA
"Feature0210",NA,NA,3807224.998,NA,NA,416359448.8,1948360.321,NA,NA,NA,NA,NA,NA,NA,NA,3954783.694,370920487.4,338504820.9,91924399.42,120850071.2,103800428.7,NA,97928983.69,NA,NA,NA,307206973.7,NA,NA,225052015.1
"Feature0211",1048473265,NA,10067919.67,880202170.5,9614166.556,706652214.4,11738223.69,NA,NA,1020301768,NA,NA,11972231.89,9949473.031,NA,10530384.48,564120587.1,740700244.5,1069876339,950068110.1,834976834.5,7237826.416,1057034908,267870592.3,NA,16908310.26,799119709.8,1060727058,1092349791,493279392.6
"Feature0212",1165554707,341090404.6,449053778,1341079602,297011949.2,496010640.4,255461393.7,339178039.2,245436739.1,1178233805,340295766.2,226105637.7,368025826.4,370171031.7,277628727.7,344277542.3,300589391,440366840,1144283862,1135024892,886226712.1,190835002.1,992923607.6,634990502.5,202412552.5,350552869,550768047.8,1351696336,1166783279,267073064.1
"Feature0213",167900163.8,NA,54228051.69,162972120.5,167747608.8,174101170.7,49750917.56,136362580.8,122909220.2,231958162.4,NA,101726957.8,136603754.4,131771648,157444033.2,154631611.5,159298927,166236780.6,311298719.1,256180375.8,179874755.1,79764333.37,208346654,NA,100524847.2,128463524.8,182775347.7,213094556.8,196032690.8,104949702.3
"Feature0214",55254234.28,NA,13227204.2,41244506.13,17250063.98,35776997.53,11028859.06,23025085.66,19090407.45,30314726.29,NA,NA,18322116.6,21218614.49,NA,NA,17733068.37,23990976.2,42035309.86,NA,15985671.36,15833132.48,NA,77859515.82,NA,18968787.95,30670174.23,60608990.77,41515856.92,11646609.28
"Feature0215",177960896.7,165278202.5,193552114.6,192737333.1,173342889.9,196496014.6,198162130,178134840.6,180477171.3,166854449.9,192816106.1,184549623.4,180180987.8,192018590.5,188085059.7,193475079,203080252.9,203639022.1,191150174.9,206661453.8,195672882.6,197954271.1,176026179.7,199892650.9,202935571.9,NA,NA,NA,172215429.8,184548831.6
"Feature0217",NA,32457838.28,NA,NA,NA,NA,NA,NA,NA,NA,NA,NA,NA,NA,NA,NA,NA,NA,NA,NA,NA,NA,NA,NA,NA,NA,NA,NA,NA,NA
"Feature0218",NA,NA,NA,NA,NA,NA,517356.1596,NA,NA,NA,NA,NA,NA,NA,NA,NA,NA,NA,NA,NA,NA,NA,NA,NA,NA,NA,NA,NA,NA,NA
"Feature0219",NA,568951082,NA,NA,NA,NA,NA,NA,NA,NA,8179400.271,426778269.4,NA,NA,464544636.4,NA,NA,NA,NA,NA,NA,NA,NA,NA,390771262.8,NA,NA,NA,NA,NA
"Feature0220",57083584.08,1047745310,1060400325,92488162.98,827505143.3,16835167.07,NA,1026922033,851005945.6,42309355.31,17404264.51,893585998,937988432.4,1016127767,876082190.8,NA,NA,15105579.32,52132407.14,NA,28375853.24,873398052.7,30611694.44,640868311.8,845573745.7,NA,20445625.37,64934491.72,45644304.7,10677435.76
"Feature0221",NA,369169313.2,NA,NA,NA,NA,NA,NA,NA,NA,7085258.98,345483912.8,NA,NA,342830303.3,NA,NA,NA,NA,NA,NA,NA,NA,NA,335244967.2,NA,NA,NA,NA,NA
"Feature0222",NA,NA,NA,NA,NA,NA,NA,NA,NA,NA,NA,NA,21460109.97,NA,NA,NA,NA,NA,NA,NA,NA,NA,NA,NA,NA,NA,NA,NA,NA,NA
"Feature0223",NA,NA,NA,17110593.52,NA,NA,NA,NA,NA,NA,NA,30590317.77,NA,67217249.16,50770611.11,NA,NA,NA,NA,NA,NA,NA,NA,NA,37723803.13,NA,NA,NA,NA,NA
"Feature0224",25426608.06,103085417.1,NA,8756218.764,NA,NA,NA,135092820.5,88824288.63,25564797.49,8176713.433,89223873.49,NA,115436506.2,102097448.1,NA,NA,NA,NA,NA,NA,69335690.89,NA,82375402.13,84852131.06,110278655.6,NA,22066181.24,28546023.84,NA
"Feature0225",NA,NA,NA,NA,NA,NA,NA,NA,NA,NA,1046592.99,NA,NA,NA,NA,NA,NA,NA,NA,NA,NA,NA,NA,NA,NA,NA,NA,NA,NA,NA
"Feature0227",192628479.9,413021226,NA,15857914.62,620710083.6,77872893.02,NA,327203371.7,396669686,81869838.33,85264661.74,571648174.9,410810710.4,391929055.7,449658188.1,635130212.8,39811226.63,40495604.81,112853710.9,NA,80038278.73,434121071.2,74283723.09,748623912.2,372562149.9,287568626.4,95787595.32,98753474.68,61278222.45,47132400.98
"Feature0228",14844732.76,NA,NA,NA,NA,NA,NA,131320001.2,NA,NA,NA,NA,NA,NA,NA,NA,NA,NA,NA,NA,NA,NA,NA,NA,NA,NA,NA,NA,NA,NA
"Feature0229",126925007.1,3120467117,2087044766,121854246.6,2828908270,207799416.6,2384940436,2370962075,2003117314,181861234.6,192189149,2336989901,3001443641,2135966343,1991348122,2948109587,203021406.8,219804806.5,163846809.9,217606199.1,168617275.3,1891772577,169291689.1,2542244584,2520774975,2970215549,212100155,172468363.1,156693153.9,164359320.6
"Feature0230",1071110.005,NA,NA,NA,NA,NA,NA,NA,881768.2792,903348.2063,NA,NA,NA,NA,NA,NA,NA,NA,NA,NA,NA,NA,NA,926524.923,NA,980838.0928,NA,NA,1089142.626,NA
"Feature0231",NA,NA,NA,NA,NA,NA,NA,NA,NA,NA,NA,NA,2235914.622,NA,NA,NA,NA,NA,NA,NA,NA,NA,NA,NA,NA,NA,NA,NA,NA,NA
"Feature0232",NA,NA,NA,NA,NA,NA,NA,NA,NA,NA,3151530.049,79540990.06,NA,NA,85235979.88,NA,NA,NA,NA,NA,NA,NA,NA,NA,70669165.14,NA,NA,NA,NA,NA
"Feature0233",172343404,165245037.6,139358127.2,228372775.6,142742279.5,119979984.4,96232897.06,153001521.2,119280259.3,174600393.8,94477017.26,111301124.2,171215750,154563047,141540634.4,169014001,78306817.93,111029854.2,201856679.4,192710688.7,159754664.5,80155760.06,177115600.7,145457766,92532805.05,146135569.5,131965090.4,210400310.1,196333570.3,70735496.3
"Feature0234",248503789.3,238111565.2,198454312.3,326388528.4,208324126.5,152378294.1,126730519.3,225331058,180461504.7,252686663.7,124687841.3,160326302,234159255,226917943.3,199189840.7,233352783.7,101663584.1,144205830.1,290568944.5,267760429.6,221419572.3,121679412,241385910.2,211762020.9,142797075.8,253746385,182454119.9,298183674.6,273766784.5,88532892.14
"Feature0235",632675863.2,NA,NA,47390987.2,NA,NA,NA,1614432522,1216892323,422523708.7,702391303.3,1137135597,NA,1662975698,1395331159,NA,NA,NA,NA,NA,NA,NA,NA,NA,1100103187,1580277621,NA,574776690.2,472632762.9,NA
"Feature0236",178990212,NA,49612711.72,164274341.4,101042218.7,598227872.5,50614958.07,116733412.1,96215678.13,317884876,NA,NA,113992899.4,117560446.2,NA,113759594.2,246825850,314452046.2,268906141.1,279342039,393549382.5,51389128.08,299320563,662296662.3,72803020.22,114131442.1,535229853.8,285798075.9,419918145.5,287381148.7
"Feature0237",727406948.3,1372835250,1314226416,622484194.2,1278613841,789637211,590163612.9,1282563214,1031769305,959071680.8,684144990.7,1166077759,1376905495,1321977144,1238431112,1339360118,740654561.3,940181476.6,994668117.9,927877755.4,819212886.8,988043723.7,904149566.3,969604191.7,1086376388,1284389227,831353487.9,931545575.9,999651639.7,608358153.5
"Feature0238",NA,NA,NA,NA,NA,NA,NA,NA,NA,NA,NA,NA,NA,NA,NA,NA,NA,NA,NA,NA,NA,NA,NA,NA,NA,NA,254196.4026,NA,NA,NA
"Feature0240",NA,NA,186150.4428,NA,206664.2094,NA,NA,NA,NA,NA,NA,NA,NA,NA,NA,NA,NA,10993851.6,67422181.05,NA,NA,NA,NA,NA,NA,NA,7918826.554,NA,NA,3053723.794
"Feature0241",NA,NA,NA,NA,NA,NA,NA,NA,NA,NA,NA,NA,14011818.15,NA,NA,NA,NA,NA,NA,NA,NA,NA,NA,NA,NA,NA,NA,NA,NA,NA
"Feature0242",NA,NA,NA,NA,NA,NA,NA,NA,NA,NA,NA,NA,NA,NA,NA,NA,NA,NA,NA,NA,NA,NA,NA,NA,52658059.27,51726853.21,100493474.3,104381482.4,NA,NA
"Feature0243",NA,NA,NA,NA,576462.8434,34387020.34,NA,NA,NA,NA,NA,NA,NA,NA,NA,NA,NA,33376613.88,56446127.61,NA,44580181.37,NA,NA,NA,NA,NA,37706831.44,NA,NA,22780237.97
"Feature0245",NA,NA,NA,NA,NA,NA,NA,NA,NA,NA,NA,NA,NA,NA,NA,NA,NA,NA,NA,NA,670735.5269,NA,NA,NA,NA,NA,NA,NA,NA,NA
"Feature0246",9359751.381,247719552.8,NA,14405909.8,NA,NA,NA,243540772.8,222054693.2,8980086.468,5040802.923,208213195.7,NA,249168507.4,225596192.5,NA,NA,NA,NA,NA,NA,212642401.6,NA,66738974.96,215541549.4,230669678.1,NA,9704660.846,8498375.456,NA
"Feature0247",21426151.18,1244371545,NA,16272528.98,NA,NA,NA,1187039196,1063060855,5802462.616,NA,1090137279,NA,1273949797,1152462494,NA,NA,NA,NA,NA,7052075.608,1066795668,NA,370832994.5,1086189277,1288986348,NA,18127075.99,10899361.95,NA
"Feature0248",1383755430,2075727298,1809785013,1536457325,1927352913,544023522.7,1011504438,1978050444,1747326479,583238584.9,624901974.2,1617086205,2017475158,2072961977,1900700950,2130742304,671798124.1,764434795,836659389.6,1192918207,499242135.5,1895300909,629028690.7,2254619646,1605225735,2195350789,565988148.8,1278726560,748078083.2,573833848.2
"Feature0249",NA,131259080.7,NA,NA,NA,NA,NA,NA,NA,NA,1988491.984,115535412.7,NA,NA,107169016.2,NA,NA,NA,NA,NA,NA,NA,NA,NA,106843053.9,NA,NA,NA,NA,NA
"Feature0250",NA,156293279.7,66026233.94,NA,128012171,70676838.27,49652778.43,NA,112169756,NA,61298780.08,90822856.48,168381370,NA,130805297.7,163431410.2,50520833.54,69374658.19,142395117.4,157168458.7,85355424.4,68494668,112799834.6,NA,94099453.83,157789013.7,89244936.8,NA,NA,41080319.3
"Feature0251",NA,NA,NA,NA,NA,2359184.226,232158.3991,NA,NA,NA,NA,NA,NA,NA,NA,NA,NA,NA,NA,NA,521975.3896,NA,622312.4934,NA,NA,NA,NA,NA,NA,NA
"Feature0252",NA,NA,NA,NA,NA,NA,NA,NA,NA,NA,NA,NA,NA,128664.1652,NA,NA,NA,NA,NA,NA,NA,NA,NA,NA,NA,NA,NA,NA,NA,NA
"Feature0253",NA,NA,NA,NA,NA,NA,NA,73669925.57,48249371.78,NA,NA,NA,NA,NA,NA,NA,NA,NA,NA,NA,NA,NA,NA,23413419.09,NA,NA,NA,NA,3636207.972,NA
"Feature0254",NA,NA,NA,NA,NA,NA,NA,NA,NA,NA,NA,NA,NA,NA,NA,NA,NA,NA,NA,NA,NA,NA,NA,NA,NA,5795352.301,NA,NA,NA,NA
"Feature0257",166600112.9,150923932.7,111943817.3,162344709.6,132134939.5,117761163.2,71895741.57,147110542.9,105329193.6,190243076.3,107379557.4,91017786.03,155652037,154032841.5,118836692.8,141741082.6,75162869.39,108129607.8,184046192.1,163477648.2,149046031,67983468.77,188426380.1,136805064.5,78474580.08,NA,NA,NA,191674233.4,75564654.54
"Feature0258",NA,NA,NA,NA,NA,NA,NA,NA,NA,NA,NA,NA,NA,NA,NA,NA,NA,NA,NA,NA,NA,NA,NA,NA,NA,3043092.088,NA,NA,NA,NA
"Feature0259",NA,NA,NA,NA,NA,NA,NA,NA,NA,NA,NA,NA,10510903.4,NA,NA,NA,NA,NA,NA,NA,NA,NA,NA,NA,NA,NA,NA,NA,NA,NA
"Feature0260",748308052.2,254169575.5,73668677.5,732755411.5,174025292.4,604874295.2,69467882.91,166376599.3,194479337.4,811056011.7,546346028.2,121303084.6,256541557.8,155507548.9,157062028.1,189603144.7,466762507.2,578544525.3,841004869.5,819606098.7,622116547.8,242620758.3,785518259.4,853922736.3,44579250.68,NA,NA,NA,777931123,400932431.3
"Feature0261",NA,NA,NA,NA,NA,NA,NA,NA,NA,NA,NA,NA,NA,NA,NA,NA,NA,NA,NA,NA,NA,NA,NA,NA,NA,10250064.9,644678111.2,924355302.4,NA,NA
"Feature0262",NA,263223926.2,NA,NA,NA,NA,NA,NA,NA,15284176.88,2016419.483,156894285.5,NA,NA,258228901.5,NA,NA,NA,NA,NA,NA,NA,NA,NA,217126704.7,NA,NA,NA,NA,NA
"Feature0263",391067.4221,NA,NA,1193856.429,NA,NA,NA,1097404.847,885500.463,305752.4216,NA,NA,NA,1352922.583,NA,NA,NA,NA,NA,NA,NA,596696.9289,NA,236412409.5,NA,1306209.052,NA,793617.5258,224185.4567,NA
"Feature0265",195259159.8,222814322.1,91844065.69,242446062,203186626.1,199712517.3,101756246.7,132784532.7,183323402.8,204072270,163222849.1,152791843.6,213476152.6,157790306.4,210154908.8,245039293.2,143030537.4,180584543.9,225867936.3,212515982.2,153444388,159305109.5,158765245.5,200550907.5,103931803.5,225809316.9,185197413.9,225736686.2,199102534.7,118577020.8
"Feature0266",NA,NA,NA,NA,NA,NA,NA,NA,NA,NA,NA,NA,1814496.932,NA,NA,NA,NA,NA,NA,NA,NA,NA,NA,NA,NA,NA,NA,NA,NA,NA
"Feature0267",NA,109386711,NA,295420.749,NA,NA,NA,103715800.7,80575783.82,229995.3627,NA,73257668.54,NA,104052230.6,91309640.91,NA,NA,NA,NA,NA,NA,NA,NA,NA,69619914.57,NA,NA,NA,1091653.83,NA
"Feature0268",NA,NA,NA,NA,NA,NA,NA,NA,NA,NA,NA,NA,NA,NA,NA,NA,NA,NA,NA,NA,NA,NA,NA,NA,NA,4896490.505,124644405.4,124534982.4,NA,NA
"Feature0269",160931.6201,NA,NA,355674.1648,NA,NA,NA,NA,NA,220087.9108,NA,NA,NA,241589.4377,NA,NA,NA,NA,NA,NA,NA,239801.2325,NA,366725.9097,NA,364668.6023,NA,284195.667,439407.4404,NA
"Feature0270",82838322.2,80740955.55,65428902.77,105180498.5,64283804.63,52322049.74,42754526.35,74494876.41,56618355.1,85933215.21,46860224.95,52437620.81,78700800.24,76171163.69,65559093.41,NA,33382691.78,49911232.69,97410685.57,87000677.47,79398641.8,NA,84050141.07,NA,48564150.37,75889151.78,57918264.97,90170693.07,95166541.8,30498016.52
"Feature0271",178403.9069,NA,NA,NA,NA,NA,NA,NA,181453.5194,NA,NA,NA,NA,179167.9412,NA,NA,NA,NA,NA,NA,NA,195514.1116,NA,183156.5864,NA,NA,NA,186587.5914,178465.7722,NA
"Feature0272",NA,NA,NA,NA,NA,22119504.34,474364.6703,NA,NA,NA,NA,NA,NA,NA,NA,NA,NA,NA,NA,NA,23826371.56,NA,NA,NA,NA,NA,NA,NA,NA,NA
"Feature0273",NA,NA,NA,NA,NA,NA,NA,NA,NA,NA,NA,NA,221768.7158,NA,NA,NA,NA,NA,NA,NA,NA,NA,NA,NA,NA,NA,NA,NA,NA,NA
"Feature0274",20798153.13,NA,191615233.1,66624413.97,NA,NA,NA,215839380.4,168586886.1,NA,NA,163697048,NA,NA,218258317.8,NA,NA,NA,NA,NA,NA,NA,NA,NA,146248557.9,212924042.1,NA,NA,16101406.89,NA
"Feature0275",NA,NA,6126283.899,NA,NA,NA,NA,NA,NA,NA,NA,NA,8330247.345,NA,NA,NA,NA,11967346.85,NA,NA,NA,NA,NA,NA,NA,NA,18354377.86,NA,NA,7725330.901
"Feature0276",NA,NA,NA,NA,NA,NA,NA,NA,NA,NA,NA,52073575.86,NA,NA,81056083.03,NA,NA,NA,NA,NA,NA,NA,NA,NA,NA,NA,NA,NA,NA,NA
"Feature0277",NA,NA,NA,2585443.898,NA,NA,NA,1115949.662,881915.9968,1278070.952,NA,NA,NA,1648112.05,NA,NA,NA,NA,NA,NA,NA,NA,NA,NA,NA,1472904.685,NA,NA,584843.9769,NA
"Feature0278",NA,NA,13768249.44,NA,NA,NA,NA,NA,NA,NA,NA,NA,NA,NA,NA,NA,NA,NA,NA,NA,NA,NA,NA,NA,NA,NA,NA,NA,NA,NA
"Feature0279",NA,NA,NA,NA,67047305.8,33475340.6,NA,NA,NA,NA,NA,NA,NA,NA,NA,NA,NA,NA,NA,NA,39543233.07,NA,NA,NA,NA,NA,42183074.99,NA,NA,NA
"Feature0280",NA,NA,NA,NA,NA,NA,NA,NA,NA,NA,NA,NA,NA,NA,NA,NA,NA,NA,NA,NA,NA,NA,126877063.9,NA,NA,NA,NA,NA,NA,NA
"Feature0281",NA,NA,1436344.897,NA,1674642.821,NA,NA,NA,NA,NA,NA,NA,NA,NA,NA,NA,NA,1746830.243,83367508.07,110299036.7,NA,NA,NA,NA,NA,NA,10498192.69,NA,NA,3023229.42
"Feature0282",NA,NA,NA,NA,710065.1493,NA,NA,NA,NA,NA,NA,NA,NA,NA,NA,NA,27565665.34,50426382.59,88308544.88,NA,NA,NA,NA,NA,NA,NA,NA,NA,NA,NA
"Feature0283",NA,NA,NA,NA,NA,NA,NA,NA,177194.7628,NA,NA,NA,NA,NA,NA,NA,NA,NA,NA,NA,NA,NA,NA,NA,NA,NA,NA,NA,NA,NA
"Feature0284",NA,772122.9754,NA,NA,NA,NA,NA,NA,NA,NA,NA,NA,NA,NA,NA,NA,NA,NA,NA,NA,NA,NA,NA,NA,NA,NA,NA,NA,NA,NA
"Feature0285",1178455.498,71999287.31,NA,2480959.572,NA,NA,NA,66833039.95,48364514.95,575077.2105,NA,54079894.93,NA,69786000.08,58028476.03,NA,NA,NA,NA,NA,NA,NA,NA,40023170.7,42228005.17,69892935.72,NA,861566.7528,461179.0927,NA
"Feature0286",NA,98653706.7,NA,3259903.44,NA,NA,NA,94949375.84,72465966.79,NA,NA,50175703.6,NA,NA,87700228.96,NA,NA,NA,NA,NA,NA,NA,NA,NA,50016068.62,107204522.2,NA,NA,NA,NA
"Feature0287",NA,NA,NA,NA,NA,NA,NA,NA,NA,NA,NA,NA,NA,NA,NA,NA,NA,NA,NA,NA,NA,NA,NA,NA,NA,689369.8166,NA,NA,NA,NA
"Feature0288",NA,NA,NA,11639890.93,NA,NA,NA,NA,NA,NA,NA,NA,NA,28449091.97,NA,NA,NA,NA,NA,NA,NA,NA,NA,NA,NA,NA,NA,NA,NA,NA
"Feature0289",366087.9466,NA,NA,355107.8874,NA,NA,NA,271537.5178,NA,308749.6974,NA,NA,NA,251246.9198,NA,NA,NA,NA,NA,NA,NA,310053.5633,NA,316671.1216,NA,282638.7857,NA,299316.2625,NA,NA
"Feature0290",366439.8242,NA,NA,361720.1596,NA,NA,NA,NA,416977.8192,376233.1574,NA,NA,NA,386108.7166,NA,NA,NA,NA,NA,NA,NA,410330.1873,NA,440165.0634,NA,401543.6914,NA,891350.1291,387716.652,NA
"Feature0291",NA,NA,NA,NA,NA,NA,NA,NA,NA,NA,NA,NA,NA,NA,NA,NA,NA,NA,NA,NA,NA,NA,1594265.323,NA,NA,NA,NA,NA,NA,NA
"Feature0293",NA,NA,111728.9067,NA,113156.7877,NA,NA,NA,NA,NA,NA,NA,123359.9384,NA,NA,123705.5711,56646416.65,47767059.42,937982399.9,473113969,488185815.9,NA,619219002.2,NA,NA,NA,96295998.58,NA,NA,52264883.78
"Feature0294",NA,NA,NA,NA,NA,NA,NA,NA,NA,NA,NA,NA,NA,NA,NA,NA,NA,NA,NA,NA,NA,NA,NA,NA,NA,3067363.37,256963715.3,250069102.1,NA,NA
"Feature0295",307462.1218,NA,NA,549845.6535,NA,NA,NA,448185.6901,648490.3718,386444.8008,NA,NA,NA,394023.4628,NA,NA,NA,NA,NA,NA,NA,321460.3522,NA,310802.6098,NA,580469.5872,NA,504234.4769,409010.0463,NA
"Feature0296",1127198.113,NA,NA,1108472.825,NA,NA,NA,1104883.081,1104861.759,996901.0558,NA,NA,NA,1918765.952,NA,NA,NA,NA,NA,NA,NA,1105873.838,NA,1401969.722,NA,1177721.728,NA,2361801.099,1176931.261,NA
"Feature0297",1305465.157,NA,NA,3647752.842,NA,NA,NA,510880.0197,1639665.966,615883.8026,NA,NA,NA,3862881.055,NA,NA,NA,NA,NA,NA,NA,613854.342,NA,3607445.944,NA,7739186.373,NA,1614604.486,967814.8318,NA
"Feature0298",NA,NA,NA,NA,NA,NA,NA,NA,NA,NA,NA,NA,15138426.18,NA,NA,NA,NA,NA,NA,NA,NA,NA,NA,NA,NA,NA,NA,23115241.26,11251832.06,NA
"Feature0299",NA,65178964.8,NA,NA,NA,NA,NA,63340908.83,48566511.76,717437.4306,583853.2772,56139872.84,NA,NA,56254266.7,NA,NA,NA,NA,NA,NA,NA,NA,NA,48741139.01,68714811.14,NA,NA,NA,NA
"Feature0300",NA,NA,NA,NA,NA,127320.0386,NA,NA,NA,NA,NA,NA,NA,NA,NA,NA,NA,NA,NA,NA,130165.6387,NA,125911.1915,NA,NA,NA,NA,NA,NA,NA
"Feature0301",NA,NA,36330194.15,NA,96258731.53,70121002.4,NA,NA,84039053.52,NA,56982905.04,72475165.9,123258458.4,NA,97437591.7,NA,NA,62130054.08,118385019.5,147125649.4,67432516.47,46355377.92,98451576.72,NA,69340663.72,NA,NA,NA,NA,35507233.53
"Feature0302",681481.4518,NA,NA,710659.0307,NA,NA,NA,NA,NA,NA,NA,NA,NA,683457.017,NA,NA,NA,NA,NA,NA,NA,NA,NA,NA,NA,745937.6212,NA,671866.4303,667153.5685,NA
"Feature0303",NA,NA,NA,NA,NA,NA,NA,NA,NA,NA,NA,NA,NA,NA,NA,NA,NA,NA,NA,NA,NA,NA,767123.1642,NA,NA,NA,NA,NA,NA,NA
"Feature0304",NA,NA,NA,NA,NA,NA,NA,NA,NA,NA,NA,NA,NA,NA,NA,NA,NA,NA,NA,NA,110729122.3,NA,NA,NA,NA,NA,NA,NA,NA,NA
"Feature0305",NA,NA,NA,NA,NA,NA,NA,905715897.3,883684445.5,NA,NA,941466615.3,NA,NA,789104165.2,NA,NA,NA,NA,NA,NA,NA,NA,NA,1021200180,1148333873,NA,NA,NA,NA
"Feature0306",NA,NA,NA,70607.67838,NA,NA,NA,NA,NA,63187.92509,NA,NA,NA,208606.6082,NA,NA,NA,NA,NA,NA,NA,NA,NA,NA,NA,164796.7878,NA,223886.886,249115.835,NA
"Feature0307",NA,NA,NA,NA,NA,NA,NA,NA,NA,NA,NA,23226749.55,NA,NA,41881817.22,NA,NA,NA,NA,NA,NA,NA,NA,NA,31923351.68,NA,NA,NA,NA,NA
"Feature0309",NA,80430817.29,68922593.88,112047025.5,69118287.63,62318674.61,46945300.71,81985723.99,61748506.08,96288687.27,49305495.82,55766310.1,84951640.63,82540512.66,65141269.31,NA,38002492.91,55039532.75,100106038,96178755.71,78919591.46,NA,96118185.55,NA,54052534.55,85492292.13,66652246.11,107332854.3,111588099.9,32433667.59
"Feature0310",62434821.05,56215000.64,47465104.73,80218257.76,50925025.39,44980728.87,33000441.93,53803292.81,41517168.16,64696580.5,35850761.19,44043185.96,54581751.28,54821366.63,47095178.26,NA,25252683.03,41363428.4,76200921.39,69542800.8,61622105.33,NA,67075289.21,NA,35038733.95,59422064.52,47967005.21,74593470.47,74881702.47,25038795.06
"Feature0311",NA,NA,NA,NA,NA,NA,NA,NA,NA,NA,NA,NA,NA,NA,NA,NA,NA,NA,NA,NA,NA,NA,NA,NA,NA,3583992.708,148011596.8,247056734.7,NA,NA
"Feature0312",233772046.1,NA,32362263.04,175949729.1,95450058.96,189493031.8,29185725.52,79710950.14,74084542.7,236900194.9,155189434.3,NA,NA,88691956.3,75153738.28,93528346.73,135527711.5,166766540.2,269490525.7,261679342.1,207018507,46545103.06,228890317.1,83373118.97,33030641.83,NA,NA,NA,241428947,125034610.4
"Feature0313",NA,NA,NA,NA,NA,28702112.62,NA,NA,NA,NA,NA,NA,NA,NA,NA,NA,NA,18387942.16,29750774.81,34313612.02,30411097.9,NA,29716412.42,NA,NA,NA,28959076.36,NA,NA,NA
"Feature0314",NA,NA,NA,NA,NA,NA,NA,NA,12328986.3,NA,NA,NA,NA,NA,NA,NA,NA,NA,NA,NA,NA,NA,NA,NA,NA,17710307.77,NA,NA,NA,NA
"Feature0315",204336.7424,NA,NA,206545.3421,NA,NA,NA,209662.6245,210452.7511,224735.7662,NA,NA,NA,205211.8369,NA,NA,NA,NA,NA,NA,NA,223934.0907,NA,209780.2725,NA,208703.4425,NA,213710.0094,204407.6005,NA
"Feature0316",NA,NA,NA,NA,NA,NA,NA,NA,NA,NA,NA,NA,3423042.957,NA,NA,NA,NA,NA,NA,NA,NA,NA,NA,NA,NA,NA,NA,NA,NA,NA
"Feature0317",NA,NA,NA,NA,NA,NA,NA,NA,NA,NA,NA,NA,27221629,NA,NA,NA,NA,NA,NA,NA,NA,NA,NA,NA,NA,NA,NA,NA,NA,NA
"Feature0318",82863665.98,92177135.94,NA,88357342.6,77793536.09,82321490.81,80129889.42,NA,86131401.21,81676384.9,88019068.45,74455579.87,87557067.14,88351625.39,88208921.64,93378956.93,90667088.92,92942188.77,89910237.31,95770080.3,90139046.28,80577864.95,83992827.13,92751027.47,94168420.26,NA,NA,NA,NA,79112999
"Feature0319",NA,NA,NA,NA,NA,NA,NA,NA,NA,NA,NA,NA,NA,NA,NA,NA,NA,NA,NA,NA,NA,NA,NA,NA,NA,219529448.4,218931296.3,211565050,NA,NA
"Feature0320",NA,NA,NA,NA,NA,NA,NA,NA,NA,NA,NA,NA,NA,NA,NA,NA,NA,NA,NA,NA,241718588.6,226602212.3,NA,235878947.1,238969556.6,NA,NA,NA,NA,NA
"Feature0321",6010646.111,NA,NA,19281488.27,NA,NA,NA,49457518.72,43265193.97,4922680.587,NA,39000637.65,NA,45971012.03,NA,NA,NA,NA,NA,NA,NA,35583225.85,NA,77150878.29,NA,49579272.95,NA,6934666.429,4300343.962,NA
"Feature0322",NA,NA,NA,NA,NA,14067301.27,NA,NA,NA,NA,NA,NA,NA,NA,NA,NA,NA,NA,NA,NA,15486844.53,NA,18284538.22,NA,NA,NA,NA,NA,NA,NA
"Feature0323",NA,NA,NA,NA,7239567.004,NA,NA,NA,NA,NA,NA,NA,NA,NA,NA,NA,NA,NA,NA,131536333.5,NA,NA,NA,NA,NA,NA,NA,NA,NA,NA
"Feature0326",NA,NA,NA,NA,NA,NA,NA,NA,NA,NA,NA,39969064.72,NA,NA,79108545.07,NA,NA,NA,NA,NA,NA,NA,NA,NA,NA,NA,NA,NA,NA,NA
"Feature0327",NA,NA,NA,NA,NA,NA,NA,NA,NA,NA,NA,NA,NA,NA,NA,NA,NA,NA,NA,NA,NA,NA,NA,NA,NA,NA,NA,886512.478,NA,NA
"Feature0328",NA,NA,NA,NA,NA,NA,NA,NA,NA,NA,5922816.932,360659238.6,NA,NA,459379313.3,NA,NA,NA,NA,NA,NA,NA,NA,NA,338689613.9,NA,NA,NA,NA,NA
"Feature0329",NA,NA,12770146.5,NA,NA,NA,NA,NA,NA,NA,NA,NA,14142781.4,NA,NA,NA,NA,NA,NA,NA,NA,NA,36650669.87,NA,NA,NA,22537476.66,NA,NA,NA
"Feature0330",NA,NA,NA,NA,76519.57952,NA,NA,82021.10399,82361.53782,NA,NA,NA,NA,NA,NA,NA,NA,NA,91049.52048,NA,NA,NA,NA,NA,25631038.31,NA,NA,NA,NA,NA
"Feature0331",628122.6137,NA,NA,123723.5619,NA,NA,NA,NA,NA,NA,NA,NA,NA,898963.8998,NA,NA,NA,NA,NA,NA,NA,NA,NA,NA,NA,NA,NA,NA,625337.5589,NA
"Feature0332",NA,NA,46725117.05,NA,NA,NA,NA,NA,NA,NA,NA,NA,53582600.73,NA,NA,NA,NA,NA,NA,NA,NA,NA,49305460.59,NA,50464649.23,NA,NA,NA,NA,NA
"Feature0333",81817616.62,612516376.8,477330379,533686192,NA,NA,NA,498032315.8,504834270.6,71591303.11,12323229.96,491007038,NA,538961644.6,549024494.1,NA,NA,NA,NA,NA,NA,403647794.7,NA,701277781.6,489475452.2,558464087.9,NA,98728679.2,14970012.4,NA
"Feature0334",3297099.085,NA,NA,20233174.9,NA,NA,NA,417207.0557,443611.4218,589571.1245,NA,NA,NA,431291.6987,NA,NA,NA,NA,NA,NA,NA,193756.6633,NA,376102138.1,NA,474596.9646,NA,5830849.04,247302.7511,NA
"Feature0335",NA,NA,NA,NA,NA,NA,950748.424,NA,NA,NA,NA,NA,NA,NA,NA,NA,NA,NA,NA,NA,NA,NA,NA,NA,NA,NA,NA,NA,NA,NA
"Feature0336",450209.8029,NA,NA,395303.1725,NA,NA,NA,408164.9833,422626.5049,430041.632,NA,NA,NA,411604.9834,NA,NA,NA,NA,NA,NA,NA,463950.0565,NA,412411.4531,NA,436842.2474,NA,392033.9716,418203.2242,NA
"Feature0337",NA,NA,NA,NA,NA,NA,NA,NA,NA,NA,NA,NA,NA,NA,NA,NA,NA,NA,NA,NA,69435491.76,NA,NA,NA,NA,NA,NA,NA,NA,NA
"Feature0338",NA,151212973.8,NA,NA,NA,NA,NA,NA,NA,NA,1574165.272,109673802.7,NA,NA,139553668.4,NA,NA,NA,NA,NA,NA,NA,NA,NA,128573763.8,NA,NA,NA,NA,NA
"Feature0339",42562104.15,167917443.1,85826878.35,94385063.89,NA,NA,NA,168049284.9,126740894.5,193281.2111,71163.09825,114297436.5,145113588.6,152554321.7,146192654.9,NA,NA,NA,NA,NA,NA,76064547.56,NA,148760100,117656778.7,165083020.5,NA,31993957.98,243141.8789,NA
"Feature0340",576470297.9,1331187869,835491572.3,987076632.1,NA,2654111.077,NA,1326206903,1078054011,12993912.64,3706079.205,1049052754,1387202587,1295487854,1225068453,NA,NA,NA,NA,NA,2653319.352,790811812.7,27080372.65,1264848831,1029800786,1294588665,3087506.011,434368353,20927443.35,829598.7582
"Feature0341",NA,NA,NA,NA,NA,NA,NA,NA,NA,NA,NA,NA,1683397.753,NA,NA,NA,NA,NA,NA,NA,NA,NA,NA,NA,NA,NA,NA,NA,NA,427254.4704
"Feature0342",3114934.562,65488065.3,NA,4575391.808,NA,NA,NA,103096071.8,48472775.77,2080241.993,1113566.155,NA,NA,45001023.61,NA,NA,NA,NA,NA,NA,NA,NA,NA,15658423.07,NA,59442908.81,NA,2950992.257,2373609.675,NA
"Feature0343",NA,NA,54238641.2,NA,163233156.5,97196240.48,108569688.9,NA,NA,NA,NA,NA,2351041.127,NA,NA,2465303.734,81156250.65,91263497.98,126600709.7,136851060.7,121668721.2,NA,124512983.2,NA,NA,NA,87824341.46,NA,NA,60956699.89
"Feature0344",NA,1056764051,NA,32361351.31,NA,76304824.55,1060490930,1061487479,1056313816,34307756.19,62151261.6,859003800.1,1166047521,NA,1031724613,1209235012,51828973.64,NA,NA,NA,45069567.9,NA,42480729.9,NA,1115192128,1119811155,NA,32461950.77,47219775.62,NA
"Feature0345",1521820.82,134504916.3,NA,1318707.264,NA,NA,NA,127056626.5,95459009.67,959558.3117,836484.6369,95037203.38,NA,128454644.4,126653611.5,NA,NA,NA,NA,NA,NA,76806054.63,NA,119116472.7,82903177.3,139990020.4,NA,1646068.21,1287467.575,NA
"Feature0346",1756645.541,NA,NA,1806554.636,NA,NA,NA,1877359.274,1888443.082,1666153.539,NA,NA,NA,1893357.127,NA,NA,NA,NA,NA,NA,NA,1856679.125,NA,1817855.971,NA,1910685.1,NA,4013048.325,1783254.794,NA
"Feature0347",NA,NA,NA,NA,134661.4124,NA,NA,NA,NA,NA,NA,NA,NA,NA,NA,134368.9321,52746605.26,89488169.61,91861665.63,62971246.85,NA,NA,NA,NA,NA,NA,NA,NA,NA,NA
"Feature0348",NA,424967630.1,NA,NA,NA,NA,NA,NA,NA,NA,4120821.857,367780710,NA,NA,404694621.3,NA,NA,NA,NA,NA,NA,NA,NA,NA,406266393,NA,NA,NA,NA,NA
"Feature0349",NA,73940635.16,NA,NA,NA,NA,NA,NA,NA,NA,NA,59640212.52,NA,NA,NA,NA,NA,NA,NA,NA,NA,NA,NA,NA,NA,NA,NA,NA,NA,NA
"Feature0350",NA,NA,44954100.41,61425488.86,NA,NA,NA,53880640.46,57048678.97,NA,NA,34338358.34,61177456.05,60324622.83,59747498.53,NA,NA,NA,NA,NA,NA,54698948,NA,29703336.4,55756506.54,66139556.57,NA,NA,NA,NA
"Feature0351",14257128.15,NA,NA,NA,NA,NA,NA,NA,NA,NA,NA,NA,NA,52972987.34,NA,NA,NA,NA,NA,NA,NA,16907246.42,NA,146143506,NA,NA,NA,17251800.33,18767478.13,NA
"Feature0352",50278733.54,132801348.7,NA,NA,NA,NA,NA,140714068.3,NA,NA,NA,NA,NA,NA,NA,NA,NA,NA,NA,NA,NA,NA,NA,NA,NA,NA,NA,NA,NA,NA
"Feature0353",NA,NA,NA,NA,NA,NA,NA,NA,NA,NA,1264318.997,NA,NA,NA,NA,NA,NA,NA,NA,NA,NA,NA,NA,NA,NA,NA,NA,NA,NA,NA
"Feature0354",NA,177762707.4,NA,NA,NA,NA,NA,NA,NA,NA,2028124.395,127544321.7,NA,NA,131103359.5,NA,NA,NA,NA,NA,NA,NA,NA,NA,110150922.7,NA,NA,NA,NA,NA
"Feature0355",NA,284290110.9,NA,NA,NA,NA,NA,NA,NA,NA,926962.5631,215813191.1,NA,NA,230093910.3,NA,NA,NA,NA,NA,NA,NA,NA,NA,213477973.9,NA,NA,NA,NA,NA
"Feature0356",NA,NA,NA,NA,NA,NA,NA,NA,NA,131430.7044,NA,NA,NA,NA,NA,NA,NA,NA,NA,NA,NA,NA,NA,NA,NA,NA,NA,NA,NA,NA
"Feature0357",333014.1304,NA,NA,311297.1914,NA,NA,NA,NA,NA,NA,NA,NA,NA,293563.2223,NA,NA,NA,NA,NA,NA,NA,588767.7536,NA,479629.9562,NA,456180.8804,NA,400360.4361,NA,NA
"Feature0358",NA,NA,NA,NA,NA,NA,NA,207196.6216,187805.2753,199103.5946,NA,NA,NA,NA,NA,NA,NA,NA,NA,NA,NA,209694.5532,NA,203567.0949,NA,NA,NA,NA,NA,NA
"Feature0360",NA,44607630.09,NA,14387659.35,NA,NA,NA,37585014.34,29433799.62,NA,NA,NA,NA,37781186.1,NA,NA,NA,NA,NA,NA,NA,NA,NA,NA,NA,42625559.1,NA,NA,NA,NA
"Feature0361",NA,NA,NA,NA,255250.3086,NA,193283.6895,NA,NA,NA,NA,NA,NA,NA,NA,NA,NA,22954436.55,119866086.6,75199779.47,NA,NA,NA,NA,NA,NA,NA,NA,NA,NA
"Feature0362",NA,NA,NA,NA,NA,NA,NA,NA,NA,NA,NA,NA,NA,NA,NA,NA,NA,NA,NA,NA,NA,NA,NA,NA,NA,3100755.877,NA,NA,NA,NA
"Feature0363",NA,NA,NA,NA,NA,NA,NA,NA,NA,NA,NA,NA,NA,2892000.459,NA,NA,NA,NA,NA,NA,NA,NA,NA,NA,NA,NA,NA,NA,NA,NA
"Feature0364",NA,NA,NA,NA,NA,NA,NA,NA,NA,69357.34724,NA,NA,NA,NA,NA,NA,NA,NA,NA,NA,NA,NA,NA,NA,NA,1173832.051,NA,142266.8286,NA,NA
"Feature0365",NA,53824146.79,NA,NA,NA,NA,NA,NA,NA,NA,967115.7864,42444646.21,NA,NA,49557288.58,NA,NA,NA,NA,NA,NA,NA,NA,NA,36564214.45,NA,NA,NA,NA,NA
"Feature0367",NA,235883661.9,NA,NA,NA,NA,NA,NA,199627728,23160235,3145254.276,186148096.1,NA,NA,225421914.4,NA,NA,NA,NA,NA,NA,NA,NA,NA,154998329.1,224257537.5,NA,NA,NA,NA
"Feature0369",NA,106409834.7,NA,NA,NA,NA,NA,NA,NA,NA,706005.729,NA,NA,NA,NA,NA,NA,NA,NA,NA,NA,NA,NA,NA,NA,NA,NA,NA,NA,NA
"Feature0370",NA,508549430.7,NA,NA,NA,NA,NA,NA,NA,NA,NA,399392177.7,NA,NA,499561612.8,NA,NA,NA,NA,NA,NA,NA,NA,NA,385065756,NA,NA,NA,NA,NA
"Feature0371",108588421.4,309531118.4,132799217,237941311.7,NA,NA,NA,300894316.4,222470107,1277385.449,345022.7908,207278638.8,331037227.7,314856274.7,280832938.8,NA,NA,NA,NA,NA,NA,121288039.1,3075459.801,282240035.5,185255962,317244224,404927.952,95731065.1,1494845.144,144077.9879
"Feature0372",NA,NA,NA,NA,3241529.893,115508707.6,8044521.55,NA,NA,NA,NA,NA,NA,NA,NA,3687269.618,68536419.33,77999889.76,103745781.5,96205456.38,NA,NA,89141400.51,NA,NA,NA,127592937,NA,NA,68686242.73
"Feature0373",NA,NA,NA,NA,NA,NA,NA,NA,NA,NA,NA,NA,NA,NA,NA,NA,NA,NA,33704340.31,NA,NA,NA,NA,NA,NA,NA,NA,NA,NA,NA
"Feature0374",NA,NA,NA,NA,NA,NA,NA,NA,NA,NA,NA,NA,NA,NA,NA,NA,NA,NA,NA,NA,NA,NA,NA,NA,NA,8572347.637,NA,NA,NA,NA
"Feature0376",NA,48712277.27,NA,NA,NA,NA,NA,NA,NA,NA,NA,23902287.58,NA,41087483.89,NA,NA,NA,NA,NA,NA,NA,NA,NA,NA,28376861.09,NA,NA,NA,NA,NA
"Feature0377",NA,NA,NA,NA,NA,NA,NA,NA,NA,NA,NA,NA,NA,NA,NA,NA,NA,NA,NA,NA,NA,NA,NA,NA,NA,25554517.12,NA,NA,NA,NA
"Feature0378",5221361.591,29403099.53,NA,21490476.07,NA,NA,NA,22161111.54,18702770.36,5815249.468,NA,NA,NA,24165249.83,NA,NA,NA,NA,NA,NA,NA,NA,NA,NA,NA,NA,NA,NA,NA,NA
"Feature0380",NA,NA,NA,NA,NA,NA,NA,NA,NA,NA,NA,NA,NA,NA,NA,NA,NA,NA,NA,NA,NA,NA,NA,NA,NA,2164741.442,NA,NA,NA,NA
"Feature0381",NA,43525741.24,NA,18483538.92,NA,NA,NA,NA,30056620.13,NA,NA,NA,NA,39374635.22,NA,NA,NA,NA,NA,NA,NA,NA,NA,NA,NA,NA,NA,NA,NA,NA
"Feature0382",NA,NA,NA,NA,NA,316970557.4,NA,NA,NA,NA,NA,NA,21749761.54,NA,NA,NA,178076513.9,NA,172264273.2,NA,82851226.35,NA,150088284.9,NA,NA,17906055.86,NA,NA,NA,135408136.6
"Feature0383",NA,NA,NA,NA,NA,NA,NA,NA,NA,NA,NA,NA,NA,NA,NA,NA,NA,NA,NA,NA,NA,NA,NA,NA,NA,2050233.722,198059966.9,NA,NA,NA
"Feature0384",NA,333174424.7,116494389.9,271933337.4,262081070.4,142275401.7,88163451.58,308093567.5,214937160.5,387707639.4,140804656.9,200336971.2,338759314.2,342534054.4,255490185.1,323404595.2,107613957.3,148458637.5,388476230.4,478478824.6,208585834.5,120365776.1,321909301.6,NA,188056555.9,NA,NA,NA,285790038.3,89225840.42
"Feature0385",NA,NA,NA,NA,NA,15291505.77,NA,NA,NA,NA,NA,NA,NA,NA,NA,NA,NA,NA,NA,NA,NA,NA,22899068.17,NA,NA,NA,NA,NA,NA,NA
"Feature0386",NA,162869031.4,NA,NA,NA,NA,NA,NA,NA,NA,NA,105542435.5,NA,NA,131640623,NA,NA,NA,NA,NA,NA,NA,NA,NA,145352179.9,NA,NA,NA,NA,NA
"Feature0387",NA,NA,NA,2519013.249,NA,NA,NA,NA,NA,NA,NA,NA,NA,840059.8468,NA,NA,NA,NA,NA,NA,NA,660027.2865,NA,NA,NA,829043.4803,NA,527174.7627,NA,NA
"Feature0389",NA,NA,NA,NA,NA,14328480.03,NA,NA,NA,NA,NA,NA,NA,NA,NA,NA,NA,NA,NA,8148470.223,NA,NA,NA,NA,NA,NA,12771054.41,NA,NA,NA
"Feature0390",NA,NA,NA,43570567.39,NA,63824339.46,NA,114928849.8,80952844.29,NA,48920999.65,70498958.35,NA,NA,83037260.71,NA,NA,NA,64363575.08,NA,48709210.85,NA,NA,NA,78668334.37,112597714.1,62890969.08,NA,NA,27910748.69
"Feature0391",149654094,256113688.7,127954392.4,99142405.76,199102884.7,133109748.9,96815171.89,254944600.5,172379296.5,115146498.2,109274836.1,164761080.3,274355522.7,224608873.7,186723721.1,238486068.9,70455661.97,96652305.5,132295785.8,145061423.1,109003061.8,127651590.5,94287577.8,209963057.9,163930722.2,257292628.4,136020944.7,161244897.2,136381519.1,65971995.33
"Feature0392",NA,NA,NA,18127322.77,NA,NA,NA,NA,NA,NA,NA,NA,NA,NA,NA,NA,NA,NA,NA,NA,NA,NA,NA,NA,NA,NA,NA,NA,NA,NA
"Feature0393",55297216.78,NA,237843902.6,63441016.65,NA,NA,NA,NA,268596996.1,39187635.16,NA,NA,204635018.5,NA,NA,NA,NA,NA,NA,NA,NA,33521305.79,NA,224343093.5,NA,NA,NA,NA,41260784.44,NA
"Feature0394",NA,NA,NA,NA,NA,NA,NA,52209092.99,NA,NA,NA,NA,NA,NA,NA,NA,NA,NA,NA,NA,NA,NA,NA,79493423.5,NA,76509299.17,NA,NA,NA,NA
"Feature0395",NA,230663134.9,NA,NA,NA,NA,NA,NA,NA,NA,NA,144185059.9,NA,NA,NA,NA,NA,NA,NA,NA,NA,NA,NA,NA,249141368.6,NA,NA,NA,NA,NA
"Feature0396",5659428.386,222762116.1,NA,3650180.37,NA,NA,NA,171428804.8,260117748,NA,2646619.959,250936586.3,NA,197893526.3,287435214.5,NA,NA,NA,NA,NA,NA,NA,NA,25801110.71,162950847.9,161248382.5,NA,7930112.432,6064344.814,NA
"Feature0397",NA,NA,4951112.172,NA,NA,NA,NA,NA,NA,NA,NA,NA,8851706.328,NA,NA,NA,NA,NA,NA,NA,NA,NA,1609783.892,NA,NA,NA,NA,NA,NA,NA
"Feature0398",NA,NA,NA,NA,NA,NA,NA,NA,NA,NA,NA,NA,NA,775037.4571,NA,NA,NA,NA,NA,NA,NA,NA,NA,NA,NA,NA,NA,NA,NA,NA
"Feature0399",1020557.468,NA,NA,318352.2919,NA,NA,NA,NA,NA,NA,NA,NA,NA,NA,NA,NA,NA,NA,NA,NA,NA,NA,NA,NA,NA,27983070.51,NA,NA,NA,NA
"Feature0400",NA,874932244.6,NA,NA,746995881.3,396063868.3,336273875.4,NA,NA,NA,NA,NA,NA,NA,NA,838917296.9,241233640.8,293563141.8,222806731,282328889.4,215677143.8,400179390.1,NA,766386046.1,NA,NA,423569417.7,NA,NA,213740915.4
"Feature0401",NA,NA,NA,NA,NA,2045100.074,229758.944,NA,NA,NA,NA,NA,NA,NA,NA,NA,NA,NA,NA,NA,461585.7031,NA,631360.966,NA,NA,NA,NA,NA,NA,NA
"Feature0403",NA,NA,NA,NA,NA,NA,NA,NA,NA,NA,NA,NA,NA,NA,NA,NA,NA,NA,NA,NA,NA,NA,NA,NA,NA,6589400.324,123920692,184398284.7,NA,NA
"Feature0404",NA,719979702.4,NA,2140387.719,NA,NA,NA,675689151.3,600842653.1,3029143.863,773794.7262,551397112,NA,NA,635866198.4,NA,NA,NA,NA,NA,NA,NA,NA,NA,556912067.3,723155891.4,NA,NA,NA,NA
"Feature0406",NA,NA,NA,NA,NA,NA,NA,NA,NA,NA,NA,NA,630636.5433,NA,NA,NA,NA,NA,NA,NA,NA,NA,NA,NA,NA,NA,NA,NA,NA,NA
"Feature0407",NA,NA,NA,NA,NA,NA,NA,NA,NA,NA,NA,NA,6898004.219,NA,NA,NA,NA,NA,NA,NA,NA,NA,NA,NA,NA,NA,NA,NA,NA,NA
"Feature0409",NA,NA,NA,NA,NA,NA,NA,NA,NA,NA,NA,NA,NA,NA,NA,NA,NA,NA,NA,NA,NA,NA,NA,NA,NA,2884935.947,NA,1429952.516,NA,NA
"Feature0410",NA,NA,NA,NA,NA,NA,NA,NA,NA,NA,NA,NA,765960.1381,NA,NA,NA,NA,NA,NA,NA,NA,NA,NA,NA,NA,NA,NA,NA,NA,NA
"Feature0412",NA,NA,NA,NA,NA,NA,NA,23920176.4,NA,NA,NA,NA,NA,NA,NA,NA,NA,NA,NA,NA,NA,NA,NA,NA,NA,NA,NA,NA,NA,NA
"Feature0413",NA,53247246.55,NA,2690167.098,NA,NA,NA,52016648.48,40836438.68,2341678.355,NA,36874501.88,NA,NA,46491094.8,NA,NA,NA,NA,NA,NA,NA,NA,NA,37498801.56,53780538.58,NA,NA,NA,NA
"Feature0414",NA,69164577.87,NA,NA,NA,NA,NA,NA,57515427.95,NA,199751.0152,47361622.67,NA,NA,66405255.23,NA,NA,NA,NA,NA,NA,NA,NA,NA,45718043.85,NA,NA,NA,NA,NA
"Feature0415",NA,94239564.61,NA,2153385.292,NA,NA,NA,104386775.8,88652463.75,1174431.871,474782.4752,83003823.09,NA,NA,92465339.11,NA,NA,NA,NA,NA,NA,NA,NA,NA,79134737.35,109281530,NA,NA,933794.8753,NA
"Feature0417",3847949.776,257244856.6,NA,4291211.609,NA,NA,NA,253991861.9,NA,6385638.527,5019019.639,NA,NA,288977097.4,NA,NA,NA,NA,NA,NA,NA,152852344.7,NA,213889148.5,NA,NA,NA,5336052.506,2929402.728,NA
"Feature0418",NA,207726897.7,NA,NA,NA,NA,NA,NA,NA,NA,3852423.364,257508278.1,NA,NA,233875658.6,NA,NA,NA,NA,NA,NA,NA,NA,NA,188304758.1,NA,NA,NA,NA,NA
"Feature0420",NA,NA,NA,NA,NA,NA,NA,NA,NA,NA,NA,NA,NA,NA,NA,NA,NA,NA,NA,NA,NA,NA,NA,NA,NA,92492.27465,41337359.78,NA,NA,NA
"Feature0421",NA,NA,NA,NA,50631830.34,31434431.61,NA,NA,NA,NA,NA,40516637.97,NA,NA,52458471.29,NA,NA,30141956.75,81085773.13,NA,42593792.25,NA,65404007.27,NA,38803126.84,NA,NA,NA,NA,NA
"Feature0422",NA,NA,NA,NA,NA,NA,NA,NA,NA,NA,NA,NA,NA,NA,NA,NA,NA,NA,NA,NA,NA,NA,NA,NA,NA,929855.807,77946660.49,NA,NA,NA
"Feature0423",343719.387,NA,NA,NA,NA,NA,NA,NA,NA,511139.0585,NA,NA,NA,737694.296,NA,NA,NA,NA,NA,NA,NA,621762.9562,NA,759600.2783,NA,610857.7694,NA,722135.1392,514787.6938,NA
"Feature0424",602218.9834,NA,NA,805750.3403,NA,NA,NA,654467.0189,164511.0243,658566.2579,NA,NA,NA,788033.8439,NA,NA,NA,NA,NA,NA,NA,647263.6821,NA,638357.3142,NA,752012.9866,NA,512936.654,491657.2253,NA
"Feature0425",760874.2979,NA,NA,666711.3732,NA,NA,NA,824580.3654,1179437.847,744298.2207,NA,NA,NA,1147133.942,NA,NA,NA,NA,NA,NA,NA,842137.7851,NA,427927.6851,NA,1130214.95,NA,932351.4341,886913.5408,NA
"Feature0426",379132.4258,NA,NA,757896.4971,NA,NA,NA,560555.8929,352672.235,322571.758,NA,NA,NA,754744.534,NA,NA,NA,NA,NA,NA,NA,321101.4203,NA,327954.776,NA,860413.403,NA,907801.3252,652027.8372,NA
"Feature0427",600307.6428,NA,NA,586481.4439,NA,NA,NA,192219.7422,876857.6818,602458.5852,NA,NA,NA,290050.4012,NA,NA,NA,NA,NA,NA,NA,205303.8937,NA,623593.8065,NA,1102912.2,NA,619738.1238,604443.2799,NA
"Feature0428",551197.3328,NA,NA,673689.498,NA,NA,NA,414773.7443,679663.2505,378266.3429,NA,NA,NA,461977.7879,NA,NA,NA,NA,NA,NA,NA,408153.3742,NA,837523.6988,NA,1359003.922,NA,986598.8568,468446.6419,NA
"Feature0429",992672.5103,NA,NA,2853139.231,NA,NA,NA,489895.7405,1598569.787,525856.2527,NA,NA,NA,3181290.211,NA,NA,NA,NA,NA,NA,NA,866625.5557,NA,2463362.693,NA,6018382.604,NA,1973903.471,1038612.831,NA
"Feature0431",NA,76613530.66,NA,NA,NA,NA,NA,NA,NA,NA,NA,NA,NA,NA,NA,NA,NA,NA,NA,NA,NA,NA,NA,NA,NA,NA,NA,NA,NA,NA
"Feature0433",NA,286393018.8,NA,305137823.4,NA,304193517.7,NA,296690393.8,NA,NA,NA,NA,NA,NA,NA,NA,NA,NA,NA,NA,NA,NA,NA,NA,NA,NA,NA,NA,NA,NA
"Feature0434",NA,NA,NA,2771426.666,NA,NA,NA,85614214.05,140877837.2,2043068.407,1265024.866,124090535.9,NA,120166847,97830482.49,NA,NA,NA,NA,NA,NA,NA,NA,NA,115296629.2,131849086.3,NA,2394323.813,2622049.102,NA
"Feature0435",191519.2759,NA,NA,193589.3363,NA,NA,NA,196511.0805,194793.0808,191179.8665,NA,NA,NA,192339.4782,NA,NA,NA,NA,NA,NA,NA,209887.3379,NA,196621.3487,NA,195612.0652,NA,187293.2341,191585.6892,NA
"Feature0436",NA,NA,NA,NA,NA,NA,NA,NA,607749.9504,NA,NA,NA,NA,NA,NA,NA,NA,NA,NA,NA,NA,NA,NA,NA,NA,NA,NA,NA,750680.6409,NA
"Feature0437",353047.6641,NA,NA,450310.1144,NA,NA,NA,323492.564,521574.4977,269751.5456,NA,NA,NA,364557.4321,NA,NA,NA,NA,NA,NA,NA,327046.2242,NA,392229.0272,NA,493065.1903,NA,258868.7887,268787.6575,NA
"Feature0438",266352.9376,NA,NA,338425.3966,NA,NA,NA,260491.4006,315858.8151,279612.6205,NA,NA,NA,255413.1521,NA,NA,NA,NA,NA,NA,NA,305424.9281,NA,486954.5891,NA,976782.315,NA,259936.9435,266319.4752,NA
"Feature0439",255873.2118,NA,NA,253505.7807,NA,NA,NA,250242.2985,257398.7968,268611.189,NA,NA,NA,294892.5832,NA,NA,NA,NA,NA,NA,NA,293407.9045,NA,264141.7379,NA,481606.7683,NA,249709.6565,255841.0659,NA
"Feature0440",NA,NA,NA,NA,NA,NA,NA,NA,NA,NA,501264.3516,NA,NA,NA,NA,NA,NA,NA,NA,NA,NA,NA,NA,NA,NA,NA,NA,NA,NA,NA
"Feature0441",NA,16130209.69,NA,NA,NA,NA,NA,NA,NA,NA,2146550.45,NA,NA,NA,NA,NA,NA,NA,NA,NA,NA,NA,NA,NA,NA,NA,NA,NA,NA,NA
"Feature0442",NA,NA,165391848.3,NA,174269768.9,NA,NA,NA,180444579.5,NA,186579274.2,168879155,177723662.5,180667799.4,191839352.2,170042987.1,174951467.9,176556386.3,174726662.2,176504907.9,197821865.1,185963252.1,NA,172894779.7,195686198.3,NA,NA,NA,178295164.6,NA
"Feature0444",413256258.7,NA,NA,NA,NA,NA,NA,NA,NA,NA,400981868.2,NA,NA,733004842.4,NA,NA,NA,NA,NA,NA,NA,641291329.9,NA,817380690.8,NA,NA,NA,501250216.3,NA,NA
"Feature0445",NA,183816920.5,NA,NA,NA,NA,NA,NA,NA,NA,NA,113098888.9,NA,NA,139658438.9,NA,NA,NA,NA,NA,NA,NA,NA,NA,108217614.4,NA,NA,NA,NA,NA
"Feature0446",NA,730257703.7,NA,NA,NA,NA,NA,NA,459884924.4,NA,4391691.949,456524061.4,NA,NA,583126337.3,NA,NA,NA,NA,NA,NA,NA,NA,NA,426261468.6,NA,NA,NA,NA,NA
"Feature0447",NA,NA,NA,NA,NA,NA,NA,NA,NA,NA,NA,NA,NA,NA,NA,NA,NA,NA,NA,NA,NA,NA,NA,NA,NA,58084382.5,NA,36385496.88,NA,NA
"Feature0448",43816445.07,63988604,54858194.97,38496378.37,63518093.69,49857983.79,40574678.5,80035832.52,NA,41559906.38,NA,NA,85301242.64,68310064.74,NA,78313814.29,34148576.82,38206631.22,44970297.57,47224228.07,NA,52569051.89,35411472.31,83733877.52,60839261.74,78249145.18,54891351.19,43835968.72,44091704.33,30554567.53
"Feature0449",NA,NA,NA,NA,NA,NA,NA,NA,NA,NA,NA,95368118.77,NA,NA,96511500.5,NA,NA,NA,NA,NA,NA,NA,NA,NA,NA,NA,NA,NA,NA,NA
"Feature0450",NA,NA,39214110.36,NA,22305963.74,34557073.8,41849216.15,39643359.88,35610273.48,NA,NA,38370029.82,40496480.11,40384217.94,NA,NA,21961487.36,26875436.45,34157312.5,36648171.64,NA,NA,NA,32581098.93,33700899.1,51277360.31,NA,NA,NA,21307227.33
"Feature0451",NA,NA,24436302.13,NA,NA,NA,NA,NA,NA,NA,NA,NA,NA,NA,NA,NA,NA,NA,NA,NA,NA,NA,NA,NA,18615670.66,NA,NA,NA,NA,NA
"Feature0452",NA,NA,24328174.24,NA,NA,NA,NA,NA,NA,NA,NA,NA,NA,NA,NA,NA,NA,NA,NA,NA,NA,NA,NA,NA,20996723.49,NA,NA,NA,NA,NA
"Feature0453",55033750.83,NA,67265471.49,83307999.75,40034868.98,59391910.94,NA,70385197.15,58875533.11,55185500.93,NA,62962165.13,73289384.89,66697353.95,41714172.22,NA,NA,51576048.72,57484421.87,61211988.99,63682466.83,NA,NA,57537814.58,57518645.44,82554016,64481173.21,59468275.49,61514588.73,38142228.04
"Feature0454",NA,NA,33061387.43,NA,17809718.55,27407636.83,NA,NA,NA,NA,NA,30321674.82,34906543.35,34261185.45,NA,NA,NA,NA,28346993.03,29112982.7,NA,NA,NA,NA,26874960.29,41716314.01,NA,NA,NA,17472299.54
"Feature0455",48292732.57,57476111.13,52205451.45,67038246.67,32659403.99,45899682.33,NA,55671806.39,46809179.73,46383063.94,NA,50118597.87,58601995.37,55077004.65,34326481.82,NA,NA,41749434.55,47775833.84,50000107.99,50337080.2,NA,NA,NA,46226955.08,66886359.91,50544542.96,46061560.85,NA,30180403.05
"Feature0456",NA,NA,NA,NA,NA,42901904.82,NA,NA,NA,NA,NA,NA,NA,NA,NA,NA,NA,40771156.37,NA,NA,NA,NA,NA,NA,NA,NA,NA,NA,NA,NA
"Feature0457",236940141.5,286813054.3,250861040.8,328473377.4,179341089.2,220703578.1,244205896.7,277186309.8,236256967.4,229641475.3,197859078.1,234531352.7,291184577.2,272238591.5,185576452.2,195799833.3,143884818.9,208468475.3,253833450,245648551.8,248453666.5,179527004.2,230502360.2,242634426.8,220465916.8,312525776.5,238356746.1,242086998.1,213685990.6,138802810.4
"Feature0458",27525083.77,NA,29370025.3,NA,21158186.51,26122743.28,NA,NA,NA,NA,NA,NA,NA,30327707.26,NA,NA,NA,24010587.09,27997548.43,28177644.46,NA,NA,NA,NA,25438015,37552766.48,27927579.74,NA,NA,NA
"Feature0459",NA,NA,530176.7066,NA,184391.5193,NA,NA,NA,NA,NA,NA,NA,215069.3891,NA,NA,NA,43424862.65,59689307.06,208194433.1,169827157.9,NA,NA,157809515,NA,NA,NA,50293325.56,NA,NA,32033421.89
"Feature0460",288515534.2,NA,10406762.75,306942026.8,274885.5787,212396337.9,8495640.55,NA,NA,NA,NA,NA,361252.0681,460582.8731,NA,432471.9306,181513994.2,252393766.9,344600463.4,323860407.4,280495509.9,344695.708,311340185,34763907.25,NA,NA,190880723.1,NA,347262916.4,152012728.2
"Feature0461",NA,NA,NA,NA,198069.7381,NA,NA,NA,NA,NA,NA,NA,NA,NA,NA,225497.2735,NA,17462426.48,23926625.71,26127072.04,NA,NA,NA,NA,NA,NA,13289712.45,NA,NA,19279670.11
"Feature0462",NA,643039029.2,NA,NA,530619372.5,347341066.9,NA,NA,NA,NA,NA,NA,NA,NA,NA,593877009.9,212435928.3,265822315,167405305.2,216068798.5,176624520.1,335689917.3,NA,521411726.9,NA,NA,354398316.1,NA,NA,184730872.9
"Feature0463",NA,NA,NA,NA,4869318.916,44690737.09,NA,NA,NA,NA,NA,NA,NA,NA,NA,NA,31545947.91,42894806.28,58908134.39,55844328.51,47119036.41,NA,54185385.14,NA,NA,NA,42159356.1,NA,NA,28049583.06
"Feature0464",NA,NA,NA,144674.2821,NA,NA,NA,NA,145869.3407,NA,NA,NA,NA,NA,NA,NA,NA,NA,NA,NA,NA,NA,NA,NA,NA,149812.8038,NA,147220.0477,NA,NA
"Feature0465",NA,58849820.66,NA,NA,NA,NA,NA,NA,NA,NA,231255.5985,82482854.49,NA,NA,92903071.87,NA,NA,NA,NA,NA,NA,NA,NA,NA,97286437.16,NA,NA,NA,NA,NA
"Feature0466",NA,NA,NA,NA,NA,NA,NA,NA,NA,NA,NA,NA,NA,NA,NA,NA,NA,NA,NA,555453344.9,NA,NA,NA,NA,NA,NA,NA,NA,NA,NA
"Feature0467",NA,46578490.98,NA,NA,33902366.23,NA,NA,NA,NA,NA,11102679.11,33233644.44,NA,NA,NA,NA,NA,9339869.417,NA,45882502.89,NA,NA,NA,NA,NA,NA,13085031.97,NA,NA,9490753.47
"Feature0468",NA,1285147050,NA,NA,NA,NA,NA,NA,NA,NA,10004012.92,NA,NA,NA,NA,NA,NA,NA,NA,NA,NA,NA,NA,NA,NA,NA,NA,NA,NA,NA
"Feature0469",6538842.598,222595350.9,NA,206668.3734,NA,NA,NA,254308147.2,187450519,337762.8228,NA,198359942.2,NA,219201415.2,217760703.8,NA,NA,NA,NA,NA,NA,190786053.3,NA,81461569.13,220590011.1,193959796.5,NA,2719008.8,1932029.083,NA
"Feature0470",NA,NA,NA,NA,NA,NA,NA,NA,NA,NA,NA,351829953.6,NA,NA,271014092.1,NA,NA,NA,NA,NA,NA,NA,NA,NA,260331702.4,NA,NA,NA,NA,NA
"Feature0472",NA,NA,NA,NA,NA,NA,NA,NA,NA,NA,NA,NA,NA,NA,NA,NA,NA,218062.1326,NA,NA,NA,NA,NA,NA,NA,NA,NA,NA,NA,NA
"Feature0473",NA,NA,99379.77856,NA,NA,NA,NA,NA,NA,NA,NA,NA,NA,NA,NA,NA,NA,230340.986,73085420,NA,NA,NA,NA,NA,NA,NA,314883.5941,NA,NA,106178.0281
"Feature0474",NA,NA,NA,358587.0569,NA,NA,NA,274197.9066,NA,NA,NA,NA,NA,253708.5115,NA,NA,NA,NA,NA,NA,NA,NA,NA,NA,NA,NA,NA,NA,NA,NA
"Feature0475",NA,NA,NA,28235013.13,NA,NA,NA,NA,16037040.66,8367281.652,NA,NA,NA,NA,NA,NA,NA,NA,NA,NA,NA,NA,NA,NA,NA,18632926.41,NA,13458271.43,NA,NA
"Feature0476",NA,NA,NA,354894.5724,NA,NA,NA,271374.4039,NA,NA,NA,NA,NA,251095.9946,NA,NA,NA,NA,NA,NA,NA,309867.3126,NA,NA,NA,NA,NA,299136.4618,NA,NA
"Feature0477",NA,NA,NA,NA,NA,NA,NA,NA,NA,NA,NA,NA,NA,NA,NA,NA,NA,NA,NA,NA,NA,NA,NA,NA,NA,5044178.139,NA,NA,NA,NA
"Feature0478",772894.9175,NA,NA,991081.5917,NA,NA,NA,793039.837,791129.4015,831008.9026,NA,NA,NA,996149.4119,NA,NA,NA,NA,NA,NA,NA,847021.0422,NA,919741.1976,NA,1007502.622,NA,903763.7343,773162.935,NA
"Feature0479",NA,NA,383004.5923,NA,365951.212,NA,NA,NA,NA,NA,NA,NA,NA,NA,NA,448799.3979,63027018.32,82675459.92,132271737.3,126574910.1,NA,NA,NA,NA,NA,NA,70212561.67,NA,NA,50615134.89
"Feature0480",NA,148122377.3,115629632.2,227447651.1,NA,NA,NA,148568497.7,129374391.8,48080511.51,33599176.86,123073204.2,124941698.2,NA,NA,NA,NA,NA,NA,NA,NA,NA,NA,NA,108849430.3,158334893.5,NA,78108091.99,47129550.37,NA
"Feature0481",NA,60728458.72,NA,NA,NA,NA,NA,NA,NA,NA,NA,31650898.13,NA,NA,32949993.62,NA,NA,NA,NA,NA,NA,NA,NA,NA,26809359.61,NA,NA,NA,NA,NA
"Feature0482",21855411.16,NA,NA,NA,NA,NA,NA,NA,NA,NA,NA,NA,NA,1064816077,NA,NA,NA,NA,NA,NA,NA,891397686.7,NA,180911109.4,NA,NA,NA,NA,NA,NA
"Feature0483",NA,NA,50490686.82,NA,NA,NA,NA,NA,NA,NA,NA,NA,NA,NA,NA,NA,NA,NA,NA,NA,NA,NA,NA,NA,NA,NA,NA,NA,NA,NA
"Feature0484",NA,113007552.7,74300781.61,56299811.21,NA,NA,NA,119115663.9,88356641.36,16252221.75,10132789.58,84262088.53,NA,NA,100044885.7,NA,NA,NA,NA,NA,NA,NA,NA,NA,92632849.33,118819645.7,NA,NA,NA,NA
"Feature0485",NA,NA,NA,NA,NA,NA,NA,NA,NA,NA,NA,NA,NA,NA,NA,NA,NA,NA,NA,NA,NA,NA,NA,NA,NA,49588377.77,NA,NA,NA,NA
"Feature0486",NA,NA,NA,NA,NA,431504.657,NA,NA,NA,NA,NA,NA,NA,NA,NA,NA,NA,NA,NA,NA,NA,NA,489538.8291,NA,NA,NA,NA,NA,NA,NA
"Feature0488",NA,NA,NA,NA,NA,NA,NA,NA,NA,NA,NA,NA,NA,NA,NA,NA,NA,NA,NA,NA,NA,NA,NA,551064.4231,NA,586371.3444,NA,1283615.933,NA,NA
"Feature0489",NA,NA,1265072.973,NA,NA,NA,NA,NA,NA,NA,NA,NA,NA,NA,NA,NA,NA,NA,NA,NA,NA,NA,NA,NA,NA,NA,NA,NA,NA,NA
"Feature0490",NA,NA,1648133.438,NA,1675643.707,287011975.3,2242801.989,NA,NA,NA,NA,NA,1829318.462,NA,NA,1782789.454,253929515.8,273758114.9,286701532.4,307127593,301894114.2,NA,283868256.9,NA,NA,NA,252460411.6,NA,NA,237030689.4
"Feature0491",NA,NA,NA,NA,NA,NA,NA,NA,NA,NA,NA,NA,NA,NA,NA,NA,NA,NA,NA,NA,9190654.327,NA,NA,NA,NA,10318560.72,NA,NA,NA,NA
"Feature0492",NA,NA,NA,14363642.01,NA,NA,NA,NA,NA,NA,NA,NA,NA,NA,NA,NA,NA,NA,NA,NA,11997537.04,NA,NA,NA,NA,NA,NA,NA,NA,NA
"Feature0493",NA,NA,NA,NA,NA,NA,NA,NA,NA,NA,NA,NA,NA,NA,NA,NA,NA,NA,NA,NA,NA,NA,NA,NA,NA,19269438.13,NA,NA,NA,NA
"Feature0494",NA,NA,NA,NA,NA,NA,NA,NA,NA,NA,NA,NA,NA,NA,NA,NA,NA,NA,NA,NA,NA,2880409.496,NA,NA,NA,NA,NA,NA,NA,NA
"Feature0495",NA,NA,NA,NA,NA,NA,NA,NA,NA,NA,NA,NA,34122538.05,NA,NA,NA,NA,NA,NA,NA,NA,NA,NA,NA,21790719.42,NA,NA,NA,NA,NA
"Feature0496",NA,32884793.44,NA,15254202.25,NA,19313768.98,NA,38599862.05,26660788.15,NA,18737769.23,29149718.25,NA,NA,NA,NA,NA,NA,NA,NA,NA,NA,NA,NA,25018094.28,NA,NA,NA,NA,NA
"Feature0497",NA,NA,NA,NA,NA,NA,NA,NA,28971354.14,NA,NA,NA,35783738.76,NA,NA,NA,NA,NA,NA,NA,NA,NA,NA,NA,NA,35702888.3,25423261.7,31306499.22,NA,NA
"Feature0498",NA,NA,25009165.57,26511938.61,NA,20249958.37,NA,27113901.7,24251217.01,23058514.07,NA,22236251.43,27248667.48,29829989.23,25330232.8,NA,NA,17472257.35,25576930.13,NA,22190981.2,NA,NA,NA,20026094.57,28390022.21,21241313.13,28919951.66,NA,NA
"Feature0499",NA,NA,NA,19385708.86,NA,15808106.46,NA,NA,NA,17938219.56,NA,NA,NA,NA,30269252.91,NA,NA,NA,NA,NA,17140792.44,NA,NA,NA,NA,20362935.84,NA,24442950.57,NA,NA
"Feature0501",NA,NA,NA,NA,NA,NA,NA,NA,NA,NA,NA,NA,17286266.46,NA,NA,NA,NA,15761988.11,NA,NA,18917126.91,NA,NA,NA,NA,NA,19179087.54,NA,NA,9703411.074
"Feature0502",NA,NA,NA,NA,NA,NA,NA,NA,NA,NA,NA,NA,NA,NA,NA,NA,NA,NA,NA,NA,NA,NA,NA,NA,NA,NA,37142238.74,NA,NA,NA
"Feature0503",26079094.58,NA,NA,19751840.71,NA,23308674.37,NA,47915613.25,31022635.09,NA,23359056.19,33917033.28,41835993.96,45217959.16,36824006.54,NA,NA,19253027.33,NA,NA,24107646.26,NA,NA,39160194.83,33952476.92,47134172.78,NA,NA,25352823.88,13030576.98
"Feature0505",3325926.973,NA,NA,NA,NA,NA,NA,2318682.516,NA,NA,NA,NA,NA,2717963.431,NA,NA,NA,NA,NA,NA,NA,NA,NA,NA,NA,3518798.788,NA,3039831.068,3819814.148,NA
"Feature0506",NA,53025213.25,NA,NA,NA,NA,NA,NA,NA,NA,206518.3496,36220231.66,NA,NA,42419137.04,NA,NA,NA,NA,NA,NA,NA,NA,NA,39506247.57,NA,NA,NA,NA,NA
"Feature0507",NA,53467275.22,NA,NA,NA,NA,NA,NA,NA,NA,2004613.543,NA,NA,NA,NA,NA,NA,NA,NA,NA,NA,NA,NA,NA,NA,NA,NA,NA,NA,NA
"Feature0508",NA,41947484.3,NA,NA,NA,NA,NA,NA,NA,NA,115527.8785,35190801.91,NA,NA,37531400.72,NA,NA,NA,NA,NA,NA,NA,NA,NA,26288131.46,NA,NA,NA,NA,NA
"Feature0509",NA,NA,40466229.14,42787356.97,39313688.41,34752564.65,NA,NA,NA,34682057.58,NA,37371867.35,48315608.12,46259555.44,39407622.14,NA,NA,NA,39972007.58,NA,36798790.8,NA,NA,NA,NA,47873218.33,34493541.71,40266155.84,40675685.89,20526233.74
"Feature0510",NA,NA,NA,NA,NA,NA,NA,NA,83734.52056,NA,NA,NA,NA,NA,NA,NA,NA,NA,NA,NA,NA,NA,NA,NA,NA,NA,NA,NA,NA,NA
"Feature0511",NA,NA,51192344.56,54550501.05,NA,NA,NA,55656186.98,49169089.34,47667589.87,NA,47818859.77,50554395.05,55406106.76,NA,NA,NA,35592255.98,NA,NA,47546811.85,NA,NA,NA,NA,NA,43452162.17,50246336.43,NA,NA
"Feature0512",NA,52291398.78,NA,NA,NA,NA,NA,NA,NA,NA,866995.92,39785071.32,NA,NA,53234512.25,NA,NA,NA,NA,NA,NA,NA,NA,NA,40572996.07,NA,NA,NA,NA,NA
"Feature0513",32177400.71,NA,29919611.44,28283039.09,NA,22999685.89,13417504.54,37303246.77,30421232.26,30415096.56,NA,27526070.88,40497885,35041781.49,46964036.64,NA,NA,20825730.87,NA,28144544.29,25436057.63,NA,NA,NA,26725437.89,32480004.73,22882439.44,40949452.16,NA,NA
"Feature0514",NA,NA,NA,NA,NA,NA,NA,NA,60035981.94,NA,67911458.09,NA,NA,NA,NA,NA,NA,NA,NA,NA,NA,NA,NA,NA,NA,NA,NA,NA,NA,NA
"Feature0515",NA,NA,535629.2396,NA,114651.9289,NA,NA,NA,NA,NA,NA,NA,NA,NA,NA,NA,NA,34383862.76,69579049.56,64208977.61,NA,NA,NA,NA,NA,NA,37012847.72,NA,NA,20049729.69
"Feature0516",NA,NA,NA,NA,NA,NA,NA,NA,NA,NA,NA,68893620.49,64923357.69,69549019.72,65603503.96,66060025.9,63537614.61,64999973,61820757.8,64232172.49,61998054.45,59411032.52,NA,NA,61940549.7,68511403.82,67658919.28,72624068.79,NA,NA
"Feature0517",NA,NA,NA,NA,NA,NA,NA,18829046.83,NA,NA,NA,NA,NA,NA,NA,NA,NA,NA,NA,NA,NA,NA,NA,NA,NA,NA,NA,NA,NA,NA
"Feature0519",NA,66257232.9,NA,NA,NA,NA,NA,NA,NA,NA,158940.5365,66939467.87,NA,NA,58304226.19,NA,NA,NA,NA,NA,NA,NA,NA,NA,53043169.65,NA,NA,NA,NA,NA
"Feature0520",NA,NA,NA,NA,NA,NA,NA,NA,NA,NA,NA,NA,1800316.85,NA,NA,NA,NA,NA,NA,NA,NA,NA,NA,NA,NA,NA,NA,NA,NA,NA
"Feature0521",NA,NA,28376485.41,NA,NA,NA,NA,NA,NA,NA,NA,NA,41067427.51,NA,NA,NA,NA,NA,NA,NA,NA,NA,NA,NA,NA,NA,NA,NA,NA,NA
"Feature0522",NA,NA,20280083.36,NA,29131759.98,NA,11620352.27,NA,NA,NA,NA,NA,22521987.64,NA,NA,NA,NA,30959677.26,75082943.76,65724781.72,NA,NA,59950276.38,NA,NA,25641893.51,33039929.58,NA,NA,19545758.52
"Feature0524",NA,NA,NA,NA,NA,NA,NA,NA,NA,NA,674915.9222,NA,NA,NA,NA,NA,NA,NA,NA,NA,NA,NA,NA,NA,NA,NA,NA,NA,NA,NA
"Feature0525",NA,NA,NA,NA,NA,NA,NA,NA,NA,NA,NA,NA,NA,NA,NA,NA,NA,NA,NA,NA,NA,NA,NA,NA,NA,66850904.58,98506374.85,92774435.52,NA,NA
"Feature0526",NA,NA,NA,NA,NA,619295.5713,NA,NA,NA,NA,NA,NA,317352.2858,NA,NA,NA,NA,NA,NA,NA,487032.1661,NA,489022.3963,NA,NA,NA,NA,NA,NA,NA
"Feature0528",NA,NA,NA,NA,NA,NA,NA,NA,NA,NA,NA,NA,2859983.08,NA,NA,NA,NA,NA,NA,NA,NA,NA,168492.4275,NA,NA,NA,NA,NA,NA,NA
"Feature0529",NA,109511081.2,NA,NA,NA,NA,NA,NA,NA,NA,4783620.562,94574567.3,NA,NA,91023278.01,NA,NA,NA,NA,NA,NA,NA,NA,NA,76445344.64,NA,NA,NA,NA,NA
"Feature0530",49090469.05,92416164.24,71529291.18,47475224.57,73962311.16,61368979.55,NA,111092094.9,76691784.42,51939750.09,61386331.15,99719825.97,99985477.67,102538076.1,97634128.22,105540529.7,47462772.79,48682531.41,58203463,66959177.21,NA,69525171.4,NA,121915316.3,85291535.24,99783505.99,68848576.02,48008709.54,52260303.37,39302680.41
"Feature0531",NA,110257140.8,NA,NA,NA,NA,NA,NA,NA,NA,715413.7773,61844442.16,NA,NA,85993154.69,NA,NA,NA,NA,NA,NA,NA,NA,NA,85468622.07,NA,NA,NA,NA,NA
"Feature0532",6949667.995,58895415.69,NA,24631985.8,NA,NA,NA,50811623.92,42268968.85,8306187.739,NA,27149069.65,56066071.76,52963787.03,42304251.32,NA,NA,NA,NA,NA,NA,NA,NA,NA,33136159.42,56498876.37,NA,NA,NA,NA
"Feature0533",109823080.6,112247128.7,99307108.39,NA,NA,85189007.42,NA,114032955.1,93169708.86,93749372.01,NA,89596778.1,105148739.1,104013711.7,79977291.36,NA,NA,79281151.87,NA,96046404.87,NA,NA,NA,NA,88203245.47,121168821.2,90751036.67,105032619.9,NA,56967278.01
"Feature0534",NA,NA,NA,NA,64590020.25,50724647.46,NA,NA,NA,NA,NA,46252234.43,NA,NA,59942805.16,NA,NA,NA,NA,NA,72361479.03,NA,NA,NA,43606365.98,68721619.4,NA,NA,NA,NA
"Feature0535",NA,NA,NA,NA,NA,NA,NA,NA,NA,NA,NA,NA,NA,NA,NA,NA,NA,NA,NA,NA,NA,NA,NA,138045382.8,NA,145440058.9,NA,NA,NA,NA
"Feature0536",NA,NA,NA,NA,62132.93889,NA,NA,59292.57221,56069.80196,NA,NA,NA,NA,NA,NA,NA,NA,NA,59278.81635,NA,NA,NA,NA,NA,NA,NA,NA,NA,NA,NA
"Feature0537",117965987.1,120549953.7,136580497.9,127808229.1,104577413.9,130504333,127713957.6,131266431,120806938.9,121111968.7,134689176.2,126608992.5,125139200.6,120192220.4,127342302.7,122492876.5,151307404.6,136213844.8,138200099.5,132449874,130139987.4,139067360.4,119477156.5,129772696.1,133581271.8,NA,NA,NA,127748581.5,132473769.9
"Feature0538",NA,NA,51428956.14,NA,NA,NA,NA,NA,NA,NA,NA,78993845.78,NA,NA,67709881.14,NA,NA,NA,NA,NA,NA,NA,NA,NA,58383640.55,NA,NA,NA,NA,NA
"Feature0539",131608831.3,150694093.6,131384224.7,152167813.8,140952639.7,101318145.7,83235636.13,149958358.3,127695678.7,119003010.9,88581888.6,115203114,161220631.9,152954612.1,144586112.1,154297424.3,67290774.03,91690889.6,135512152.1,126859697.2,120838082.2,105260529.6,117483906.8,149361942.3,115498120,152694567.6,111310219.3,147151158.8,134386341.3,62281094.81
"Feature0540",169880416.1,258882913.3,152144187.3,124142672.5,205514226.4,146158964.2,131612365.6,302633289.7,208814402.1,132569474.5,135692250.5,211992023.5,263852153.8,271662171.7,202896890.1,247367044.9,91789633.99,117425310.7,144153438,166148556.8,133476023.4,NA,126319527.3,248048494.6,203986221.9,273227744.3,150712041,166628311.7,155011201,81906944.08
"Feature0541",NA,NA,1024766.447,NA,NA,NA,NA,NA,NA,NA,NA,NA,NA,NA,NA,NA,74336275.44,NA,NA,NA,NA,NA,NA,NA,NA,NA,NA,NA,NA,44994248.37
"Feature0542",NA,NA,NA,NA,NA,NA,NA,NA,NA,NA,NA,NA,NA,NA,NA,NA,NA,NA,20419071.05,188629046.7,92933961.5,NA,NA,1251306.297,NA,NA,32686586.11,NA,NA,NA
"Feature0543",NA,NA,NA,NA,NA,NA,2538351.15,NA,NA,NA,NA,NA,8429512.964,NA,NA,NA,NA,NA,NA,NA,NA,NA,NA,NA,NA,NA,NA,NA,NA,NA
"Feature0544",NA,NA,NA,NA,2860551.054,NA,2312196.253,NA,NA,NA,NA,NA,NA,NA,NA,NA,NA,72744968.24,131316176.2,163894006.3,119498429.3,NA,NA,NA,NA,NA,114066669.6,NA,NA,NA
"Feature0545",144307642.1,230692177,132364713.8,106073567,179645029.5,126782753.5,115315954.2,254198877.8,174506357.6,114097272.3,119495427.6,183119854.3,224547007.8,238531403,182556975.5,219046789.4,80150078.03,102075181.6,125401412.8,149611537.9,118017851.5,129637698.1,107815543.6,210211378.9,163848296.8,239628013.5,147325636.9,161366132,135449455.6,72218714.36
"Feature0546",NA,246198835.2,NA,NA,NA,NA,NA,NA,NA,NA,185063.6045,169428260.8,NA,NA,226622246.8,NA,NA,NA,NA,NA,NA,NA,NA,NA,154866613.5,NA,NA,NA,NA,NA
"Feature0547",2617640.293,NA,NA,4530227.712,NA,NA,NA,687995.009,770297.3351,1031264.094,NA,NA,NA,591447.5699,NA,NA,NA,NA,NA,NA,NA,619134.773,NA,25180320.87,NA,598756.1223,NA,1915419.822,1233145.67,NA
"Feature0548",NA,NA,700448.1686,NA,413348.7359,207060494.7,8553246.612,NA,NA,NA,NA,NA,563752.3103,NA,NA,432939.8361,135080498.8,166930937.3,339110368.2,365992563.1,276924202,NA,317733349.2,NA,NA,NA,164830821.1,NA,NA,118034549.8
"Feature0549",NA,NA,NA,NA,NA,NA,NA,NA,NA,NA,NA,NA,NA,NA,NA,NA,NA,NA,NA,NA,NA,NA,NA,NA,2217479.954,NA,NA,NA,NA,NA
"Feature0550",NA,NA,NA,NA,2224045.177,157288859.3,NA,NA,NA,NA,NA,NA,NA,NA,NA,NA,NA,105468673.6,502869391,NA,281297518.6,NA,NA,NA,NA,NA,NA,NA,NA,NA
