Name,Formula,Annot. Source: Predicted Compositions,Annot. Source: mzCloud Search,Annot. Source: Metabolika Search,Annot. Source: ChemSpider Search,Annot. DeltaMass [ppm],Calc. MW,RT [min],Area (Max.),MS2,Area: 2,Area: 10,Area: 14_,Area: 19,Area: 23,Area: 40,Area: 41,Area: 46,Area: 47,Area: 57,Area: 59,Area: 60,Group Area: 2,Group Area: 10,Group Area: 14,Group Area: 19,Group Area: 23,Group Area: 40,Group Area: 41,Group Area: 46,Group Area: 47,Group Area: 57,Group Area: 59,Group Area: 60,Gap Status: 2,Gap Status: 10,Gap Status: 14,Gap Status: 19,Gap Status: 23,Gap Status: 40,Gap Status: 41,Gap Status: 46,Gap Status: 47,Gap Status: 57,Gap Status: 59,Gap Status: 60,Gap Fill Status: 2,Gap Fill Status: 10,Gap Fill Status: 14,Gap Fill Status: 19,Gap Fill Status: 23,Gap Fill Status: 40,Gap Fill Status: 41,Gap Fill Status: 46,Gap Fill Status: 47,Gap Fill Status: 57,Gap Fill Status: 59,Gap Fill Status: 60
?-MALTOSE,C12 H22 O11,Full match,Partial match,Partial match,Full match,0.76,342.11647,12.212,5585855761,DDA for preferred ion,272101126.5,464960026.2,660739610.5,5585855761,198868631.6,285005541.1,324961066.5,98030953.46,622127340.4,4294938798,323400152.9,4615981611,272101126.5,464960026.2,660739610.5,5585855761,198868631.6,285005541.1,324961066.5,98030953.46,622127340.4,4294938798,323400152.9,4615981611,Full gap,Full gap,Full gap,No gap,Full gap,Full gap,Full gap,Full gap,Full gap,No gap,Full gap,No gap,64,64,64,0,64,64,64,128,64,0,64,0
"[Similar to: α,α-Trehalose; ΔMass: 46.0057 Da]",C14 H20 N4 O9,Full match,Invalid mass,No results,No results,-2.84,388.12193,12.214,4614030302,DDA for preferred ion,203591411.6,315333912.7,463312444.9,4614030302,136761827.9,217702168.5,259797830.1,63577894.16,445787128.7,3514506708,223852271.4,3794263082,203591411.6,315333912.7,463312444.9,4614030302,136761827.9,217702168.5,259797830.1,63577894.16,445787128.7,3514506708,223852271.4,3794263082,No gap,No gap,No gap,Full gap,No gap,No gap,No gap,Full gap,No gap,Full gap,No gap,Full gap,0,0,0,64,0,0,0,128,0,64,0,64
D-(+)-Maltose,C12 H22 O11,Full match,Full match,Partial match,Full match,0.41,342.11635,11.971,4553690804,DDA for preferred ion,3764421005,1457813.792,2583995.273,140035576.8,3757475.256,3476225756,4553690804,1668212.862,8422614.267,135476921.2,1984402.201,95973123.26,3764421005,1457813.792,2583995.273,140035576.8,3757475.256,3476225756,4553690804,1668212.862,8422614.267,135476921.2,1984402.201,95973123.26,Missing ions,Full gap,Full gap,Full gap,Full gap,No gap,Missing ions,Full gap,Full gap,Full gap,Full gap,Full gap,0,16,16,128,16,0,0,16,16,16,16,16
"[Similar to: (1aS,1bS,2S,5aR,6S,6aS)-6-({3,4-Di-O-Acetyl-6-deoxy-2-O-[(2E)-3-phenyl-2-propenoyl]-α-L-mannopyranosyl}oxy)-1a-(hydroxymethyl)-1a,1b,2,5a,6,6a-hexahydrooxireno[4,5]cyclopenta[1,2-c]pyran-2-yl β-D-glucopyranoside; ΔMass: -156.0271 Da]",C32 H30 N4 O6,Full match,Invalid mass,No results,No match,-2.54,566.21509,1.351,4206987030,DDA for preferred ion,20664640.75,38051.44494,39916.70662,1077852226,45368.99828,3266781.593,48415.55134,39818.17999,40061.93232,4206987030,40269.12469,3727968201,20664640.75,38051.44494,39916.70662,1077852226,45368.99828,3266781.593,48415.55134,39818.17999,40061.93232,4206987030,40269.12469,3727968201,Full gap,Full gap,Full gap,No gap,Full gap,Full gap,Full gap,Full gap,Full gap,No gap,Full gap,No gap,128,32,32,0,32,128,32,32,32,0,32,0
D-(+)-Maltose,C12 H22 O11,Full match,Full match,Partial match,Full match,0.42,342.11635,11.739,3725075794,DDA for preferred ion,2812947841,5805727.623,6998241.797,287405211.4,15215301.36,3434896601,3725075794,4011701.593,13168774.83,234404330.5,5028378.195,135207711.7,2812947841,5805727.623,6998241.797,287405211.4,15215301.36,3434896601,3725075794,4011701.593,13168774.83,234404330.5,5028378.195,135207711.7,Missing ions,Full gap,Full gap,Full gap,Full gap,No gap,Missing ions,Full gap,Full gap,Full gap,Full gap,Full gap,0,16,128,128,128,0,0,128,128,128,128,128
"[Similar to: (2S,3Z,4S)-2-(β-D-Glucopyranosyloxy)-3-(2-{[(2E)-3-(4-hydroxyphenyl)-2-propenoyl]oxy}ethylidene)-4-(2-methoxy-2-oxoethyl)-3,4-dihydro-2H-pyran-5-carboxylic acid; ΔMass: -13.9640 Da]",C30 H32 O10,Full match,Invalid mass,No results,No match,0.03,552.19956,1.382,3016639504,DDA for preferred ion,7237696.968,50257.83451,52796.59908,910579456.4,67889.86181,1205566.479,56167.35904,50609.2704,58433.00786,3016639504,59531.13569,2650608532,7237696.968,50257.83451,52796.59908,910579456.4,67889.86181,1205566.479,56167.35904,50609.2704,58433.00786,3016639504,59531.13569,2650608532,Full gap,Full gap,Full gap,No gap,Full gap,Full gap,Full gap,Full gap,Full gap,No gap,Full gap,No gap,128,32,32,0,32,128,32,32,32,0,32,0
L-Iditol,C6 H14 O6,Full match,Full match,Full match,Full match,-0.03,182.07903,8.988,2829317570,DDA for preferred ion,50890592.79,711064147.2,636395424.1,47662409.76,239431212,42692060.53,47003856.95,1189157624,2829317570,11959595.81,1148150643,10354573.2,50890592.79,711064147.2,636395424.1,47662409.76,239431212,42692060.53,47003856.95,1189157624,2829317570,11959595.81,1148150643,10354573.2,Full gap,Missing ions,Missing ions,Full gap,Missing ions,Full gap,Full gap,No gap,No gap,Full gap,No gap,Full gap,128,0,0,128,0,128,128,0,0,128,0,128
L-Iditol,C6 H14 O6,Full match,Full match,Full match,Full match,-0.01,182.07904,8.852,2685056322,DDA for preferred ion,70975760.3,1239117617,894406516.4,31165608.97,247074843.8,30546029.2,41889233.04,1548193563,2685056322,20574986.87,2228085455,19552913.15,70975760.3,1239117617,894406516.4,31165608.97,247074843.8,30546029.2,41889233.04,1548193563,2685056322,20574986.87,2228085455,19552913.15,Full gap,No gap,No gap,Full gap,Full gap,Full gap,Full gap,No gap,No gap,Full gap,No gap,Full gap,128,0,0,128,128,128,128,0,0,128,0,128
D-(+)-Glucose,C6 H12 O6,Full match,Full match,Full match,Full match,-0.24,180.06335,9.272,2580648456,DDA for preferred ion,1540472738,42191238,115747218.9,2223704548,71158460.32,2046664298,2580648456,77459809.5,748224815.1,834231394.6,75280149.62,749446195.2,1540472738,42191238,115747218.9,2223704548,71158460.32,2046664298,2580648456,77459809.5,748224815.1,834231394.6,75280149.62,749446195.2,Missing ions,Full gap,Full gap,No gap,Full gap,Missing ions,No gap,Full gap,Full gap,Full gap,Full gap,Full gap,0,128,128,0,128,0,0,128,128,128,128,128
[Similar to: Quercetin-3β-D-glucoside; ΔMass: -248.0555 Da],C6 H13 Cl O6,Full match,Invalid mass,No match,No match,-0.25,216.04001,9.24,1823000037,DDA for preferred ion,1609245542,37464199.4,85058224.95,1154817667,60766703.11,1539921557,1823000037,76718768.42,390356797.9,725655612.3,55371677.4,538946420.3,1609245542,37464199.4,85058224.95,1154817667,60766703.11,1539921557,1823000037,76718768.42,390356797.9,725655612.3,55371677.4,538946420.3,Full gap,Full gap,Full gap,No gap,Full gap,Full gap,Full gap,Full gap,Full gap,No gap,Full gap,Full gap,128,128,128,0,128,128,128,128,128,0,128,128
2-Hydroxycinnamic acid,C9 H8 O3,No match,Invalid mass,No match,No match,109788.78,182.0579,1.356,1758249442,DDA for preferred ion,6972194.745,181995.6949,529582.3232,459801488.3,485425.6071,962876.8292,191952.484,223175.3239,389092.2883,1758249442,349211.752,1742848252,6972194.745,181995.6949,529582.3232,459801488.3,485425.6071,962876.8292,191952.484,223175.3239,389092.2883,1758249442,349211.752,1742848252,Full gap,Full gap,Full gap,No gap,Full gap,Full gap,Full gap,Full gap,Full gap,No gap,Full gap,No gap,128,16,16,0,16,128,16,16,16,0,16,0
Methyl 3-(4-hydroxy-3-methoxyphenyl)propanoate,C11 H14 O4,Full match,Invalid mass,Partial match,Full match,-1,210.089,1.351,1558735533,DDA for preferred ion,6685704.126,48413.15687,111899.166,480034999.6,137065.1048,1078252.205,75064.23958,50660.98796,204772.7311,1369887609,51234.72851,1558735533,6685704.126,48413.15687,111899.166,480034999.6,137065.1048,1078252.205,75064.23958,50660.98796,204772.7311,1369887609,51234.72851,1558735533,Full gap,Full gap,Full gap,No gap,Full gap,Full gap,Full gap,Full gap,Full gap,No gap,Full gap,No gap,128,32,16,0,16,128,32,32,128,0,32,0
,C27 H37 N O5,Full match,No results,No results,No match,0.16,455.26725,1.469,1540768507,DDA for preferred ion,32112.31386,3391343.931,776339239.5,90496.75486,2046833.196,38201.03694,38430.74285,464803.044,1540768507,69928.08929,3395595.236,69364.0018,32112.31386,3391343.931,776339239.5,90496.75486,2046833.196,38201.03694,38430.74285,464803.044,1540768507,69928.08929,3395595.236,69364.0018,Full gap,Full gap,No gap,Full gap,Full gap,Full gap,Full gap,Full gap,No gap,Full gap,Full gap,Full gap,32,128,0,32,128,32,32,128,0,32,128,32
Xylitol,C5 H12 O5,Full match,Full match,Full match,Full match,0.23,152.06851,7.081,1299218908,DDA for preferred ion,9936226.202,302090805.9,572286666.2,8635979.702,19358733.85,7293191.423,9248847.704,348103765.5,1299218908,6242682.227,911831433.9,5987899.781,9936226.202,302090805.9,572286666.2,8635979.702,19358733.85,7293191.423,9248847.704,348103765.5,1299218908,6242682.227,911831433.9,5987899.781,Full gap,Missing ions,No gap,Full gap,Full gap,Full gap,Full gap,Missing ions,No gap,Full gap,No gap,Full gap,128,0,0,128,128,128,128,0,0,128,0,128
"α,α-Trehalose",C12 H22 O11,Not the top hit,Full match,Partial match,Partial match,0.48,342.11638,11.128,1279245592,DDA for preferred ion,896597789.8,1053728.8,1227860.692,1167123151,1403098.01,1004697175,1279245592,1290968.049,6617325.264,1171768749,1596187.289,1053246045,896597789.8,1053728.8,1227860.692,1167123151,1403098.01,1004697175,1279245592,1290968.049,6617325.264,1171768749,1596187.289,1053246045,No gap,Full gap,Full gap,No gap,Full gap,No gap,No gap,Full gap,Full gap,Missing ions,Full gap,Missing ions,0,128,128,0,16,0,0,128,128,0,128,0
[Similar to: 13(S)-HOTrE; ΔMass: 110.8925 Da],C12 H23 N O14,Full match,Invalid mass,No results,No results,0.42,405.11203,11.781,1210949737,DDA for preferred ion,1210949737,2187578.707,1914656.329,237041362.4,6493472.305,572305992,765280914.2,2308237.35,9634669.935,206637213.2,6602642.657,141181300.8,1210949737,2187578.707,1914656.329,237041362.4,6493472.305,572305992,765280914.2,2308237.35,9634669.935,206637213.2,6602642.657,141181300.8,Full gap,Full gap,Full gap,Full gap,Full gap,No gap,No gap,Full gap,Full gap,Full gap,Full gap,Full gap,128,16,128,128,128,0,0,16,128,128,16,128
D-(+)-Glucose,C6 H12 O6,No match,Invalid mass,No results,No match,255495.82,226.06883,9.201,1190375816,DDA for preferred ion,492890084.1,21034704.23,51041079.53,1190375816,42298711.85,593753595.4,578205355.6,35664456.46,336740375,232871680.5,36093452.5,368353615.6,492890084.1,21034704.23,51041079.53,1190375816,42298711.85,593753595.4,578205355.6,35664456.46,336740375,232871680.5,36093452.5,368353615.6,Full gap,Full gap,Full gap,Full gap,Full gap,Full gap,Full gap,Full gap,Full gap,No gap,Full gap,Full gap,128,128,128,64,128,128,64,128,128,0,128,128
[Similar to: N-{2-[(4-Chlorobenzyl)thio]ethyl}-2-furamide; ΔMass: -197.0760 Da],,No results,Invalid mass,No results,No results,,97.9674,15.022,1167303679,DDA for preferred ion,1050997503,856429132.1,938064700.6,740140070.4,1067680653,1043967202,1124522648,922614413,1167303679,271972214.6,646988273.6,257153845.3,1050997503,856429132.1,938064700.6,740140070.4,1067680653,1043967202,1124522648,922614413,1167303679,271972214.6,646988273.6,257153845.3,No gap,No gap,No gap,No gap,No gap,No gap,No gap,No gap,No gap,Full gap,No gap,Full gap,0,0,0,0,0,0,0,0,0,64,0,64
"3-[2-(1,3-Benzodioxol-5-yl)-7-methoxy-1-benzofuran-5-yl]-3-hydroxypropyl hexopyranoside",C25 H28 O11,No match,Invalid mass,No results,No match,11.83,504.16913,13.771,1120810712,DDA for preferred ion,740891864,966448.4732,1467758.588,81755953.07,6564900.766,976266452.6,1120810712,696657.4208,1853378.765,49407285.5,1108490.75,83708603.82,740891864,966448.4732,1467758.588,81755953.07,6564900.766,976266452.6,1120810712,696657.4208,1853378.765,49407285.5,1108490.75,83708603.82,No gap,Full gap,Full gap,Full gap,Full gap,No gap,No gap,Full gap,Full gap,Full gap,Full gap,Full gap,0,16,16,128,128,0,0,16,16,128,16,128
,C10 H5 N2 O6 P,Full match,No results,No results,No results,0.47,279.98865,9.208,1050044526,DDA for preferred ion,690722675.6,31174697.52,92857839.53,947912705.9,27559667.19,939356366.4,1050044526,49727513.78,399707175.6,618676410.9,30820212.98,462003280.1,690722675.6,31174697.52,92857839.53,947912705.9,27559667.19,939356366.4,1050044526,49727513.78,399707175.6,618676410.9,30820212.98,462003280.1,Full gap,Full gap,Full gap,No gap,Full gap,Full gap,Full gap,Full gap,Full gap,No gap,Full gap,No gap,128,128,128,0,128,128,128,128,128,0,128,0
ethyl 4-[2-(4-methylbenzoyl)hydrazino]-2-(trifluoromethyl)pyrimidine-5-carboxylate,C16 H15 F3 N4 O3,No match,Invalid mass,No results,No match,8.02,368.11258,9.302,1036406369,DDA for preferred ion,754796460,493426.2593,2090290.629,1007122303,709218.6365,778265511.9,1036406369,815300.8113,114084740.8,270059214.9,495779.0693,71975492.36,754796460,493426.2593,2090290.629,1007122303,709218.6365,778265511.9,1036406369,815300.8113,114084740.8,270059214.9,495779.0693,71975492.36,No gap,Full gap,Full gap,No gap,Full gap,No gap,No gap,Full gap,Full gap,Full gap,Full gap,Full gap,0,16,128,0,16,0,0,16,128,128,32,128
"1,5-Anhydro-D-fructose",C6 H10 O5,Full match,Invalid mass,Partial match,Full match,-0.38,162.05276,11.972,1010222933,DDA for preferred ion,866987685.9,292096.457,554303.9237,28963368.78,635204.5487,1010222933,876800976.8,721061.9517,1262331.883,23347748.82,291395.3961,20462024.3,866987685.9,292096.457,554303.9237,28963368.78,635204.5487,1010222933,876800976.8,721061.9517,1262331.883,23347748.82,291395.3961,20462024.3,No gap,Full gap,Full gap,Full gap,Full gap,No gap,No gap,Full gap,Full gap,Full gap,Full gap,Full gap,0,16,16,128,16,0,0,16,128,128,128,128
2-Aminobutyl hydrogen sulfate,C4 H11 N O4 S,Full match,Invalid mass,No results,Full match,-0.23,169.04084,3.802,897057451.1,DDA for preferred ion,8460965.482,58917150.23,129616621.3,897057451.1,163986027.3,8359795.355,8682257.187,100422019.1,458545138.2,682348049.5,135602364.2,698065269.8,8460965.482,58917150.23,129616621.3,897057451.1,163986027.3,8359795.355,8682257.187,100422019.1,458545138.2,682348049.5,135602364.2,698065269.8,Full gap,Full gap,Full gap,No gap,Full gap,Full gap,Full gap,Full gap,No gap,No gap,Full gap,No gap,128,128,128,0,128,128,128,128,0,0,128,0
"[Similar to: 4-[(1S,3aS,4R,6aR)-3a-Hydroxy-4-(4-hydroxy-3-methoxyphenyl)tetrahydro-1H,3H-furo[3,4-c]furan-1-yl]-2-methoxyphenyl β-D-glucopyranoside; ΔMass: 1.9945 Da]",C30 H26 N4 O6,Full match,Invalid mass,No results,No match,-2.51,538.18389,1.27,866370089.2,DDA for preferred ion,834363.2781,97049.38506,101831.9044,161967398.2,92510.31671,92171.64856,92745.21421,85445.76565,124510.831,794167701.3,100361.8972,866370089.2,834363.2781,97049.38506,101831.9044,161967398.2,92510.31671,92171.64856,92745.21421,85445.76565,124510.831,794167701.3,100361.8972,866370089.2,Full gap,Full gap,Full gap,No gap,Full gap,Full gap,Full gap,Full gap,Full gap,No gap,Full gap,No gap,128,32,32,0,32,32,32,32,32,0,32,0
D-(+)-Maltose,C12 H22 O11,Full match,Full match,Partial match,Full match,0.63,342.11643,11.852,854236357.7,DDA for preferred ion,382268985.2,2643815.912,2291949.451,70824111.94,1938563.914,854236357.7,276581398.3,2427818.254,5721084.717,53279391.56,3091581.89,34031593.85,382268985.2,2643815.912,2291949.451,70824111.94,1938563.914,854236357.7,276581398.3,2427818.254,5721084.717,53279391.56,3091581.89,34031593.85,Full gap,Full gap,Full gap,Full gap,Full gap,No gap,Full gap,Full gap,Full gap,Full gap,Full gap,Full gap,128,16,128,16,16,0,16,128,128,16,128,16
[Similar to: D-(+)-Maltose; ΔMass: 35.9769 Da],C13 H19 Cl N4 O7,Full match,Invalid mass,No results,No results,-2.96,378.09311,11.922,822780109.7,DDA for preferred ion,707683902.3,1208924.741,711172.7809,249312462.5,10150753.74,822780109.7,655678715.9,761621.1402,10087024.11,72258127.56,2129101.926,59754159.03,707683902.3,1208924.741,711172.7809,249312462.5,10150753.74,822780109.7,655678715.9,761621.1402,10087024.11,72258127.56,2129101.926,59754159.03,No gap,Full gap,Full gap,Full gap,Full gap,Full gap,No gap,Full gap,Full gap,Full gap,Full gap,Full gap,0,16,128,128,128,64,0,32,128,128,16,128
6-Deoxy-alpha-D-arabino-hexopyranos-3-ulose,C6 H10 O5,Full match,Invalid mass,Partial match,Full match,-0.39,162.05276,11.741,812698843.3,DDA for preferred ion,638028488.6,639246.978,541215.0623,24352315.31,1533767.478,734781934,812698843.3,952157.0716,1188251.532,30682694.53,391480.3649,19467993.14,638028488.6,639246.978,541215.0623,24352315.31,1533767.478,734781934,812698843.3,952157.0716,1188251.532,30682694.53,391480.3649,19467993.14,No gap,Full gap,Full gap,Full gap,Full gap,No gap,No gap,Full gap,Full gap,Full gap,Full gap,Full gap,0,16,128,128,128,0,0,16,128,128,128,128
"[Similar to: (7Z)-7-{3-[(2-Chloro-5-nitrophenyl)amino]-5-oxo-1-(2,4,6-trichlorophenyl)-1,5-dihydro-4H-pyrazol-4-ylidene}-2,3-diphenyl-1(7H)-indolizinone; ΔMass: -517.0843 Da]",C3 H5 N2 P S3,Full match,Invalid mass,No results,No results,-2.33,195.93479,15.041,792873210.3,DDA for preferred ion,716110859.8,552101088.6,625107280,474290280.3,713202655.7,717500003.5,772664113.3,623586887.2,792873210.3,143190564.1,425979258.9,131727107.5,716110859.8,552101088.6,625107280,474290280.3,713202655.7,717500003.5,772664113.3,623586887.2,792873210.3,143190564.1,425979258.9,131727107.5,Full gap,Full gap,Full gap,Full gap,Full gap,Full gap,Full gap,Full gap,Full gap,No gap,Full gap,No gap,64,64,64,64,64,64,64,64,64,0,64,0
,,No results,No results,No results,No results,,197.90219,12.835,755536935.6,DDA for preferred ion,428408751.3,11008643.28,9049896.918,213483354.2,58784990.24,605796156.9,755536935.6,20626621.08,109621050.1,137323512.8,60039670.14,83156932.88,428408751.3,11008643.28,9049896.918,213483354.2,58784990.24,605796156.9,755536935.6,20626621.08,109621050.1,137323512.8,60039670.14,83156932.88,No gap,Full gap,Full gap,No gap,Full gap,No gap,No gap,Full gap,No gap,No gap,Full gap,Full gap,0,128,128,0,128,0,0,128,0,0,128,128
2-Methoxy-6-methyl-4H-pyran-4-one,C7 H8 O3,Full match,Invalid mass,No results,Full match,0.4,140.0474,1.345,755289790.9,DDA for preferred ion,7910516.378,8197966.274,10448440.64,755289790.9,18982269.23,3996615.616,1111684.87,11171890.45,7519445.851,271687786.9,14013656.69,227514659.5,7910516.378,8197966.274,10448440.64,755289790.9,18982269.23,3996615.616,1111684.87,11171890.45,7519445.851,271687786.9,14013656.69,227514659.5,Full gap,Full gap,Full gap,No gap,Full gap,Full gap,Full gap,Full gap,Full gap,No gap,Full gap,No gap,128,128,128,0,128,128,128,128,128,0,128,0
"3-[2-(1,3-Benzodioxol-5-yl)-7-methoxy-1-benzofuran-5-yl]-3-hydroxypropyl hexopyranoside",C25 H28 O11,No match,Invalid mass,No results,No match,11.88,504.16915,13.603,750666482.1,DDA for preferred ion,610006494.7,14312123.2,33793286.83,143557324,60113640.34,634661207.8,750666482.1,2295859.715,7497912.769,108434132.5,23963844.06,141605031.3,610006494.7,14312123.2,33793286.83,143557324,60113640.34,634661207.8,750666482.1,2295859.715,7497912.769,108434132.5,23963844.06,141605031.3,Full gap,Full gap,Full gap,Full gap,Full gap,Full gap,No gap,Full gap,Full gap,Full gap,Full gap,Full gap,64,128,128,128,128,64,0,128,128,128,128,128
Methylmalonic acid,C4 H6 O4,Full match,Full match,Partial match,Partial match,0.5,118.02667,3.433,718745132.4,DDA for preferred ion,115646615.2,41499693.71,105652979.2,718745132.4,136864479.9,132294124.4,159751242.7,20902280.67,33792845.27,398831.8328,275595.634,470258.3009,115646615.2,41499693.71,105652979.2,718745132.4,136864479.9,132294124.4,159751242.7,20902280.67,33792845.27,398831.8328,275595.634,470258.3009,No gap,Full gap,No gap,No gap,No gap,No gap,No gap,Full gap,Full gap,Full gap,Full gap,Full gap,0,128,0,0,0,0,0,128,128,16,16,16
[Similar to: Lamiide; ΔMass: -206.1024 Da],C6 H13 Cl O6,Full match,Invalid mass,No match,No match,-0.2,216.04002,7.823,681705635.6,DDA for preferred ion,681705635.6,2824103.693,2064617.362,213582503.9,3085569.871,574890238.6,378646398.5,2811330.071,3073242.028,246145017.3,5272392.653,320064867.1,681705635.6,2824103.693,2064617.362,213582503.9,3085569.871,574890238.6,378646398.5,2811330.071,3073242.028,246145017.3,5272392.653,320064867.1,No gap,Full gap,Full gap,Full gap,Full gap,No gap,No gap,Full gap,Full gap,Full gap,Full gap,Full gap,0,128,128,128,128,0,0,128,128,128,128,128
"[Similar to: 16-Acetoxy-3-{[hexopyranosyl-(1->6)hexopyranosyl-(1->4)-2,6-dideoxy-3-O-methylhexopyranosyl]oxy}-14-hydroxycard-20(22)-enolide; ΔMass: -594.3404 Da]",C12 H18 O9,Full match,Invalid mass,No results,No match,0.08,306.09511,4.815,664436604.4,DDA for preferred ion,455097197.3,6600328.5,9277683.169,156732292.2,13018951.66,518984520.8,664436604.4,10576160.44,11577184.65,63973630.63,17749295.51,18421348.13,455097197.3,6600328.5,9277683.169,156732292.2,13018951.66,518984520.8,664436604.4,10576160.44,11577184.65,63973630.63,17749295.51,18421348.13,No gap,Full gap,Full gap,Full gap,Full gap,No gap,No gap,Full gap,Full gap,Full gap,Full gap,Full gap,0,128,128,128,128,0,0,128,128,128,128,128
,,No results,No results,No results,No results,,244.97527,4.341,663822872,DDA for preferred ion,469809563.7,393159.7827,484406.5913,187797392.6,503694020.3,481362242.5,663822872,363384.4638,477367.3936,1138626.822,539896.8632,1356698.427,469809563.7,393159.7827,484406.5913,187797392.6,503694020.3,481362242.5,663822872,363384.4638,477367.3936,1138626.822,539896.8632,1356698.427,No gap,Full gap,Full gap,Full gap,No gap,No gap,No gap,Full gap,Full gap,Full gap,Full gap,Full gap,0,32,32,128,0,0,0,32,32,16,16,16
Methylmalonic acid,C4 H6 O4,Full match,Full match,Partial match,Partial match,0.49,118.02667,3.681,652023332.9,DDA for preferred ion,407797.1857,284112.1208,470757.6303,2488811.587,860086.1511,437766.1652,675800.6814,308918.14,424088.5363,606433087.7,85876396.31,652023332.9,407797.1857,284112.1208,470757.6303,2488811.587,860086.1511,437766.1652,675800.6814,308918.14,424088.5363,606433087.7,85876396.31,652023332.9,Full gap,Full gap,Full gap,Full gap,Full gap,Full gap,Full gap,Full gap,Full gap,No gap,No gap,No gap,16,16,16,16,16,16,16,16,16,0,0,0
L-(+)-Lactic acid,C3 H6 O3,Full match,Full match,Full match,Full match,0.18,90.03171,4.34,641857885.3,DDA for preferred ion,420197160.3,4779567.536,3916911.325,228589726.1,548367925.3,641857885.3,569864324.2,1000691.727,4980773.183,7217895.741,5636922.79,6438070.316,420197160.3,4779567.536,3916911.325,228589726.1,548367925.3,641857885.3,569864324.2,1000691.727,4980773.183,7217895.741,5636922.79,6438070.316,No gap,Full gap,Full gap,Full gap,No gap,No gap,No gap,Full gap,Full gap,Full gap,Full gap,Full gap,0,16,128,128,0,0,0,128,128,16,16,16
"3-[2-(1,3-Benzodioxol-5-yl)-7-methoxy-1-benzofuran-5-yl]-3-hydroxypropyl hexopyranoside",C25 H28 O11,No match,Invalid mass,No results,No results,91262.94,550.17457,13.6,602239866.8,DDA for preferred ion,523698429.5,6866226.914,16443538.58,100242257,30461160.02,543593700.3,602239866.8,1339945.766,3456025.686,69640668.45,11265956.77,99013452.33,523698429.5,6866226.914,16443538.58,100242257,30461160.02,543593700.3,602239866.8,1339945.766,3456025.686,69640668.45,11265956.77,99013452.33,No gap,Full gap,Full gap,Full gap,Full gap,No gap,Full gap,Full gap,Full gap,Full gap,Full gap,Full gap,0,128,128,128,128,0,64,128,128,128,128,128
,,No results,No results,No results,No results,,260.84673,15.011,574059759.2,DDA for preferred ion,159572799.6,512793562.3,520877935.8,161404083.1,516729459.3,136673491.3,132006467.7,574059759.2,513840634.2,28861003.88,338284925.9,28223745.81,159572799.6,512793562.3,520877935.8,161404083.1,516729459.3,136673491.3,132006467.7,574059759.2,513840634.2,28861003.88,338284925.9,28223745.81,No gap,No gap,No gap,No gap,No gap,No gap,No gap,No gap,No gap,Full gap,No gap,Full gap,0,0,0,0,0,0,0,0,0,128,0,128
"N',N''-{Methylenebis[(4-oxo-1,5-cyclohexadien-1-yl-3-ylidene)(E)methylylidene]}bis(4-methoxybenzohydrazide)",C31 H28 N4 O6,Full match,Invalid mass,No results,Full match,-2.38,552.19957,1.276,500483722.1,DDA for preferred ion,574157.7289,43795.792,39064.65545,66250340.62,40970.15563,39725.45321,36596.30156,36254.5038,46621.37854,484851721,45019.46989,500483722.1,574157.7289,43795.792,39064.65545,66250340.62,40970.15563,39725.45321,36596.30156,36254.5038,46621.37854,484851721,45019.46989,500483722.1,Full gap,Full gap,Full gap,Full gap,Full gap,Full gap,Full gap,Full gap,Full gap,No gap,Full gap,No gap,16,32,32,128,32,32,32,32,32,0,32,0
,,No results,No results,No results,No results,,113.99297,8.79,486733263.7,DDA for preferred ion,252015679.2,263927543.7,312786240.7,383761947.3,486733263.7,312210127.3,358392530.9,328048062.8,435470556.3,321350145.3,378890145.9,281730698.8,252015679.2,263927543.7,312786240.7,383761947.3,486733263.7,312210127.3,358392530.9,328048062.8,435470556.3,321350145.3,378890145.9,281730698.8,No gap,No gap,No gap,No gap,No gap,No gap,No gap,No gap,No gap,No gap,No gap,No gap,,,,,,,,,,,,
Perillic acid,C10 H14 O2,Full match,Full match,No results,Full match,-0.42,166.09931,1.351,454065318.2,DDA for preferred ion,1646001.138,48148.46533,51710.61771,106555692.9,57407.74482,268435.8248,74653.83732,50384.00676,50692.43921,454065318.2,50954.61046,421456438.4,1646001.138,48148.46533,51710.61771,106555692.9,57407.74482,268435.8248,74653.83732,50384.00676,50692.43921,454065318.2,50954.61046,421456438.4,Full gap,Full gap,Full gap,No gap,Full gap,Full gap,Full gap,Full gap,Full gap,No gap,Full gap,No gap,128,32,32,0,32,128,32,32,32,0,32,0
,,No results,No results,No results,No results,,188.04921,4.336,441300256.9,DDA for preferred ion,269354723.6,276998.3767,341130.856,57058152.26,329272894.7,308757041.5,441300256.9,256008.1958,283499.1702,691291.9146,306692.4748,415239.5352,269354723.6,276998.3767,341130.856,57058152.26,329272894.7,308757041.5,441300256.9,256008.1958,283499.1702,691291.9146,306692.4748,415239.5352,No gap,Full gap,Full gap,Full gap,No gap,No gap,No gap,Full gap,Full gap,Full gap,Full gap,Full gap,0,32,32,128,0,0,0,32,32,16,32,32
"3-Methoxy-4-(methoxycarbonyl)-5-methylphenyl 4-[(2,4-dimethoxy-6-methylbenzoyl)oxy]-2-methoxy-6-methylbenzoate",C29 H30 O10,Full match,Invalid mass,No results,Full match,-0.02,538.18389,1.397,439670614,DDA for preferred ion,909867.1122,65515.12716,68824.61084,208202605,88499.89205,159326.4109,73218.66741,65973.25209,76172.12276,439670614,77603.62065,425908291.8,909867.1122,65515.12716,68824.61084,208202605,88499.89205,159326.4109,73218.66741,65973.25209,76172.12276,439670614,77603.62065,425908291.8,Full gap,Full gap,Full gap,No gap,Full gap,Full gap,Full gap,Full gap,Full gap,No gap,Full gap,No gap,128,32,32,0,32,16,32,32,32,0,32,0
Uridine,C9 H12 N2 O6,Full match,Full match,Full match,Full match,-0.27,244.06947,3.907,432746061.1,DDA for preferred ion,322077465.4,96281348.83,118871181.7,188918790.7,227421720.9,349939727.6,432746061.1,115745800.4,355650158.9,136705580.9,173894050.6,106449003.7,322077465.4,96281348.83,118871181.7,188918790.7,227421720.9,349939727.6,432746061.1,115745800.4,355650158.9,136705580.9,173894050.6,106449003.7,Missing ions,Full gap,Full gap,Missing ions,Missing ions,Missing ions,No gap,Full gap,Missing ions,Full gap,Missing ions,Full gap,0,128,128,0,0,0,0,128,0,128,0,128
[Similar to: (±)17(18)-DiHETE; ΔMass: 230.9345 Da],C19 H29 N5 O15,Full match,Invalid mass,No results,No results,-2.48,567.16461,13.768,392718351.6,DDA for preferred ion,319343486.9,145261.8037,211940.4651,49260343.71,2811165.859,392718351.6,344686860,157776.807,497332.8989,32181658.33,453707.3791,46420323.91,319343486.9,145261.8037,211940.4651,49260343.71,2811165.859,392718351.6,344686860,157776.807,497332.8989,32181658.33,453707.3791,46420323.91,No gap,Full gap,Full gap,Full gap,Full gap,No gap,No gap,Full gap,Full gap,Full gap,Full gap,Full gap,0,16,16,128,128,0,0,16,16,128,16,128
"N-Acetyl-2,7-anhydro-Î±-neuraminic acid",C11 H17 N O8,Full match,Invalid mass,No results,Full match,0.19,291.09547,11.448,388132070.6,DDA for preferred ion,167286091.6,219881710.5,265184582.2,341459643.7,347704652.9,176548250,236434772.7,278621425.1,380437572.7,345146455.9,388132070.6,318085984.9,167286091.6,219881710.5,265184582.2,341459643.7,347704652.9,176548250,236434772.7,278621425.1,380437572.7,345146455.9,388132070.6,318085984.9,Full gap,Full gap,Full gap,Full gap,No gap,Full gap,Full gap,Full gap,No gap,Full gap,Full gap,Full gap,128,128,128,128,0,128,128,128,0,128,128,128
3-Allyl-2-hydroxybenzoic acid,C10 H10 O3,Full match,Full match,No results,Partial match,-0.17,178.06296,1.33,383768599.7,DDA for preferred ion,1074115.734,521125.4926,372547.6201,69892690.85,772498.6454,612315.622,552359.4526,142668.9478,382965.3829,383768599.7,669181.8903,277632577.8,1074115.734,521125.4926,372547.6201,69892690.85,772498.6454,612315.622,552359.4526,142668.9478,382965.3829,383768599.7,669181.8903,277632577.8,Full gap,Full gap,Full gap,No gap,Full gap,Full gap,Full gap,Full gap,Full gap,No gap,Full gap,No gap,128,128,128,0,128,128,128,128,128,0,128,0
[Similar to: 5(S)-HpEPE; ΔMass: 70.8976 Da],C12 H23 N O14,Full match,Invalid mass,No results,No results,0.43,405.11203,12.211,374771224.2,DDA for preferred ion,57097482.63,112349603,137523121.1,374771224.2,60424975.51,59819661.11,47710177.01,32463150.32,95038420.38,323056694.8,83394467.98,328640373,57097482.63,112349603,137523121.1,374771224.2,60424975.51,59819661.11,47710177.01,32463150.32,95038420.38,323056694.8,83394467.98,328640373,Full gap,No gap,No gap,No gap,Full gap,Full gap,Full gap,Full gap,Full gap,No gap,Full gap,No gap,128,0,0,0,128,128,128,128,128,0,128,0
3-Ethoxy-4-hydroxyphenylacetic acid,C10 H12 O4,Full match,Not the top hit,Partial match,Full match,0.09,196.07358,1.361,364579100.8,DDA for preferred ion,1033061.176,620254.6673,285935.237,135956026.6,3694892.856,609606.7243,577257.9017,717664.2314,504659.3674,177183667.7,1069910.269,364579100.8,1033061.176,620254.6673,285935.237,135956026.6,3694892.856,609606.7243,577257.9017,717664.2314,504659.3674,177183667.7,1069910.269,364579100.8,Full gap,Full gap,Full gap,No gap,Full gap,Full gap,Full gap,Full gap,Full gap,No gap,Full gap,No gap,128,128,128,0,128,128,128,128,16,0,128,0
Methyl acetoacetate,C5 H8 O3,Full match,Full match,Partial match,Not the top hit,0.41,116.04739,2.844,340214971.6,DDA for preferred ion,592684.0152,99129876.44,255783935.3,2368158.522,340214971.6,2118058.681,845627.5506,1344932.91,2749857.412,1125983.433,107280981.2,1154779.365,592684.0152,99129876.44,255783935.3,2368158.522,340214971.6,2118058.681,845627.5506,1344932.91,2749857.412,1125983.433,107280981.2,1154779.365,Full gap,Full gap,No gap,Full gap,No gap,Full gap,Full gap,Full gap,Full gap,Full gap,Full gap,Full gap,128,128,0,128,0,128,128,128,128,128,128,128
,C12 H23 Cl O11,Full match,No results,No results,No results,0.62,378.09312,12.22,337518755.6,DDA for preferred ion,47005344.89,100564131.9,133396916.2,337518755.6,44765312.19,42070429.96,35185374.38,24467105.5,113163114.8,263292052.2,67607838.88,275702579.6,47005344.89,100564131.9,133396916.2,337518755.6,44765312.19,42070429.96,35185374.38,24467105.5,113163114.8,263292052.2,67607838.88,275702579.6,Full gap,Full gap,No gap,Full gap,Full gap,Full gap,Full gap,Full gap,Full gap,Full gap,Full gap,Full gap,128,128,0,64,128,128,128,128,128,64,128,64
6-Oxohexanoic acid,C6 H10 O3,Full match,Invalid mass,Partial match,Full match,0.65,130.06308,2.407,331219286.5,DDA for preferred ion,2396538.862,50885019.73,331219286.5,10659547.7,222183613.6,3914963.786,3989212.455,1830160.415,6573811.366,15539486.82,51468773.58,2868506.663,2396538.862,50885019.73,331219286.5,10659547.7,222183613.6,3914963.786,3989212.455,1830160.415,6573811.366,15539486.82,51468773.58,2868506.663,Full gap,Full gap,No gap,Full gap,Full gap,Full gap,Full gap,Full gap,Full gap,Full gap,Full gap,Full gap,128,128,0,128,128,128,128,128,128,128,128,128
[Similar to: 4-(2-thienyl)benzoic acid; ΔMass: -6.1318 Da],,No results,Invalid mass,No results,No results,,197.89265,15.027,330911765.1,DDA for preferred ion,172505517.3,268029100.2,257670582.1,273188086.1,307043727,214437272.5,180561231.9,281400754.6,330911765.1,153297948.5,282220119.2,150724520.6,172505517.3,268029100.2,257670582.1,273188086.1,307043727,214437272.5,180561231.9,281400754.6,330911765.1,153297948.5,282220119.2,150724520.6,No gap,No gap,No gap,No gap,No gap,No gap,No gap,No gap,No gap,No gap,No gap,No gap,,,,,,,,,,,,
"[Similar to: 3-(3,5-dichlorophenyl)-5-methyl-1,3-oxazolane-2,4-dione; ΔMass: -67.0446 Da]",,No results,Invalid mass,No results,No results,,191.93574,0.094,327805722.1,DDA for preferred ion,48233858.66,69197829.39,78033494.75,77780948.2,83651921.74,75953745.82,83630849.6,80061013.25,88051179.18,277056808.5,69254902.29,327805722.1,48233858.66,69197829.39,78033494.75,77780948.2,83651921.74,75953745.82,83630849.6,80061013.25,88051179.18,277056808.5,69254902.29,327805722.1,Full gap,Full gap,Full gap,Full gap,Full gap,Full gap,Full gap,Full gap,Full gap,No gap,Full gap,No gap,128,128,128,128,128,128,128,128,128,0,128,0
2-[6-(1H-benzo[d]imidazol-2-yl)-2-pyridyl]-1H-benzo[d]imidazole,C19 H13 N5,No match,Invalid mass,No results,No match,3232.56,312.1228,7.071,324452488.4,DDA for preferred ion,72847.54759,59705964.68,144667045.4,146444.8616,200178.7137,136513.4376,83965.46463,75111915.4,324452488.4,80936.83726,163969255,85646.86638,72847.54759,59705964.68,144667045.4,146444.8616,200178.7137,136513.4376,83965.46463,75111915.4,324452488.4,80936.83726,163969255,85646.86638,Full gap,Full gap,No gap,Full gap,Full gap,Full gap,Full gap,Full gap,No gap,Full gap,No gap,Full gap,32,128,0,16,128,16,32,128,0,32,0,32
"[Similar to: O1-(2-thienylcarbonyl)-2-({5-[4-(tert-butyl)phenyl]-4-methyl-4H-1,2,4-triazol-3-yl}thio)ethanehydroximamide; ΔMass: 138.0353 Da]",C19 H29 N5 O15,Full match,Invalid mass,No results,No results,-2.49,567.16461,13.602,322676218,DDA for preferred ion,290049814.2,2196318.401,9275432.074,74480033.17,25839783.64,277433311.6,322676218,413316.9623,2615015.395,58778783.54,7384304.624,66417886.6,290049814.2,2196318.401,9275432.074,74480033.17,25839783.64,277433311.6,322676218,413316.9623,2615015.395,58778783.54,7384304.624,66417886.6,No gap,Full gap,Full gap,Full gap,Full gap,No gap,No gap,Full gap,Full gap,Full gap,Full gap,Full gap,0,128,128,128,128,0,0,128,128,128,128,128
"?,?'-diglycerol",C6 H14 O5,Full match,No results,No results,Full match,-0.44,166.08405,7.14,307151542.4,DDA for preferred ion,536979.3171,112730349,123868060.7,6456107.78,111404383.7,279770.6555,188619.6123,158738996.9,307151542.4,8196397.566,250552825.5,6383201.595,536979.3171,112730349,123868060.7,6456107.78,111404383.7,279770.6555,188619.6123,158738996.9,307151542.4,8196397.566,250552825.5,6383201.595,Full gap,Full gap,Full gap,Full gap,Full gap,Full gap,Full gap,Full gap,No gap,Full gap,No gap,Full gap,128,128,128,128,128,128,32,128,0,128,0,128
,C9 H5 N2 O5 P,Full match,No results,No results,No results,0.58,251.99375,7.074,252281382.1,DDA for preferred ion,617303.0775,80048382.97,141840572.9,755790.1945,2345814.027,505692.6163,668221.2308,99214299.56,240877669,500791.6043,252281382.1,520851.976,617303.0775,80048382.97,141840572.9,755790.1945,2345814.027,505692.6163,668221.2308,99214299.56,240877669,500791.6043,252281382.1,520851.976,Full gap,Full gap,No gap,Full gap,Full gap,Full gap,Full gap,Full gap,No gap,Full gap,No gap,Full gap,128,128,0,128,128,128,128,128,0,128,0,128
2-O-beta-L-Arabinofuranosyl-beta-L-arabinofuranose,C10 H18 O9,Full match,Invalid mass,No results,Not the top hit,-0.02,282.09508,4.403,251743991.8,DDA for preferred ion,139299114.2,58518817.01,134356638,246910327.3,152458731.7,163479255.3,211232999.9,167511.3965,17859898.47,251743991.8,91710845.95,231985103,139299114.2,58518817.01,134356638,246910327.3,152458731.7,163479255.3,211232999.9,167511.3965,17859898.47,251743991.8,91710845.95,231985103,Full gap,Full gap,Full gap,No gap,Full gap,No gap,No gap,Full gap,Full gap,No gap,Full gap,No gap,128,128,128,0,128,0,0,32,128,0,128,0
L-Glutamic acid,C5 H9 N O4,Full match,Full match,Full match,Full match,0.39,147.05321,12.05,248443343.4,DDA for preferred ion,34181369.52,50608482.48,37763035.4,43072832.56,20227555.2,39143572.1,55685615.55,90360419.04,248443343.4,24991642.93,93755285.71,37111854.26,34181369.52,50608482.48,37763035.4,43072832.56,20227555.2,39143572.1,55685615.55,90360419.04,248443343.4,24991642.93,93755285.71,37111854.26,Full gap,Full gap,Full gap,Full gap,Full gap,Full gap,Full gap,No gap,No gap,Full gap,No gap,Full gap,128,128,128,128,128,128,128,0,0,128,0,128
ethyl 4-[2-(4-methylbenzoyl)hydrazino]-2-(trifluoromethyl)pyrimidine-5-carboxylate,C16 H15 F3 N4 O3,No match,Invalid mass,No results,No match,7.98,368.11256,7.954,248379421.5,DDA for preferred ion,199909359.6,243803.7071,239392.0332,75814664.42,266977.8628,161444297.6,248379421.5,244721.9196,272532.2735,53032462.12,252736.8428,48257286.43,199909359.6,243803.7071,239392.0332,75814664.42,266977.8628,161444297.6,248379421.5,244721.9196,272532.2735,53032462.12,252736.8428,48257286.43,Full gap,Full gap,Full gap,Full gap,Full gap,Full gap,No gap,Full gap,Full gap,Full gap,Full gap,Full gap,128,32,32,128,32,128,0,32,32,128,32,128
"2-Amino-N'-(2,4-dinitrophenyl)-5-hydroxypentanehydrazide",C11 H15 N5 O6,Full match,Invalid mass,No results,Full match,0.24,313.10231,3.824,238389802,DDA for preferred ion,14268500.53,95494828.4,95158308.52,141379051,140678576.8,16252229.77,19128396.55,106217703.6,238389802,102908402.4,169626808.9,96079192.27,14268500.53,95494828.4,95158308.52,141379051,140678576.8,16252229.77,19128396.55,106217703.6,238389802,102908402.4,169626808.9,96079192.27,Full gap,Full gap,Full gap,No gap,No gap,Full gap,Full gap,Full gap,No gap,Full gap,No gap,Full gap,128,128,128,0,0,128,128,128,0,128,0,128
DL-Mevalonic acid,C6 H12 O4,Full match,Invalid mass,Full match,Full match,0.46,148.07363,3.244,237808033.6,DDA for preferred ion,371362.8177,42837983.77,157213709.5,31401609.82,114115498.1,714446.6202,421365.9994,2941105.053,237808033.6,31445996.89,50190883.17,30436414.55,371362.8177,42837983.77,157213709.5,31401609.82,114115498.1,714446.6202,421365.9994,2941105.053,237808033.6,31445996.89,50190883.17,30436414.55,Full gap,Full gap,No gap,Full gap,No gap,Full gap,Full gap,Full gap,No gap,Full gap,Full gap,Full gap,128,128,0,128,0,128,128,128,0,128,128,128
Citric acid,C6 H8 O7,Full match,Full match,Full match,Full match,0.18,192.02704,15.045,235617865,DDA for preferred ion,35052579.72,1606992.467,1822727.267,69564159.68,1617902.546,68683869.93,235617865,2444376.819,2835138.741,34976668.93,4101968.999,22054289.85,35052579.72,1606992.467,1822727.267,69564159.68,1617902.546,68683869.93,235617865,2444376.819,2835138.741,34976668.93,4101968.999,22054289.85,Full gap,Full gap,Full gap,Full gap,Full gap,Full gap,No gap,Full gap,Full gap,Full gap,Full gap,Full gap,128,128,128,128,128,128,0,128,128,128,128,128
,,No results,No results,No results,No results,,244.90657,2.289,233056776.6,DDA for preferred ion,157327589.7,655161.8187,208590.5957,5412017.152,525220.6705,204363627.7,233056776.6,76455.14748,82661.99952,470791.6808,278081.3098,247949.3574,157327589.7,655161.8187,208590.5957,5412017.152,525220.6705,204363627.7,233056776.6,76455.14748,82661.99952,470791.6808,278081.3098,247949.3574,No gap,Full gap,Full gap,Full gap,Full gap,No gap,No gap,Full gap,Full gap,Full gap,Full gap,Full gap,0,128,16,128,128,0,0,32,32,128,16,16
Pyruvic acid,C3 H4 O3,Full match,Full match,Full match,Full match,0.16,88.01606,4.604,210967367.8,DDA for preferred ion,14539161,4919861.384,10248745.54,20211819.66,210967367.8,22605620.92,22820360.63,14584861.74,15474355.14,18383071.85,16079148.05,12489910.11,14539161,4919861.384,10248745.54,20211819.66,210967367.8,22605620.92,22820360.63,14584861.74,15474355.14,18383071.85,16079148.05,12489910.11,Full gap,Full gap,Full gap,Full gap,No gap,Full gap,Full gap,Full gap,Full gap,Full gap,Full gap,Full gap,128,128,128,128,0,128,128,128,128,128,128,128
"3,4-Dihydroxyphenylpropionic acid",C9 H10 O4,Full match,Full match,Partial match,Full match,-0.02,182.05791,1.496,203965047.9,DDA for preferred ion,749244.0699,374203.5589,605723.4582,197432151.8,617425.8626,1010404.353,1318020.578,694478.8355,645410.8768,203965047.9,879366.0534,193814045.8,749244.0699,374203.5589,605723.4582,197432151.8,617425.8626,1010404.353,1318020.578,694478.8355,645410.8768,203965047.9,879366.0534,193814045.8,Full gap,Full gap,Full gap,No gap,Full gap,Full gap,Full gap,Full gap,Full gap,No gap,Full gap,No gap,16,16,16,0,16,128,128,128,128,0,128,0
[Similar to: D-Glucose 6-phosphate; ΔMass: -162.0528 Da],,No results,Invalid mass,No results,No results,,97.97692,12.829,201193697.6,DDA for preferred ion,116153668.4,26176737.15,24854369.28,79079605.49,45586038.73,146575165.5,201193697.6,32755059.47,53520116.95,65829218.73,42091621.2,53005589.04,116153668.4,26176737.15,24854369.28,79079605.49,45586038.73,146575165.5,201193697.6,32755059.47,53520116.95,65829218.73,42091621.2,53005589.04,Full gap,Full gap,Full gap,Full gap,Full gap,Full gap,No gap,Full gap,Full gap,Full gap,Full gap,Full gap,128,128,128,128,128,128,0,128,128,128,128,128
[Similar to: N-(2-hydroxyethyl)-N'-propylthiourea; ΔMass: 55.8690 Da],,No results,Invalid mass,No results,No results,,217.95171,3.675,191539369.5,DDA for preferred ion,92481.58874,94347.05442,104660.3246,151626.4809,108749.6087,98992.98467,106676.5202,94917.98883,109798.5236,185891472.3,30577044.32,191539369.5,92481.58874,94347.05442,104660.3246,151626.4809,108749.6087,98992.98467,106676.5202,94917.98883,109798.5236,185891472.3,30577044.32,191539369.5,Full gap,Full gap,Full gap,Full gap,Full gap,Full gap,Full gap,Full gap,Full gap,No gap,Full gap,No gap,32,32,32,16,32,32,32,32,32,0,128,0
[Similar to: α-Cyclodextrin; ΔMass: -260.0901 Da],C29 H46 O16 P2,Full match,Invalid mass,No results,No results,1.09,712.22688,15.204,189779244.1,DDA for preferred ion,113562549.1,140908.6496,164972.6384,22832440.86,90462.09853,154799826.1,189779244.1,277650.7735,988422.4795,18930644.53,89173.34178,16099013.48,113562549.1,140908.6496,164972.6384,22832440.86,90462.09853,154799826.1,189779244.1,277650.7735,988422.4795,18930644.53,89173.34178,16099013.48,Full gap,Full gap,Full gap,Full gap,Full gap,No gap,No gap,Full gap,Full gap,Full gap,Full gap,Full gap,128,128,128,128,32,0,0,128,128,128,32,128
1-O-acetyl-alpha-maltose,C14 H24 O12,Full match,Invalid mass,No results,Full match,0.5,384.12697,13.768,188735141.7,DDA for preferred ion,124158050.2,84259.09635,84093.14846,16697426.3,1052219.966,161962355,188735141.7,111256.5435,93528.22611,10870357.54,243106.9763,15194542.63,124158050.2,84259.09635,84093.14846,16697426.3,1052219.966,161962355,188735141.7,111256.5435,93528.22611,10870357.54,243106.9763,15194542.63,Full gap,Full gap,Full gap,Full gap,Full gap,No gap,No gap,Full gap,Full gap,Full gap,Full gap,Full gap,128,32,32,128,128,0,0,16,128,128,128,128
Adenine,C5 H5 N5,Full match,Full match,Full match,Partial match,0.51,135.05456,3.29,187191354.7,DDA for preferred ion,128965480.9,1989418.772,1018915.656,475842.9428,1039854.171,162685773.9,187191354.7,3943634.496,6421650.699,275102.8107,4573306.674,380934.8831,128965480.9,1989418.772,1018915.656,475842.9428,1039854.171,162685773.9,187191354.7,3943634.496,6421650.699,275102.8107,4573306.674,380934.8831,No gap,Full gap,Full gap,Full gap,Full gap,No gap,No gap,Full gap,Full gap,Full gap,Full gap,Full gap,0,128,128,128,128,0,0,128,128,128,128,128
4-Nitrocatechol sulfate,C6 H5 N O7 S,No match,Full match,No results,No results,4.26,234.97967,3.292,180979315.7,DDA for preferred ion,94721894.48,1155577.069,320490.3243,179931.3131,264004.9212,151434741.4,180979315.7,3203134.534,2994496.888,430964.2725,1830455.159,320167.0628,94721894.48,1155577.069,320490.3243,179931.3131,264004.9212,151434741.4,180979315.7,3203134.534,2994496.888,430964.2725,1830455.159,320167.0628,Full gap,Full gap,Full gap,Full gap,Full gap,No gap,No gap,Full gap,Full gap,Full gap,Full gap,Full gap,128,128,128,128,32,0,0,128,128,16,128,16
[Similar to: 5(S)-HpEPE; ΔMass: 70.8976 Da],C12 H23 N O14,Full match,Invalid mass,No results,No results,0.45,405.11204,11.128,167883160.7,DDA for preferred ion,167883160.7,136251.2501,270483.9378,127477482.8,128171.1276,129236202.4,152419310.8,129442.7766,3087501.491,130881149.1,789221.4358,124501658.4,167883160.7,136251.2501,270483.9378,127477482.8,128171.1276,129236202.4,152419310.8,129442.7766,3087501.491,130881149.1,789221.4358,124501658.4,No gap,Full gap,Full gap,Full gap,Full gap,No gap,No gap,Full gap,Full gap,No gap,Full gap,Full gap,0,128,128,128,32,0,0,32,128,0,128,128
2-methoxyresorcinol sulfate,C7 H8 O6 S,Full match,Invalid mass,No results,Full match,-0.39,220.00407,1.181,160519565.9,DDA for preferred ion,360655.625,31070.97571,67592.28557,145088669.1,41392.28914,198401.2666,31948.30514,31143.08312,128725.3599,150444610.7,36641.46943,160519565.9,360655.625,31070.97571,67592.28557,145088669.1,41392.28914,198401.2666,31948.30514,31143.08312,128725.3599,150444610.7,36641.46943,160519565.9,Full gap,Full gap,Full gap,No gap,Full gap,Full gap,Full gap,Full gap,Full gap,No gap,Full gap,No gap,128,32,16,0,32,128,32,32,128,0,32,0
,,No results,No results,No results,No results,,129.96692,7.601,151997458.2,DDA for preferred ion,84075469.44,56940759.34,69609006.27,117368597.9,104119984.7,99633031.48,116435369,66060091.96,151997458.2,92613993.97,96502110.19,102595161.1,84075469.44,56940759.34,69609006.27,117368597.9,104119984.7,99633031.48,116435369,66060091.96,151997458.2,92613993.97,96502110.19,102595161.1,Full gap,Full gap,Full gap,No gap,Full gap,Full gap,No gap,Full gap,No gap,Full gap,Full gap,Full gap,128,128,128,0,128,128,0,128,0,128,128,128
3-Methylsalicylic acid,C8 H8 O3,Full match,Full match,Partial match,Partial match,0.42,152.04741,1.622,145783289.1,DDA for preferred ion,247436.2259,77849462.34,117345951.8,2181988.212,145783289.1,992328.851,229763.1674,1647178.455,5171464.587,864553.0821,114620679.5,819677.5299,247436.2259,77849462.34,117345951.8,2181988.212,145783289.1,992328.851,229763.1674,1647178.455,5171464.587,864553.0821,114620679.5,819677.5299,Full gap,No gap,No gap,Full gap,No gap,Full gap,Full gap,Full gap,Full gap,Full gap,No gap,Full gap,128,0,0,128,0,128,128,128,128,128,0,128
[Similar to: 4-(2-thienyl)benzoic acid; ΔMass: 13.9272 Da],,No results,Invalid mass,No results,No results,,217.9517,3.426,144279628.3,DDA for preferred ion,26609168.42,8336710.894,33162349.09,144279628.3,44246825.56,39330593.27,44420536.5,3816205.043,9715625.204,129750.637,138787.6097,121203.7535,26609168.42,8336710.894,33162349.09,144279628.3,44246825.56,39330593.27,44420536.5,3816205.043,9715625.204,129750.637,138787.6097,121203.7535,Full gap,Full gap,Full gap,No gap,Full gap,Full gap,Full gap,Full gap,Full gap,Full gap,Full gap,Full gap,128,128,128,0,128,128,128,128,128,32,32,32
D-(+)-Glucose,C6 H12 O6,Full match,Full match,Full match,Not the top hit,-0.28,180.06334,11.969,144130917.8,DDA for preferred ion,108785060,3471911.15,1734777.43,3689291.418,3034105.475,144130917.8,132885492.1,5706644.969,2893493.908,2415573.546,6240108.369,1974766.672,108785060,3471911.15,1734777.43,3689291.418,3034105.475,144130917.8,132885492.1,5706644.969,2893493.908,2415573.546,6240108.369,1974766.672,Full gap,Full gap,Full gap,Full gap,Full gap,Full gap,No gap,Full gap,Full gap,Full gap,Full gap,Full gap,128,128,16,128,16,128,0,128,16,128,128,128
1-Deoxy-1-(methylamino)hexitol,C7 H17 N O5,Full match,No results,No results,Full match,0.3,195.11073,4.661,142707359.8,DDA for preferred ion,95226079.23,26214723.91,37574848.51,12021791.63,16817155.61,114824511.1,142707359.8,58586164.48,121025921.9,10803856.39,65421452.63,11530644.94,95226079.23,26214723.91,37574848.51,12021791.63,16817155.61,114824511.1,142707359.8,58586164.48,121025921.9,10803856.39,65421452.63,11530644.94,Full gap,Full gap,Full gap,Full gap,Full gap,Full gap,No gap,Full gap,Full gap,Full gap,Full gap,Full gap,128,128,128,128,128,128,0,128,128,128,128,128
,,No results,No results,No results,No results,,246.97838,12.044,137568370.6,DDA for preferred ion,7693435.362,20610957.74,13023250.95,14417361.82,4913101.786,10748689.48,13340333.09,50945558,137568370.6,7258255.305,57144122.39,16039260.68,7693435.362,20610957.74,13023250.95,14417361.82,4913101.786,10748689.48,13340333.09,50945558,137568370.6,7258255.305,57144122.39,16039260.68,Full gap,Full gap,Full gap,Full gap,Full gap,Full gap,Full gap,Full gap,No gap,Full gap,Full gap,Full gap,128,128,128,128,128,128,128,128,0,128,128,128
,,No results,No results,No results,No results,,215.97248,2.848,134126860.8,DDA for preferred ion,237073.492,51647217.24,116038456.3,826289.4949,134126860.8,726525.6792,320663.733,582123.8935,854426.2288,281346.3859,46754058.41,319509.2954,237073.492,51647217.24,116038456.3,826289.4949,134126860.8,726525.6792,320663.733,582123.8935,854426.2288,281346.3859,46754058.41,319509.2954,Full gap,Full gap,No gap,Full gap,No gap,Full gap,Full gap,Full gap,Full gap,Full gap,Full gap,Full gap,128,128,0,128,0,128,128,128,128,128,128,128
,,No results,No results,No results,No results,,216.08044,2.005,129426684.5,DDA for preferred ion,40114.96442,16276247.81,35044174.01,4597724.436,129426684.5,42850.90842,42729.99221,522392.6322,429321.4993,1880924.468,20924518.38,1869058.368,40114.96442,16276247.81,35044174.01,4597724.436,129426684.5,42850.90842,42729.99221,522392.6322,429321.4993,1880924.468,20924518.38,1869058.368,Full gap,Full gap,Full gap,Full gap,No gap,Full gap,Full gap,Full gap,Full gap,Full gap,Full gap,Full gap,32,128,128,128,0,32,32,128,128,128,128,128
D-(+)-Maltose,C12 H22 O11,No match,Invalid mass,No results,No results,134474.04,388.12196,12.61,126551715.2,DDA for preferred ion,14848952.73,91983.25017,736088.891,126551715.2,449161.7467,20068124.25,20010976.09,559789.9689,6056745.281,49014733.15,95374.942,19308451.51,14848952.73,91983.25017,736088.891,126551715.2,449161.7467,20068124.25,20010976.09,559789.9689,6056745.281,49014733.15,95374.942,19308451.51,Full gap,Full gap,Full gap,No gap,Full gap,Full gap,Full gap,Full gap,Full gap,Full gap,Full gap,Full gap,128,128,16,0,128,128,128,16,128,16,32,16
1-Nitro-2-phenoxybenzene,C12 H9 N O3,No match,Invalid mass,No results,No match,-11.22,215.05583,12.076,122936827.7,DDA for preferred ion,2745759.869,26347618.94,35315492.06,23451654.25,122936827.7,4012796.855,4361137.426,7286870.82,21825439.07,21179170.95,33657507.58,12179968.12,2745759.869,26347618.94,35315492.06,23451654.25,122936827.7,4012796.855,4361137.426,7286870.82,21825439.07,21179170.95,33657507.58,12179968.12,Full gap,Full gap,Full gap,Full gap,No gap,Full gap,Full gap,Full gap,Full gap,Full gap,Full gap,Full gap,128,128,128,128,0,128,128,128,128,128,128,128
L-(+)-Lactic acid,C3 H6 O3,Full match,Full match,Full match,Full match,0.18,90.03171,2.231,115527476.9,DDA for preferred ion,5336613.889,29294867.21,69756428.61,86839197.58,115527476.9,8557835.795,8409783.296,23113437.14,98109656.03,93865322.15,59055461.54,96415514.56,5336613.889,29294867.21,69756428.61,86839197.58,115527476.9,8557835.795,8409783.296,23113437.14,98109656.03,93865322.15,59055461.54,96415514.56,Full gap,Full gap,No gap,No gap,No gap,Full gap,Full gap,Full gap,No gap,No gap,No gap,No gap,128,128,0,0,0,128,128,128,0,0,0,0
[Similar to: 4-(2-thienyl)benzoic acid; ΔMass: 43.9743 Da],,No results,Invalid mass,No results,No results,,247.99875,3.244,114351246.5,DDA for preferred ion,151609.4158,19934992.07,76292221.37,13900544.31,54042110.25,149815.4319,132767.6326,690586.8243,114351246.5,14223209.67,22201750.8,13782828.28,151609.4158,19934992.07,76292221.37,13900544.31,54042110.25,149815.4319,132767.6326,690586.8243,114351246.5,14223209.67,22201750.8,13782828.28,Full gap,Full gap,No gap,Full gap,Full gap,Full gap,Full gap,Full gap,No gap,Full gap,Full gap,Full gap,16,128,0,128,128,128,32,128,0,128,128,128
"N1-[4-(tert-butyl)phenyl]-2-[(4-methyl-4H-1,2,4-triazol-3-yl)thio]acetamide",C15 H20 N4 O S,No match,Invalid mass,No results,No match,-9.62,304.13286,1.896,111868106.2,DDA for preferred ion,92919.67064,16748975.28,3318018.926,4235264.637,5181069.749,105653.5682,105937.1047,111868106.2,13798856.83,4550301.247,40806603.99,3980568.016,92919.67064,16748975.28,3318018.926,4235264.637,5181069.749,105653.5682,105937.1047,111868106.2,13798856.83,4550301.247,40806603.99,3980568.016,Full gap,Full gap,Full gap,Full gap,Full gap,Full gap,Full gap,No gap,Full gap,Full gap,Full gap,Full gap,32,128,128,128,128,32,32,0,128,128,128,128
4-Hydroxybenzaldehyde,C7 H6 O2,Full match,Full match,Full match,Full match,0.56,122.03685,1.211,110272612.4,DDA for preferred ion,4182961.874,8856369.439,110272612.4,12076681.05,106982830.7,5041534.555,5731374.909,781298.3693,3494781.517,15007497.39,10712081.79,3923512.25,4182961.874,8856369.439,110272612.4,12076681.05,106982830.7,5041534.555,5731374.909,781298.3693,3494781.517,15007497.39,10712081.79,3923512.25,Full gap,Full gap,Full gap,Full gap,No gap,Full gap,Full gap,Full gap,Full gap,Full gap,Full gap,Full gap,128,128,128,128,0,128,128,128,128,128,128,128
9(S)-HpOTrE,C18 H30 O4,Full match,Invalid mass,Full match,Full match,0.26,310.21449,1.121,109918629.1,DDA for preferred ion,27495.99853,922253.1207,8866542.172,1225476.424,109918629.1,230429.565,29672.2589,2630265.587,7032319.938,2447593.73,797909.139,1206674.045,27495.99853,922253.1207,8866542.172,1225476.424,109918629.1,230429.565,29672.2589,2630265.587,7032319.938,2447593.73,797909.139,1206674.045,Full gap,Full gap,Full gap,Full gap,No gap,Full gap,Full gap,Full gap,Full gap,Full gap,Full gap,Full gap,32,128,128,128,0,128,32,128,128,128,128,128
"(3R,4R)-3,4-Dihydroxy-1,5-cyclohexadiene-1-carboxylic acid",C7 H8 O4,Full match,Invalid mass,Partial match,Full match,0.56,156.04235,1.678,106175863,DDA for preferred ion,328343.611,104538.7674,202999.9612,77954254.16,271539.9178,214962.1597,69650.31113,216832.7355,347508.6308,106175863,151355.7513,86708265.63,328343.611,104538.7674,202999.9612,77954254.16,271539.9178,214962.1597,69650.31113,216832.7355,347508.6308,106175863,151355.7513,86708265.63,Full gap,Full gap,Full gap,No gap,Full gap,Full gap,Full gap,Full gap,Full gap,No gap,Full gap,No gap,128,16,128,0,128,128,128,128,128,0,128,0
,C52 H84 O5 P2 S,Full match,No results,No results,No results,-0.07,882.55141,1.122,103717519.6,DDA for preferred ion,33531.86886,10286065.86,40169163.34,39685.26486,240584.1511,35719.87727,36185.85784,1267262.906,103717519.6,50029.47495,32424100.62,53932.39022,33531.86886,10286065.86,40169163.34,39685.26486,240584.1511,35719.87727,36185.85784,1267262.906,103717519.6,50029.47495,32424100.62,53932.39022,Full gap,Full gap,Full gap,Full gap,Full gap,Full gap,Full gap,Full gap,No gap,Full gap,Full gap,Full gap,32,128,128,32,128,32,32,128,0,32,128,32
,,No results,No results,No results,No results,,228.96782,8.656,103289536.1,DDA for preferred ion,32805976.81,68602.26729,160043.9907,84532590.61,1320823.924,78727741.92,103289536.1,226524.7935,880465.6304,67769.56977,67622.99695,66110.73901,32805976.81,68602.26729,160043.9907,84532590.61,1320823.924,78727741.92,103289536.1,226524.7935,880465.6304,67769.56977,67622.99695,66110.73901,Full gap,Full gap,Full gap,No gap,Full gap,No gap,No gap,Full gap,Full gap,Full gap,Full gap,Full gap,128,32,128,0,128,0,0,128,128,32,32,32
,,No results,No results,No results,No results,,192.08055,2.941,100569545.5,DDA for preferred ion,64840398.7,434267.0832,381250.6865,413948.0045,714156.8894,78503638.97,100569545.5,1724099.619,24803461.92,469490.9105,2718485.28,267504.7338,64840398.7,434267.0832,381250.6865,413948.0045,714156.8894,78503638.97,100569545.5,1724099.619,24803461.92,469490.9105,2718485.28,267504.7338,No gap,Full gap,Full gap,Full gap,Full gap,No gap,No gap,Full gap,Full gap,Full gap,Full gap,Full gap,0,128,128,128,128,0,0,128,128,128,128,128
Wikstromol,C20 H22 O7,Full match,Invalid mass,No results,Full match,0.32,374.13667,1.248,100382450.2,DDA for preferred ion,68665.5185,68548.91461,99157.17133,13724885.07,337123.3284,61639.36352,58053.03047,69148.71577,114052.1034,83102530.36,87099.20635,100382450.2,68665.5185,68548.91461,99157.17133,13724885.07,337123.3284,61639.36352,58053.03047,69148.71577,114052.1034,83102530.36,87099.20635,100382450.2,Full gap,Full gap,Full gap,Full gap,Full gap,Full gap,Full gap,Full gap,Full gap,No gap,Full gap,No gap,128,32,32,128,128,32,32,32,32,0,32,0
,C10 H3 N2 O5 P,Full match,No results,No results,No results,0.22,261.97801,2.222,97516767.06,DDA for preferred ion,7246409.766,37993526.3,70840419.79,88881200.26,93253161.1,10295786.18,12844373.94,34247947.63,97516767.06,72852246.41,87331.4995,75712315.87,7246409.766,37993526.3,70840419.79,88881200.26,93253161.1,10295786.18,12844373.94,34247947.63,97516767.06,72852246.41,87331.4995,75712315.87,Full gap,Full gap,No gap,No gap,No gap,Full gap,Full gap,Full gap,No gap,No gap,Full gap,No gap,128,128,0,0,0,128,128,128,0,0,32,0
[Similar to: N'1-(2-{[2-(phenylsulfonyl)ethyl]thio}acetyl)-2-chlorobenzene-1-carbohydrazide; ΔMass: 234.1398 Da],C35 H36 O6 P2 S,Full match,Invalid mass,No results,No results,1.28,646.17161,1.377,95890195.63,DDA for preferred ion,165472.9931,33864.68288,35575.35064,95890195.63,45745.47756,40614.8133,37846.63269,34101.48706,39373.26987,73788206.34,40113.20924,83560821.29,165472.9931,33864.68288,35575.35064,95890195.63,45745.47756,40614.8133,37846.63269,34101.48706,39373.26987,73788206.34,40113.20924,83560821.29,Full gap,Full gap,Full gap,No gap,Full gap,Full gap,Full gap,Full gap,Full gap,No gap,Full gap,No gap,16,32,32,0,32,32,32,32,32,0,32,0
[Similar to: NP-012816; ΔMass: -493.3063 Da],C9 H22 N O8 P,Full match,Invalid mass,No results,No match,0.16,303.10835,11.604,95831003.39,DDA for preferred ion,15531862.98,53883886.58,39178611.63,46213571.72,95831003.39,17757997.91,22483990.13,22041101.01,29201175.55,39767412.98,66428363.06,21535203.32,15531862.98,53883886.58,39178611.63,46213571.72,95831003.39,17757997.91,22483990.13,22041101.01,29201175.55,39767412.98,66428363.06,21535203.32,Full gap,Full gap,Full gap,Full gap,No gap,Full gap,Full gap,Full gap,Full gap,Full gap,Full gap,Full gap,128,128,128,128,0,128,128,128,128,128,128,128
"4-(1,3-Benzodioxol-5-ylmethyl)-3-(3,4,5-trimethoxybenzyl)tetrahydro-2-furanol",C22 H26 O7,Full match,Invalid mass,No results,Full match,0.21,402.16794,1.351,94771306.78,DDA for preferred ion,379764.1661,52834.01343,54661.27143,27221618.44,60683.48167,75154.5201,78913.65151,53258.96288,56240.49749,94771306.78,53862.12574,94017687.93,379764.1661,52834.01343,54661.27143,27221618.44,60683.48167,75154.5201,78913.65151,53258.96288,56240.49749,94771306.78,53862.12574,94017687.93,Full gap,Full gap,Full gap,Full gap,Full gap,Full gap,Full gap,Full gap,Full gap,No gap,Full gap,No gap,128,32,32,128,32,16,32,32,32,0,32,0
4-Oxoproline,C5 H7 N O3,Full match,Full match,Partial match,Partial match,0.47,129.04265,8.659,92018608.9,DDA for preferred ion,55054422.66,699806.4943,693032.2385,80594268.47,4113026.573,72976541.62,92018608.9,808535.4607,2196555.288,42790011.03,573817.0582,39406561.93,55054422.66,699806.4943,693032.2385,80594268.47,4113026.573,72976541.62,92018608.9,808535.4607,2196555.288,42790011.03,573817.0582,39406561.93,Full gap,Full gap,Full gap,No gap,Full gap,Full gap,No gap,Full gap,Full gap,Full gap,Full gap,Full gap,128,128,128,0,128,128,0,128,128,128,128,128
[Similar to: Glycerophospho-N-palmitoyl ethanolamine; ΔMass: 60.8444 Da],C15 H31 O17 P,Full match,Invalid mass,No results,No results,0.14,514.12996,12.225,89020372.18,DDA for preferred ion,603787.8145,2620969.566,13130110.64,4948599.133,1470486.454,669042.0499,1096321.683,2587765.58,89020372.18,1215860.124,4798452.523,881833.4901,603787.8145,2620969.566,13130110.64,4948599.133,1470486.454,669042.0499,1096321.683,2587765.58,89020372.18,1215860.124,4798452.523,881833.4901,Full gap,Full gap,Full gap,Full gap,Full gap,Full gap,Full gap,Full gap,No gap,Full gap,Full gap,Full gap,128,128,128,128,128,128,128,128,0,128,128,128
Phenylacetaldehyde,C8 H8 O,Full match,Full match,Full match,Partial match,0.3,120.05755,1.356,85788947.03,DDA for preferred ion,334586.9172,55470.27649,58189.40007,21662183.31,66137.59038,75846.69322,181054.1604,58045.77084,60621.33817,85788947.03,61760.59115,83010489,334586.9172,55470.27649,58189.40007,21662183.31,66137.59038,75846.69322,181054.1604,58045.77084,60621.33817,85788947.03,61760.59115,83010489,Full gap,Full gap,Full gap,Full gap,Full gap,Full gap,Full gap,Full gap,Full gap,No gap,Full gap,No gap,128,32,32,128,32,128,128,32,32,0,32,0
,,No results,No results,No results,No results,,184.97796,12.043,82116119.6,DDA for preferred ion,3055648.111,9358638.029,5649085.998,6945384.357,1412999.969,5217119.057,7609036.487,26134731.4,82116119.6,2446158.263,28785914.99,7531256.51,3055648.111,9358638.029,5649085.998,6945384.357,1412999.969,5217119.057,7609036.487,26134731.4,82116119.6,2446158.263,28785914.99,7531256.51,Full gap,Full gap,Full gap,Full gap,Full gap,Full gap,Full gap,Full gap,No gap,Full gap,Full gap,Full gap,128,128,128,128,128,128,128,128,0,128,128,128
"2,4,6-Trihydroxyacetophenone",C8 H8 O4,Full match,Full match,Partial match,Partial match,-0.28,168.04221,1.398,78905097.61,DDA for preferred ion,71279.98495,147569.8998,3322255.314,35756725.77,158483.1352,178529.7946,194173.9286,121155.5925,165276.6905,77947481.81,103157.1514,78905097.61,71279.98495,147569.8998,3322255.314,35756725.77,158483.1352,178529.7946,194173.9286,121155.5925,165276.6905,77947481.81,103157.1514,78905097.61,Full gap,Full gap,Full gap,Full gap,Full gap,Full gap,Full gap,Full gap,Full gap,No gap,Full gap,No gap,128,16,128,128,16,16,16,16,16,0,16,0
"1-(3,4-Dimethoxyphenyl)-4-(4-hydroxy-3-methoxyphenyl)dihydro-1H,3H-furo[3,4-c]furan-3a(4H)-ol",C21 H24 O7,Full match,Invalid mass,No results,Full match,0.52,388.1524,1.275,73111247.21,DDA for preferred ion,63861.16281,45212.42843,40328.25662,6651725.146,42295.39288,41010.42881,37780.06035,37427.20667,48129.41253,72884374.36,46475.6879,73111247.21,63861.16281,45212.42843,40328.25662,6651725.146,42295.39288,41010.42881,37780.06035,37427.20667,48129.41253,72884374.36,46475.6879,73111247.21,Full gap,Full gap,Full gap,Full gap,Full gap,Full gap,Full gap,Full gap,Full gap,No gap,Full gap,No gap,128,32,32,128,32,32,32,32,32,0,32,0
L-Iditol,C6 H14 O6,Full match,Full match,Full match,Full match,0,182.07904,8.572,66767481.9,DDA for preferred ion,21740551.06,38158193.31,32929980.94,6420622.311,34102208.3,225374.2181,18874789.57,20297968.64,33262785.72,4568606.453,66767481.9,3843089.722,21740551.06,38158193.31,32929980.94,6420622.311,34102208.3,225374.2181,18874789.57,20297968.64,33262785.72,4568606.453,66767481.9,3843089.722,Full gap,Full gap,Full gap,Full gap,Full gap,Full gap,Full gap,Full gap,Full gap,Full gap,No gap,Full gap,128,128,128,128,128,128,128,128,128,128,0,128
2-Methylglutaric acid,C6 H10 O4,Full match,Full match,Partial match,Partial match,0.39,146.05797,1.859,65452888.7,DDA for preferred ion,348639.2201,6996554.955,47758207.01,1339446.693,53287735.19,681103.0741,479081.2656,5506730.901,65452888.7,1219058.95,12145647.25,936997.194,348639.2201,6996554.955,47758207.01,1339446.693,53287735.19,681103.0741,479081.2656,5506730.901,65452888.7,1219058.95,12145647.25,936997.194,Full gap,Full gap,Full gap,Full gap,Full gap,Full gap,Full gap,Full gap,No gap,Full gap,Full gap,Full gap,128,128,128,128,128,128,128,128,0,128,128,128
threo-carolignan E,C40 H42 O13,Full match,Invalid mass,No results,Full match,-1.03,730.26179,1.351,60214924.4,DDA for preferred ion,43128.00047,32843.49267,34453.46329,11446649.96,39159.52114,43658.31691,41789.10441,34368.42161,34578.81251,60214924.4,34757.64728,57693917.71,43128.00047,32843.49267,34453.46329,11446649.96,39159.52114,43658.31691,41789.10441,34368.42161,34578.81251,60214924.4,34757.64728,57693917.71,Full gap,Full gap,Full gap,Full gap,Full gap,Full gap,Full gap,Full gap,Full gap,No gap,Full gap,No gap,32,32,32,128,32,32,32,32,32,0,32,0
Cytonic acid A,C32 H36 O10,Full match,Invalid mass,No results,Full match,-0.1,580.23079,1.066,53108227.51,DDA for preferred ion,31060.84873,38995.09468,47146.7789,1466999.875,36467.42727,30585.30974,31331.08143,37520.64656,61057.83991,31329010.66,57466.19917,53108227.51,31060.84873,38995.09468,47146.7789,1466999.875,36467.42727,30585.30974,31331.08143,37520.64656,61057.83991,31329010.66,57466.19917,53108227.51,Full gap,Full gap,Full gap,Full gap,Full gap,Full gap,Full gap,Full gap,Full gap,Full gap,Full gap,No gap,32,32,32,128,32,32,32,32,32,128,32,0
Picolinic acid,C6 H5 N O2,Full match,Full match,Full match,Full match,0.53,123.03209,1.335,52644142.41,DDA for preferred ion,34708035.51,2226637.53,4332859.788,1271041.995,6018335.872,47700955.23,52644142.41,2439421.706,3393260.443,3192753.469,3875722.577,1381815.716,34708035.51,2226637.53,4332859.788,1271041.995,6018335.872,47700955.23,52644142.41,2439421.706,3393260.443,3192753.469,3875722.577,1381815.716,No gap,Full gap,Full gap,Full gap,Full gap,No gap,No gap,Full gap,Full gap,Full gap,Full gap,Full gap,0,128,128,128,128,0,0,128,128,128,128,32
,C8 H16 N6 O3 S,Full match,No results,No results,No results,4.16,276.10161,2.534,51500856.43,DDA for preferred ion,22779796.25,3771688.265,69517.7718,69114.01262,72442.00268,29377316.37,51500856.43,9344498.045,215333.1254,123257.396,10135900.09,50588.0968,22779796.25,3771688.265,69517.7718,69114.01262,72442.00268,29377316.37,51500856.43,9344498.045,215333.1254,123257.396,10135900.09,50588.0968,Full gap,Full gap,Full gap,Full gap,Full gap,Full gap,No gap,Full gap,Full gap,Full gap,Full gap,Full gap,128,128,16,32,32,128,0,128,128,128,128,32
[Similar to: N'1-(2-{[2-(phenylsulfonyl)ethyl]thio}acetyl)-2-chlorobenzene-1-carbohydrazide; ΔMass: 220.1242 Da],C30 H32 O13 S,Full match,Invalid mass,No results,No results,-0.55,632.15602,1.404,50956229.31,DDA for preferred ion,28303.81124,27952.38599,28984.42934,36021076.79,33314.85437,27649.96906,29400.6159,26493.54836,29074.77318,44275663.6,30065.38367,50956229.31,28303.81124,27952.38599,28984.42934,36021076.79,33314.85437,27649.96906,29400.6159,26493.54836,29074.77318,44275663.6,30065.38367,50956229.31,Full gap,Full gap,Full gap,Full gap,Full gap,Full gap,Full gap,Full gap,Full gap,No gap,Full gap,No gap,16,32,32,128,32,32,32,32,32,0,32,0
,,No results,No results,No results,No results,,232.93884,1.092,48348709.13,DDA for preferred ion,590182.2897,15971671.74,21702079.4,2114592.904,2347784.776,2919145.266,398362.6468,15421693.22,48348709.13,17322333.81,35845042.4,10803104.53,590182.2897,15971671.74,21702079.4,2114592.904,2347784.776,2919145.266,398362.6468,15421693.22,48348709.13,17322333.81,35845042.4,10803104.53,Full gap,Full gap,Full gap,Full gap,Full gap,Full gap,Full gap,Full gap,No gap,Full gap,Full gap,Full gap,128,128,128,128,128,16,128,128,0,128,128,128
2-Hydroxycinnamic acid,C9 H8 O3,Full match,Full match,Partial match,Not the top hit,-0.08,164.04733,1.068,46838441.93,DDA for preferred ion,468239.0508,283374.396,368868.1988,1416338.305,524123.6913,551214.5406,764180.2224,337026.9405,383155.4184,24641114.58,437305.5995,46838441.93,468239.0508,283374.396,368868.1988,1416338.305,524123.6913,551214.5406,764180.2224,337026.9405,383155.4184,24641114.58,437305.5995,46838441.93,Full gap,Full gap,Full gap,Full gap,Full gap,Full gap,Full gap,Full gap,Full gap,Full gap,Full gap,No gap,128,128,128,128,128,128,128,128,128,128,128,0
"Methyl 3-formyl-2,4-dihydroxy-6-methylbenzoate",C10 H10 O5,Full match,Invalid mass,Partial match,Full match,-1.09,210.0526,1.237,39993897.37,DDA for preferred ion,179814.4693,36385.55563,295959.5234,29130144.84,175818.2116,143164.2076,111942.7855,85616.9767,60538.51001,39993897.37,46231.99414,29437936.43,179814.4693,36385.55563,295959.5234,29130144.84,175818.2116,143164.2076,111942.7855,85616.9767,60538.51001,39993897.37,46231.99414,29437936.43,Full gap,Full gap,Full gap,Full gap,Full gap,Full gap,Full gap,Full gap,Full gap,No gap,Full gap,Full gap,128,32,128,128,128,128,128,128,32,0,32,128
"5,7-Dihydroxy-2,2-dimethyl-3,4-dihydro-2H-chromen-4-yl hydrogen sulfate",C11 H14 O7 S,Full match,Invalid mass,No results,Full match,0.04,290.04603,1.218,38553483.43,DDA for preferred ion,26237.73983,27866.19295,60305.694,9740812.634,56735.68517,28322.30045,26734.77143,28343.47448,146998.4698,17213207.09,33087.62704,38553483.43,26237.73983,27866.19295,60305.694,9740812.634,56735.68517,28322.30045,26734.77143,28343.47448,146998.4698,17213207.09,33087.62704,38553483.43,Full gap,Full gap,Full gap,Full gap,Full gap,Full gap,Full gap,Full gap,Full gap,Full gap,Full gap,No gap,32,32,32,128,32,32,32,32,128,128,32,0