Checked,Name,Formula,Annot. Source: Predicted Compositions,Annot. Source: mzCloud Search,Annot. Source: Metabolika Search,Annot. Source: ChemSpider Search,Annot. DeltaMass [ppm],Calc. MW,RT [min],Area (Max.),MS2,Group Area: CTRL1,Group Area: F1154_1,Group Area: F1177_1,Group Area: F1246_1,Group Area: F1177_2,Group Area: CTRL2,Group Area: CTRL3,Group Area: F1154_2,Group Area: F1177_3,Group Area: F1246_2,Group Area: F1154_3,Group Area: F1246_3
FALSE,α-Lactose,C12 H22 O11,No match,Invalid mass,No results,No results,49768.54,359.14284,1.306,5671687036,DDA for preferred ion,5671687036,534996939.2,800633028.4,3370710677,8945606.504,5267292308,1093395967,77744690.49,763985662.4,3200798143,320905784.8,2934290393
FALSE,,C30 H35 N2 O7 P,Invalid mass,No results,No results,No results,-5.01,566.21535,19.627,4284505528,DDA for preferred ion,1009371.867,1308683.799,2880281.381,4189359410,1052391.451,9336013.869,1143098.014,1297286.424,1152293.141,3851794148,1297072.889,4284505528
FALSE,"3,4-Dihydroxyphenylpropionic acid",C9 H10 O4,No match,Invalid mass,No match,No match,-98927.48,164.04738,19.623,3929117045,DDA for preferred ion,492704.4075,1248356.463,3864927.809,3929117045,869553.1538,10146552.16,1019979.076,558782.5854,586080.2065,3700196124,1606030.653,3879704035
FALSE,"1-(3,4-dimethoxyphenyl)ethan-1-one oxime",C10 H13 N O3,No results,Full match,No results,No results,0.06,195.08956,7.376,3675382810,DDA for preferred ion,1958498.683,1883576.709,2636416463,2538004.136,666015.6687,3213323.83,2135188.812,1307733.679,3675382810,2192553.702,2075291.012,1575824.652
FALSE,D-(+)-Glucose,C6 H12 O6,No match,Invalid mass,No results,No results,94558.96,197.08999,1.169,2988038851,DDA for preferred ion,2868820005,127368510.9,255529253.6,2500866903,15081701.22,2628655160,2988038851,140877659.2,457411629.9,2075535804,181378760.6,1597562994
FALSE,"4-methoxy-6-(prop-2-en-1-yl)-2H-1,3-benzodioxole",C11 H12 O3,Full match,Full match,No results,Full match,0.09,192.07866,19.623,2921797054,DDA for preferred ion,816647.4219,751208.0089,2207438.755,2921797054,259212.5365,7376268.752,872895.5057,286631.9587,909485.7499,2676070739,1737742.097,2869291634
FALSE,[Similar to: NP-022075; ΔMass: 142.0631 Da],C32 H24 N8 O2,Full match,Invalid mass,No results,No results,-4.64,552.19966,19.384,2529644109,DDA for preferred ion,1718964.485,1769119.795,2035783.198,2163291799,1696713.668,1798200.499,1883463.44,1846487.562,1879380.951,2300290935,4037730.157,2529644109
FALSE,Choline O-Sulfate,C5 H13 N O4 S,Full match,Invalid mass,No results,Full match,0.15,183.05656,1.18,2281488183,DDA for preferred ion,18669072.79,174225002.6,359496171.3,2281488183,27310342.97,18389347.44,17288683.22,388651428.2,1020450672,1635733382,279056372.8,1526218350
FALSE,"N,N-dimethyl-5-nitro-6-[3-(trifluoromethyl)phenoxy]pyrimidin-4-amine",C13 H11 F3 N4 O3,No match,Full match,No results,No match,-3.66,328.07713,6.029,2265492868,DDA for preferred ion,2265492868,1142148.147,1248172.964,301392339.8,227807.3116,2206215582,2223582290,1795905.091,1534370.638,179795899.1,3950082.956,74672529.76
FALSE,Betaine,C5 H11 N O2,Full match,Full match,Partial match,Partial match,-0.28,117.07895,1.189,2236417544,DDA for preferred ion,1955135116,1401844604,2008918077,2195957216,372192063.3,1924132907,2164153287,506468410.2,1863153185,2236417544,1300101996,1921398982
FALSE,,C30 H32 O10,Full match,No results,No results,No match,0.22,552.19967,19.161,2091823089,DDA for preferred ion,804615.0524,767424.6639,798895.4115,2091823089,773469.1528,1434300.788,793980.0917,756214.7807,840384.9283,1864309350,869652.9823,2080848876
FALSE,L-Phenylalanine,C9 H11 N O2,Full match,Full match,Full match,Full match,0.19,165.07901,6.907,1791216916,DDA for preferred ion,1103346669,817447308.8,577648383.6,396138389,14631196.42,1054356897,1311079674,700247934.9,1791216916,199589835.1,1123308890,91159236.76
FALSE,L-alpha-Glycerylphosphorylcholine,C8 H20 N O6 P,Full match,Invalid mass,No results,Full match,0.02,257.10283,1.154,1663153435,DDA for preferred ion,1061956120,1491380602,1056263953,1513789617,81550889.98,959339590.1,980847200.6,862475000.5,761375742.8,1380960623,1663153435,844284285.8
FALSE,"4-methoxy-6-(prop-2-en-1-yl)-2H-1,3-benzodioxole",C11 H12 O3,Full match,Full match,No results,Full match,0.09,192.07866,19.381,1658188794,DDA for preferred ion,367759.5622,531733.0638,719858.3305,1196298798,515270.7663,2351322.023,619923.5909,391141.51,390849.392,1381157493,951759.3821,1658188794
FALSE,"3,4-Dihydroxyphenylpropionic acid",C9 H10 O4,No match,Invalid mass,No match,No match,-98927.48,164.04738,19.388,1571578415,DDA for preferred ion,980104.8974,1085323.711,1383711.031,1186657324,1035155.646,2129664.189,1063293.849,1214193.961,1278553.738,1326044434,2279467.47,1571578415
FALSE,L-Glutamic acid,C5 H9 N O4,Full match,Full match,Full match,Full match,0.15,147.05318,1.151,1475548313,DDA for preferred ion,1271781591,798664217.4,597314258.1,1127590072,15365318.46,581482423.4,1475548313,934797062.7,922568976.3,897031352.1,948634376.7,873945174
FALSE,1-[(3-Carboxypropyl)amino]-1-deoxy-beta-D-fructofuranose,C10 H19 N O7,Full match,Invalid mass,No results,Full match,-0.04,265.11614,1.252,1441632291,DDA for preferred ion,511300337.1,80107017.09,23419512.26,1441632291,274043.6758,556047179.4,536975246.1,36796955.55,33740272.47,1110598059,107185878.8,1001088433
FALSE,[Similar to: Trimethoprim impurity C; ΔMass: -48.0613 Da],C7 H10 N6 O5,Full match,Invalid mass,No results,No results,1.07,258.07154,2.654,1382164993,DDA for preferred ion,1221129222,586216602,922705217.1,1355948934,27649881.37,1243322390,1382164993,13616093.88,164964996.6,1164466613,445579401.5,1088044557
FALSE,Adenosine,C10 H13 N5 O4,Full match,Full match,Full match,Full match,-0.01,267.09675,6.094,1345373751,DDA for preferred ion,171441234.6,740026196.9,692556898.8,1175248996,35755152.82,155607515.5,188118011,616240914,1345373751,831685618.5,909029819.4,756515947.7
FALSE,DL-Carbidopa,C10 H14 N2 O4,Full match,Not the top hit,Partial match,Full match,-0.04,226.09535,7.571,1341421914,DDA for preferred ion,294234508.1,1159387794,1101955825,1099965706,25384695.48,274593803.4,338730186.8,881705016.4,1105023269,958771549.3,1341421914,803625856.1
FALSE,Choline,C5 H13 N O,Full match,Full match,No results,Partial match,-0.43,103.09967,1.056,1327740369,DDA for preferred ion,1271075001,731479927.2,772740812.4,346675206.1,31518002.38,1229679517,1327740369,822921858.1,1138624515,318784928.3,933228848.2,295937449.1
FALSE,"4-methoxy-6-(prop-2-en-1-yl)-2H-1,3-benzodioxole",C11 H12 O3,Full match,Full match,No results,Full match,0.09,192.07866,19.16,1261449757,DDA for preferred ion,313588.5837,593285.4237,693666.6939,1261449757,397599.3875,918717.0882,609912.8906,554610.1665,623891.7344,1158597141,619292.4228,1244750431
FALSE,"(2Z,4Z)-6-Amino-2,4-diimino-5-nitro-1,3(2H,4H)-pyrimidinediol",C4 H6 N6 O4,Full match,Invalid mass,No results,Full match,1.62,202.04538,1.179,1226110294,DDA for preferred ion,947611252.6,21169066.62,56479072.27,1174255636,28552649.39,1044708133,1226110294,24935160.05,115169724.8,980241419.7,20875846.18,912282945.6
FALSE,methoxyresorcinol,C7 H8 O3,Full match,Not the top hit,No results,Full match,0.01,140.04735,9.968,1221573846,DDA for preferred ion,455551.1755,7196804.562,7595406.397,1221573846,800632.4229,2394917.1,1077392.665,7137513.897,4310476.352,988278851.6,9429167.441,897617479.5
FALSE,"bis-beta-D-fructofuranose 1,2':2,3'-dianhydride",C12 H20 O10,Full match,Invalid mass,No results,Full match,0.17,324.1057,1.31,1210496624,DDA for preferred ion,1210496624,21238951.94,29110036.81,233204001.3,309200.8037,1167789333,1202657353,7095293.985,33987218.33,199646417.7,17073290.63,164041393.9
FALSE,L-Iditol,C6 H14 O6,Full match,Full match,Full match,Full match,0.1,182.07906,1.179,1121592090,DDA for preferred ion,33092345.75,963917150,670977209,29910919.38,40333123.2,33441781.75,34618666.33,1029717393,1121592090,26833499.52,1044336700,29842403.24
FALSE,Isoleucine,C6 H13 N O2,Full match,Full match,Partial match,Not the top hit,-0.23,131.0946,3.943,1086964448,DDA for preferred ion,602497138.2,474616109,405774221,299405508.1,11340010.42,603062752.4,691118293,425007724.6,1086964448,177628698.6,709649984.1,77329958.14
FALSE,DL-Carnitine,C7 H15 N O3,Full match,Full match,No results,Full match,0.19,161.10522,1.127,1077035843,DDA for preferred ion,9748627.686,1061961515,759126735.2,407891999.1,32610886.27,12905607.22,10668597.28,847036933.8,982488698.3,386897275.2,1077035843,386224724.3
FALSE,3-hydroxy-3-methylpentanedioic acid,C6 H10 O5,No match,Invalid mass,No match,No match,105068.12,179.07941,1.198,1031108709,DDA for preferred ion,855762848.2,31282538.91,55942511.79,763356708.3,3446861.364,612909305,1031108709,33962794.27,108568618.4,680611847.2,47431200.49,555559581.3
FALSE,[Similar to: Butyryl trihexyl citrate; ΔMass: -305.2971 Da],C6 H11 N O7,Full match,Invalid mass,No results,No results,-0.16,209.05352,2.748,972581721.9,DDA for preferred ion,764450865.3,315164129.6,133449341,972581721.9,748470.4373,732385335.6,850496690.3,215421971.3,235721484.1,889509745.3,312926143.1,816887388
FALSE,D-Raffinose,C18 H32 O16,No match,Invalid mass,No results,No results,33771.6,521.19563,1.41,969523253,DDA for preferred ion,884274509.2,56216242.39,78682949.51,345353109.4,357879.4463,939803369.3,969523253,35331539.8,55058296.14,296712942.6,53304818.44,230050957.2
FALSE,"(2Z,4Z)-6-Amino-2,4-diimino-5-nitro-1,3(2H,4H)-pyrimidinediol",C4 H6 N6 O4,Full match,Invalid mass,No results,Full match,1.63,202.04538,1.262,912282945.6,DDA for preferred ion,153604147,80841889.15,132119174.7,67004802.75,20169769.19,163349652.6,1354757,88924002.29,72991290.69,38161027.53,88217219.63,912282945.6
FALSE,Proline,C5 H9 N O2,Full match,Full match,Full match,Full match,-0.43,115.06328,1.323,881390681.7,DDA for preferred ion,750560936.9,164216005.7,217339104.4,231194434.7,10651857.62,791050135.2,881390681.7,115801338.6,335329826.2,163320754.1,215542343.6,145091471.2
FALSE,D-(+)-Maltose,C12 H22 O11,No match,Invalid mass,No results,No results,64252.78,364.09813,1.324,801581805.6,DDA for preferred ion,630674416.8,195316695.4,265786766.7,801581805.6,10004670.61,641040885.8,646161041.8,81801282.13,280433472.6,713867895.2,100506145.7,672011187.5
FALSE,"N,N-dimethyl-5-nitro-6-[3-(trifluoromethyl)phenoxy]pyrimidin-4-amine",C13 H11 F3 N4 O3,No match,Full match,No results,No match,-3.63,328.07713,6.195,698168917.1,DDA for preferred ion,698168917.1,1496110.953,326575.2003,313713056.2,91406.21443,393227920.6,303401255,1383053.884,676516.96,93648522.79,3327264.986,29891313
FALSE,D-Raffinose,C18 H32 O16,No match,Invalid mass,No results,No results,43600.52,526.15107,1.813,695564191.7,DDA for preferred ion,695564191.7,20891616.42,28445257.01,254832596.9,3029002.917,536308509.9,569053943.2,18450566.16,22816782.27,246267227.3,20760565.91,211639060.1
FALSE,[Similar to: AB-CHMINACA metabolite M7; ΔMass: 39.9895 Da],C16 H29 N O12,Full match,Invalid mass,No results,No results,-0.06,427.16895,1.366,692616707.4,DDA for preferred ion,619454097.7,8200088.724,5913711.765,207164729.6,27410.4411,595592236.3,692616707.4,10224528.71,4273807.671,88228066.66,6316511.282,39153936.21
FALSE,9-O-acetylneuraminic acid,C11 H19 N O9,Full match,Invalid mass,Partial match,Full match,0.17,309.10603,1.29,678107058.7,DDA for preferred ion,678107058.7,19472543.91,17125465.67,106867487.7,332031.0128,653167732.2,673802599.1,13146214.36,78559921.48,95986025.3,25910534.81,78269352.58
FALSE,NP-012042,C10 H12 O4,No match,Invalid mass,No results,No match,-91855.95,178.06304,20.085,663570575.3,DDA for preferred ion,276372.84,392796.6103,835814.6764,663570575.3,294240.6149,1756527.421,293670.7286,391066.3695,442600.6519,356263784.2,376688.2722,345768021.6
FALSE,DL-Tryptophan,C11 H12 N2 O2,No match,Invalid mass,No results,No match,-83426.76,187.06332,8.468,650716313.2,DDA for preferred ion,293077608.1,277844102.8,199766922.2,188397796.6,6639615.529,300584373.8,360336199.1,264421847.4,650716313.2,114707973.5,460327819,46415519.18
FALSE,"4-(4-hydroxy-2-methoxy-3,5,6-trimethylbenzoyloxy)-2-methoxy-3,5,6-trimethylbenzoic acid",C22 H26 O7,Not the top hit,Full match,No results,Partial match,0.13,402.1679,19.624,633309591.3,DDA for preferred ion,256157.1887,261969.4007,579808.5491,633309591.3,267074.6474,1185829.989,261098.887,290511.2558,292427.5791,562928478.7,261340.9946,619270460.8
FALSE,"Methyl (5-acetamido-2,2-dimethyl-4,6-dioxo-1,3-dioxan-5-yl)acetate",C11 H15 N O7,Full match,No results,No results,Full match,0.08,273.08487,3.38,632552951,DDA for preferred ion,226228674.8,515506781.2,590528919.9,572112901.2,19583938.74,219123360.5,260879208,488108267.6,596733075.5,556534445.1,632552951,506053360.9
FALSE,"3',4'-Dimethoxyacetophenone",C10 H12 O3,Full match,Full match,No results,Full match,-0.05,180.07864,12.28,621474309.4,DDA for preferred ion,113720.9527,389159769.6,179434877.8,262649.2007,90974.85816,111088.8044,124322.329,486672659.3,53889215.8,86905.85339,621474309.4,88711.18992
FALSE,"[Similar to: 1,2,3-Tris({4-[(2S,3R,4S,5S,6R)-3,4,5-trihydroxy-6-(hydroxymethyl)tetrahydropyran-2-yl]oxyphenyl}methyl) 2-hydroxypropane-1,2,3-tricarboxylate; ΔMass: -782.3022 Da]",,No results,Invalid mass,No results,No results,,214.0089,2.75,603360021.8,DDA for preferred ion,542865417.5,269439748.6,95253957.7,600965297.2,491814.0545,546256970.3,603360021.8,172269253.2,186401100,525357481.3,219987662.6,486939954.1
FALSE,L-Pyroglutamic acid,C5 H7 N O3,Full match,Full match,Full match,Partial match,-0.24,129.04256,3.082,570516382.3,DDA for preferred ion,436735335.2,8680030.01,11080554.63,570516382.3,865025.0529,419979444,506755149,7558264.005,15229167.18,493542115.6,9946470.008,439887509.4
FALSE,Isoleucine,C6 H13 N O2,Full match,Full match,Partial match,Not the top hit,-0.23,131.0946,3.656,559521050.7,DDA for preferred ion,269707642.6,224633343.6,134736944.4,96861444.75,5891450.486,257330932.4,325620711.3,209740725,559521050.7,54965981.98,354704253.7,20368179.08
FALSE,DL-Stachydrine,C7 H13 N O2,Full match,Full match,No results,Full match,0.05,143.09464,1.41,554429179.2,DDA for preferred ion,2996443.248,65367106.33,132811065.6,4632637.237,2381324.306,3516140.341,4012290.274,105412830.7,554429179.2,4034138.307,106309337.7,4196352.604
FALSE,L-Tyrosine,C9 H11 N O3,Full match,Full match,Full match,Full match,0.1,181.07391,3.785,551682489.8,DDA for preferred ion,376635134.7,270587426.5,189271022.4,169164808.8,6369006.571,349008743.7,445740316.7,214715456.1,551682489.8,85263752.29,402302200.4,65720884.55
FALSE,[Similar to: 3-[1-(dimethylamino)-1H-pyrrol-2-yl]-2-(2-furylcarbonyl)acrylonitrile; ΔMass: 200.0995 Da],C19 H29 N5 O8,Full match,Invalid mass,No results,No results,-2.88,455.2003,6.422,545739332.7,DDA for preferred ion,452147962.4,32769403.53,4205240.82,60204685.68,100349.4759,435337494.4,545739332.7,24458332.43,3320625.155,20918973.99,44919637.39,5323826.345
FALSE,"3,4-Dihydroxyphenylpropionic acid",C9 H10 O4,No match,Invalid mass,No match,No match,-98927.44,164.04739,17.344,524964971.6,DDA for preferred ion,5831556.466,5592520.584,6411850.738,524964971.6,5738773.845,7224184.398,7366428.448,6831981.311,6864017.21,438749480.6,4266594.527,378658116.6
FALSE,D-Raffinose,C18 H32 O16,No match,Invalid mass,No results,No results,33771.59,521.19562,1.572,523211634.8,DDA for preferred ion,507544792,23773558.87,45378687.04,157087239.1,3823823.669,471403785,523211634.8,18732253.89,48640550.64,138059835.5,28358633.7,108288797.6
FALSE,N-Methyl-Nâ€²-piperazinoacetohydrazide,C7 H16 N4 O,Full match,No results,No results,Full match,0.16,172.13244,3.578,512405440.2,DDA for preferred ion,5150441.437,69188.98453,1048465.25,434715633.7,664545.4575,5161969.49,5787526.123,74206.84164,235051.7552,512405440.2,144387.4375,491854226.8
FALSE,L-Saccharopine,C11 H20 N2 O6,Full match,Full match,Full match,Full match,0.08,276.13216,1.122,508188352.8,DDA for preferred ion,4446072.772,494836771.9,346448660.1,30916747.54,7573566.628,6090226.325,5629707.131,186665432.6,86599710.9,16515969.08,508188352.8,33858140.3
FALSE,"1-{[(3S,4S,5R)-2,3,4-Trihydroxy-5-(hydroxymethyl)tetrahydro-2-furanyl]methyl}-2-pyrrolidinecarboxylic acid (non-preferred name)",C11 H19 N O7,Full match,Invalid mass,No results,Not the top hit,0.03,277.11616,1.681,474679144.6,DDA for preferred ion,386131862.4,230244579.6,67788230.63,474679144.6,3858208.018,344117980.7,407731593.3,59731635.51,38827776.35,420123152.3,199665120.3,321485114.7
FALSE,Valine,C5 H11 N O2,Full match,Full match,Full match,Full match,-0.41,117.07893,1.785,469078813.4,DDA for preferred ion,348237318,248595757.1,146174342.3,138910573,5185820.004,335471429.9,383226124.3,192674500.6,469078813.4,65242644,351842226,30375264.85
FALSE,"[Similar to: (2R,3R,3aR,5R)-5,7-dimethoxy-2-(7-methoxy-2H-1,3-benzodioxol-5-yl)-3-methyl-3a-(prop-2-en-1-yl)-2,3,3a,4,5,6-hexahydro-1-benzofuran-6-one; ΔMass: 200.0452 Da]",C30 H30 N6 O8,Full match,Invalid mass,No results,No results,0.88,602.21304,20.086,435038080.7,DDA for preferred ion,274417.2153,349566.0967,297039.3329,435038080.7,292158.5572,481914.7779,291592.7034,299613.0177,332039.7691,208058870,285807.8736,206314180.4
FALSE,NP-012042,C10 H12 O4,No match,Invalid mass,No results,No match,-91855.98,178.06303,19.426,430887117.7,DDA for preferred ion,800021.664,826221.2444,877377.1905,392534494.6,743095.4701,773674.6575,785079.4551,866927.0381,789797.874,360151135.9,1078402.563,430887117.7
FALSE,Tetrolic Acid,C4 H4 O2,Full match,No results,No results,Full match,0.17,84.02114,1.324,427624714.6,DDA for preferred ion,408516760.7,8298641.289,12610881.45,46457232.44,70953.23759,279256624.1,427624714.6,4402557.935,13445034.31,46596153.23,8592508.851,42816659.71
FALSE,2-Fluoro-6-(4-methoxyphenoxy)benzonitrile,C14 H10 F N O2,No match,Invalid mass,No results,No results,9.47,243.07186,1.614,425717440.6,DDA for preferred ion,409604.3191,344629398.6,350501412.5,8516530.625,23987353.94,2970441.705,429017.9487,281336084.3,425717440.6,4798790.137,330422955.3,5961132.959
FALSE,"N2-[4-(4-Chlorophenoxy)phenyl]-1,3,5-triazine-2,4-diamine",C15 H12 Cl N5 O,No match,Invalid mass,No results,No match,13.96,313.07741,3.383,416139239.9,DDA for preferred ion,177848415.4,355600127.3,416139239.9,319653614.4,7312175.785,159668712.9,165249863.2,297971538.3,408550288.7,295005355.7,387685539,339445858.5
FALSE,"4-methoxy-6-(prop-2-en-1-yl)-2H-1,3-benzodioxole",C11 H12 O3,Full match,Full match,No results,Full match,0.09,192.07866,20.085,414909789.1,DDA for preferred ion,607753.3118,356323.0736,575680.4078,414909789.1,297805.8686,954700.8563,1029156.814,613370.5344,338457.9689,169322997.3,853186.2125,158160812.2
FALSE,Tetrolic Acid,C4 H4 O2,Full match,No results,No results,Full match,0.34,84.02116,1.417,408516760.7,DDA for preferred ion,408516760.7,3333849.591,3846815.177,35004515.49,363342.4859,105604349.9,73288342.23,2101879.471,4783258.646,46596153.23,3767794.815,32011968.78
FALSE,Penicillic acid,C8 H10 O4,No results,Invalid mass,No results,No results,-13.91,170.05554,2.611,407242117.4,DDA for preferred ion,572999.5224,165197580.6,85959373.12,35495627.26,9908550.601,746389.5468,609512.3253,407242117.4,145080371.2,25859162.68,191605126.2,33364199.11
FALSE,DL-Arginine,C6 H14 N4 O2,Full match,Full match,Full match,Full match,0.63,174.11178,1,399192230.4,DDA for preferred ion,168745356.2,169821714,193987343.4,97572041.35,8285753.61,158642266.8,156566970.9,182998422.3,399192230.4,70893467.9,215432602.1,36382848.87
FALSE,7-Oxobenz[de]anthracene,C17 H10 O,No match,Invalid mass,No results,No results,15.02,230.07662,4.233,380131050.2,DDA for preferred ion,65397806.02,200912466.9,380131050.2,95856561.81,24866526.17,69068343.01,76418484.41,672611.2263,73441676.21,55276312.78,122992953.7,51961164.41
FALSE,"2-(14,15-Epoxyeicosatrienoyl) glycerol",C23 H38 O5,No match,Invalid mass,No results,No match,-45686.58,376.25899,20.844,378740840.9,DDA for preferred ion,277640.2155,155780271.1,45608170.3,42154413.44,1430672.28,863843.6458,1132625.981,242643570,378740840.9,36729994.41,255473320.5,42957899.65
FALSE,[Similar to: D-(+)-Glucose; ΔMass: 73.0528 Da],C9 H19 N O7,Full match,Invalid mass,No results,No results,0.18,253.1162,2.656,373238496.3,DDA for preferred ion,310408192.9,111747780.3,206133548.8,373238496.3,4946975.861,284952353.1,332057947.3,741530.3327,19172119.71,320935891.7,98685749.64,291355552.6
FALSE,"1,2-di-O-methyl-4-[(2R)-2,4-dihydrobutyramido]-4,6-dideoxy-alpha-D-mannopyranoside",C12 H23 N O7,Full match,Invalid mass,No results,Not the top hit,0.19,293.14751,5.657,363417492.1,DDA for preferred ion,314415327.4,60300185.6,6044943.157,52327830.63,618370.145,286596263.4,363417492.1,12119283.58,76821911.55,25051432.54,74034773.68,11834111.14
FALSE,muramic acid,C9 H17 N O7,Full match,Not the top hit,No results,Full match,0.06,251.10052,1.173,362822759.4,DDA for preferred ion,305378608.3,36609541.45,15898991.53,52380176.21,1971759.923,310300723,362822759.4,14314688.31,20690259.62,19862676.02,57089943.08,8554632.585
FALSE,D-Raffinose,C18 H32 O16,No match,Invalid mass,No results,No results,43600.53,526.15107,1.586,361381080.9,DDA for preferred ion,334525263.9,27874339.02,42451954.92,191342744.7,4284326.272,347763845.3,361381080.9,27651590.68,34609362.09,151481357.2,33609531.18,120997886.2
FALSE,DL-Tryptophan,C11 H12 N2 O2,Full match,Full match,Full match,Full match,-0.08,204.08986,8.481,356984194.6,DDA for preferred ion,159630097.9,148530445,116455364.5,100549822.8,3452043.12,162019417.9,193329622.9,143980840.2,356984194.6,63039778.32,247117247.7,25129900.28
FALSE,NP-019445,C10 H10 O4,Full match,Full match,Partial match,Partial match,0.06,194.05792,12.623,342667972.1,DDA for preferred ion,1499772.219,10782339.88,28886239.91,1852879.835,1595680.218,2151920.698,1401405.85,342667972.1,128737512.5,357039.791,33078909.38,505827.5386
FALSE,L-Glutamine,C5 H10 N2 O3,Full match,Full match,Full match,Full match,0.14,146.06916,1.102,339290205.3,DDA for preferred ion,3312116.613,165116610.8,162403223.7,95478673.21,8950165.076,4293696.958,2564513.5,75100422.83,339290205.3,57597868.42,172776215.3,68460913.49
FALSE,"N,N-dimethyl-5-nitro-6-[3-(trifluoromethyl)phenoxy]pyrimidin-4-amine",C13 H11 F3 N4 O3,No match,Full match,No results,No match,-3.63,328.07713,5.877,335736356.4,DDA for preferred ion,74293827.15,1842160.149,1285053.221,142571552.6,43664.07497,289156217.1,335736356.4,2344975.429,1298130.253,56718331.56,2107799.876,9253564.127
FALSE,3-hydroxy-3-methylpentanedioic acid,C6 H10 O5,No results,Invalid mass,No results,No results,135646.97,184.0348,6.951,318159294.7,DDA for preferred ion,35927295.44,170145046.8,318159294.7,279542072.4,8135982.278,34961110.89,41107117.74,104446141.9,282967560.4,232228781.3,165246039.8,229227125
FALSE,[Similar to: NP-015005; ΔMass: -441.3129 Da],C29 H43 N5 O10 P2,Full match,Invalid mass,No results,No results,0.07,683.24856,1.716,316620100.1,DDA for preferred ion,284386569.9,1671334.089,1138538.338,68304357.36,133472.1042,233572810,316620100.1,2701152.853,1341581.351,84672696.87,4681601.545,65372857.49
FALSE,D-(+)-Maltose,C12 H22 O11,No match,Invalid mass,No results,No results,64252.79,364.09813,1.528,312318546.3,DDA for preferred ion,273722919.3,5571604.485,8160748.989,312318546.3,803471.6753,291555476.5,292897048.4,4898562.386,16078503.67,303110642.7,7807080.529,288213138.7
FALSE,N~2~-Acetyl-L-ornithine,C7 H14 N2 O3,Full match,Invalid mass,Full match,Full match,0.2,174.10048,1.422,311935603.7,DDA for preferred ion,237412645.8,6301338.309,2231085.822,2646544.124,262180.6867,259150782.8,311935603.7,1228369.787,890776.1992,1982528.367,5925774.907,2238518.744
FALSE,"(4S,5S,8S,10R)-4,5,8-trihydroxy-10-methyl-3,4,5,8,9,10-hexahydro-2H-oxecin-2-one",C10 H16 O5,Full match,Full match,No results,Partial match,-0.18,216.09973,11.664,311578282.5,DDA for preferred ion,279966570.5,290628781.1,301457368.6,311346264.8,311578282.5,282138227.6,285395154.1,305680870.8,293176715,78733365.34,74481731.54,75875707.06
FALSE,NP-013538,C12 H16 O8,No match,Invalid mass,No results,No match,76303.99,310.06652,7.488,303843626.7,DDA for preferred ion,264428498.7,335067.1888,1680378.726,175929234.5,42224.41654,279470486.2,303843626.7,1182779.459,919467.1344,92591379.74,1549600.284,54300521.37
FALSE,Cyclo(leucylprolyl),C11 H18 N2 O2,Full match,Full match,No results,Full match,-0.08,210.13681,11.817,296391576.3,DDA for preferred ion,207516209.4,248119679.3,252111787.9,210491743.5,10848888.75,198807712,232784080.6,220726397.6,241625802.7,221233441.1,296391576.3,180102528
FALSE,[Similar to: (±)5(6)-DiHET; ΔMass: -166.1745 Da],,No results,Invalid mass,No results,No results,,172.07118,1.897,293423709.5,DDA for preferred ion,451076.4142,293423709.5,125084871.3,73325010.15,7954788.048,778118.9041,447879.0253,285018905.9,142235508.1,51115816.56,287704612.7,50089853.58
FALSE,"4-Oxo-3,4-dihydroquinazoline-2-carbohydrazide",C9 H8 N4 O2,No match,Invalid mass,No results,No results,-18.6,204.06093,1.196,293364529.3,DDA for preferred ion,8430971.041,236496449.1,168331743.5,8392445.66,28153010.86,9573564.67,9789477.926,293364529.3,239176877.2,7056302.269,232983664.7,8176994.651
FALSE,Adenine,C5 H5 N5,Full match,Full match,Full match,Partial match,-0.07,135.05449,2.002,286805681.5,DDA for preferred ion,276291340.2,7573702.535,3186556.008,1108039.264,157997.2195,262328377.2,286805681.5,9426394.654,15981698.2,894566.0868,8220331.429,799153.2005
FALSE,"6-Methyl-3-(2-pyridyl)-1,2,4-triazin-5-ol",C9 H8 N4 O,No match,Invalid mass,No results,No match,-116901.63,166.08414,1.268,281237472.2,DDA for preferred ion,885859.2916,249819256.8,226509528.6,11789424.11,43011714.58,1225949.808,1228796.962,276973115.7,281237472.2,15398458.81,252215891.1,13568944.77
FALSE,[Similar to: Muramic acid; ΔMass: 162.0529 Da],C15 H27 N O12,Full match,Invalid mass,No results,No results,0.25,413.15343,1.301,270598844.8,DDA for preferred ion,192329749.9,30426515.64,13963168.01,36185016.45,69647.4227,228342906.7,270598844.8,19508248.43,19348381.2,15736186.8,41281780.88,10247605.07
FALSE,Linamarin,C10 H17 N O6,Full match,Invalid mass,Full match,Full match,-0.1,247.10556,1.251,270100837.6,DDA for preferred ion,102279521.3,15198993.93,11348341.81,270100837.6,328541.7131,97571719.27,108855129.2,9590906.578,7009686.553,241185647.5,13450367.86,178038823.2
FALSE,"3,4-Methylenedioxy-N-propylamphetamine",C13 H19 N O2,Full match,Invalid mass,No results,Full match,0.02,221.14158,15.969,269479589.9,DDA for preferred ion,173878600.6,175027984.8,168723586.8,170952026.2,172276453.4,191692239,169859552.8,197727443.2,171154051.9,269479589.9,250126105.8,253306542.5
FALSE,"1-Methyl-5-(1-piperidinyl)-2,4-imidazolidinedione",C9 H15 N3 O2,Full match,Invalid mass,No results,Full match,0.33,197.11649,1.017,262551254.4,DDA for preferred ion,10299040.62,138996961.8,262551254.4,15978507.32,10581645.93,12009438.26,10584853.9,10440288.79,145083165,12525895.87,129678131.6,10699731.85
FALSE,"bis-beta-D-fructofuranose 1,2':2,3'-dianhydride",C12 H20 O10,Full match,Invalid mass,No results,Full match,0.19,324.10571,1.413,260583990.1,DDA for preferred ion,260583990.1,9916250.326,10807009.49,83055546.89,123406.2941,224874416,224982682.5,6212899.492,22852794.38,75322367.84,10322440.23,73206704.15
FALSE,"N,N-Dimethyl-4-{5-[(3S)-1-(phenylsulfonyl)-3-pyrrolidinyl]-1,3,4-oxadiazol-2-yl}aniline",C20 H22 N4 O3 S,No match,Invalid mass,No results,No results,55214.36,420.12438,4.03,259511694.9,DDA for preferred ion,244030431.6,202470.7324,607624.2874,32756019.88,58950.96941,224432093.3,259511694.9,165194.024,463600.1181,37285142.16,466236.3836,12167203.65
FALSE,FUB-PB-22 3-carboxyindole metabolite,C16 H12 F N O2,No match,Invalid mass,No results,No match,8.79,269.08757,5.29,255955062.6,DDA for preferred ion,100028662.7,112465050.9,144682404,255955062.6,2340173.751,109372425.1,133951382.4,101512087.1,148671726.2,197743688.6,139947230.8,186817031.9
FALSE,"4-methoxy-6-(prop-2-en-1-yl)-2H-1,3-benzodioxole",C11 H12 O3,Full match,Full match,No results,Full match,0.09,192.07866,18.898,255283366.6,DDA for preferred ion,176994.2524,319463.928,565542.1143,234760098.8,195867.9282,669355.3267,417207.5778,340656.8842,179409.1032,233757095.1,512363.8271,255283366.6
FALSE,1-[(3-Carboxypropyl)amino]-1-deoxy-beta-D-fructofuranose,C10 H19 N O7,Full match,Invalid mass,No results,Full match,-0.04,265.11614,1.189,253953197.2,DDA for preferred ion,239149788.3,9185977.017,6034244.248,159721711.1,710249.7373,61839785.62,143514801.4,21140776.35,6557059.451,253953197.2,10987016.47,223246783
FALSE,DL-α-AMINOSUBERIC ACID,C8 H15 N O4,Full match,Not the top hit,No results,Full match,0.1,189.10013,6.996,251875394.1,DDA for preferred ion,526966.6845,2575318.866,1407729.297,251875394.1,293341.3127,687339.3069,959287.1729,805942.6134,1306012.147,185808677,1916732.045,116817106.2
FALSE,"[Similar to: 2-(4-chlorophenyl)-2-oxoethyl 2,6-bis(trifluoromethyl)benzoate; ΔMass: -184.0702 Da]",C3 H3 N2 O6 P S,Full match,Invalid mass,No results,No results,-3.24,225.94421,0.968,251782418.7,DDA for preferred ion,181366453.4,239635955,243352684.3,201458735.8,15543605.31,187563081,198189770.7,251782418.7,200758741,209846988.1,245169610.1,180803712.9
FALSE,[Similar to: NP-005128; ΔMass: -22.0653 Da],C28 H20 N10 O4,Full match,Invalid mass,No results,No results,-1.64,560.16598,18.9,251344500.3,DDA for preferred ion,205840.1197,200082.6696,210880.9912,223834753,187805.2861,199318.4915,193447.0655,191455.7634,208648.5339,241518256.3,189028.2836,251344500.3
FALSE,,,No results,No results,No results,No results,,103.99597,0.85,250185496.3,DDA for preferred ion,207543977.8,171595059.6,179367752.6,193804212.9,9030760.864,204911220.1,250185496.3,135185833.8,185087734.3,170217415,168469718,141649725
FALSE,Tetrolic Acid,C4 H4 O2,Full match,No results,No results,Full match,0.16,84.02114,1.203,246700267.8,DDA for preferred ion,165733124.5,15969870.96,18042281.81,134724750.8,757659.0089,166793177.5,246700267.8,17596354.56,32245342.06,122726691.3,16620854.81,101669045.3
FALSE,[Similar to: NP-019838; ΔMass: -563.3496 Da],C25 H43 N5 O18,Full match,Invalid mass,No results,No results,-1.55,701.25922,1.316,245925957.5,DDA for preferred ion,241713301.7,6628949.817,12305727.49,98019802.47,36059.81242,220631595.3,245925957.5,563095.316,11575292.12,87653929.58,2766163.499,76938431.41
FALSE,8-hydroxy-deoxyguanosine,C10 H13 N5 O5,Full match,Invalid mass,Partial match,Full match,0.13,283.09171,6.328,245512123.5,DDA for preferred ion,164651135.8,128761683.4,145318037.4,113610042.6,5849051.345,172013170.9,203560105,94710840.11,245512123.5,78499671.89,153183304.3,63370463.1
FALSE,2'-Deoxyadenosine,C10 H13 N5 O3,Full match,Full match,Full match,Full match,0.02,251.10185,6.274,242841493.3,DDA for preferred ion,91613657.45,191536538.1,144341606.9,135492082.7,636303.4076,71645337.25,90017654.7,159964651,208558111.3,82324192.08,242841493.3,62077284.45
FALSE,[Similar to: diethyl 2-({2-[2-(methoxycarbonyl)-3-thienyl]hydrazino}methylene)malonate; ΔMass: -124.1122 Da],C3 H7 Cl N2 O5 S,Full match,Invalid mass,No results,No results,-0.39,217.97633,0.849,240445327.9,DDA for preferred ion,184171622.1,149900050.2,165078561.5,163501490.3,2644253.119,188557470.4,240445327.9,104349379.8,183430974.8,141267461,153281081.9,103298566.1
FALSE,"2,3-DIHYDRO-3,5-DIHYDROXY-6-METHYL-4H-PYRAN-4-ONE",C6 H8 O4,Full match,Invalid mass,Partial match,Full match,-0.1,144.04224,1.204,239609053.2,DDA for preferred ion,193774520.5,4943108.76,10502586.72,160919787.8,381674.4333,217337815.7,239609053.2,4486942.924,15620893.85,141421649.9,5112587.453,117698909.6
FALSE,"3,4-Dihydroxyphenylpropionic acid",C9 H10 O4,No match,Invalid mass,No match,No match,-98927.47,164.04738,19.201,239601064.1,DDA for preferred ion,559284.9633,809344.8468,669045.6632,174425850.9,499041.3037,584485.3002,545531.6058,510641.4088,885651.1231,211040732.2,409626.3581,239601064.1
FALSE,"5-[(10Z)-14-(3,5-dihydroxyphenyl)tetradec-10-en-1-yl]benzene-1,3-diol",C26 H36 O4,No match,Invalid mass,No results,No results,-5.73,412.259,20.964,237805825.5,DDA for preferred ion,196094586.8,210745318.3,186139778.4,180859248.5,182198156.1,220240381.5,192800273.4,196365173.5,237805825.5,207525751.7,228682291.5,223937571
FALSE,(+)-Piperitol,C20 H20 O6,Full match,Invalid mass,Partial match,Full match,0.24,356.12607,19.623,236141967,DDA for preferred ion,245901.3968,251480.9047,271778.0455,228546938.7,256381.7522,423709.4862,250645.2438,278880.0266,280719.6259,210754690.6,250877.6582,236141967
FALSE,Ergocalciferol,C28 H44 O,No match,Invalid mass,No results,No match,-45442.27,378.32866,20.531,223134125.7,DDA for preferred ion,2243571.071,20383312.25,76131907.9,929795.229,1831708.65,3983574.61,848082.5573,18577744.88,223134125.7,2886745.751,32277473.21,447408.4205
FALSE,"4-(4-hydroxy-2-methoxy-3,5,6-trimethylbenzoyloxy)-2-methoxy-3,5,6-trimethylbenzoic acid",C22 H26 O7,Full match,Full match,No results,Partial match,0.13,402.1679,19.16,221280831.3,DDA for preferred ion,195388.6049,186357.4811,274653.2009,221280831.3,187825.2939,197689.0052,192806.0654,183635.3304,204074.7787,218873065.7,182245.3389,220917393.8
FALSE,benzylidenemethylamine,C8 H9 N,Full match,Invalid mass,No results,Full match,-0.33,119.07346,6.906,217253708.1,DDA for preferred ion,126659723.5,97947382.42,71178784.95,49024505.79,1864486.757,129849170.5,162437967.6,85189048.73,217253708.1,24346227.97,137631902.3,11277861.26
FALSE,"[Similar to: 2-(2-thienyl)-1,3-thiazole-4-carboxylic acid; ΔMass: -38.9050 Da]",,No results,Invalid mass,No results,No results,,172.07118,2.104,216787189.6,DDA for preferred ion,226462.7635,216787189.6,98479426.71,12480792.1,11160498.11,697286.6557,225253.4789,155615517.7,43247974.71,6136812.401,184339282.4,6827444.569
FALSE,2-Fluoro-6-(4-methoxyphenoxy)benzonitrile,C14 H10 F N O2,No match,Invalid mass,No results,No results,9.46,243.07186,1.783,212738711.2,DDA for preferred ion,1222037.479,184829420.3,162479481.5,7351483.035,8452740.125,979448.6234,961027.0337,154965480.5,212738711.2,4263009.2,204430658.6,3237589.112
FALSE,Υ-Aminobutyric acid (GABA),C4 H9 N O2,Full match,Full match,Full match,Partial match,-0.2,103.06331,1.103,210124909.2,DDA for preferred ion,198105966.3,91325087.62,135421176.9,132764699,15123078.3,180332631.9,210124909.2,29253037.32,97370587.62,97724598.22,87105519.5,62778224.76
FALSE,6-(3-hydroxybutan-2-yl)-5-(hydroxymethyl)-4-methoxy-2H-pyran-2-one,C11 H16 O5,No match,Invalid mass,No results,No results,166382.1,266.05149,4.33,208030784.9,DDA for preferred ion,140932716,44338713.32,46066640.89,70600483.14,2215137.245,159231690.7,208030784.9,37905553.99,128859728.3,36350763.88,48879402.13,30244282.39
FALSE,AMIDINOPROLINE,C6 H11 N3 O2,Full match,Not the top hit,No results,Full match,0.15,157.08515,3.152,207382568.3,DDA for preferred ion,134925814.7,168891772,166234405,207382568.3,3881532.806,120228919.3,143309927,150500166.7,203591266.3,195134502.2,188075946.8,182812902.5
FALSE,Penicillic acid,C8 H10 O4,No results,Invalid mass,No results,No results,-13.91,170.05554,4.633,205301528.5,DDA for preferred ion,467414.4888,66381741.25,205301528.5,42651759.58,2156445.551,913494.4637,480850.4102,3358061.058,202283776.4,25579566.1,38316405.82,21504804.17
FALSE,"3-Morpholino-4-tetrahydro-1H-pyrrol-1-ylcyclobut-3-ene-1,2-dione",C12 H16 N2 O3,Full match,Full match,Partial match,Partial match,-0.33,236.11601,15.558,204213923.1,DDA for preferred ion,119281.1766,126118.7831,204213923.1,197265.2551,1891403.58,173862.7211,128614.9797,125305.3629,79352682.19,115739.4125,115947.6227,113747.9651
FALSE,Beauvericin,C45 H57 N3 O9,No match,Invalid mass,No results,No results,28059.54,805.39159,20.714,202793318.4,DDA for preferred ion,226337.1801,281327.2223,73819641.7,224662.4269,4042214.021,224501.932,229305.7162,520516.2908,202793318.4,241866.3176,611310.2799,241125.3252
FALSE,Penicillic acid,C8 H10 O4,Full match,Full match,No results,Full match,0.24,170.05795,9.827,201454421.5,DDA for preferred ion,570044.8836,7672432.385,131174822.4,745969.1451,1467681.879,633048.4734,507104.305,3757656.081,201454421.5,363253.9672,17133059.42,493642.2142
FALSE,"4-methoxy-6-(prop-2-en-1-yl)-2H-1,3-benzodioxole",C11 H12 O3,Full match,Full match,No results,Full match,0.09,192.07866,17.248,194313335,DDA for preferred ion,777053.8293,615604.1304,1181395.93,165804598.9,768326.8723,1123716.18,978449.7265,965617.9946,921412.8223,194313335,154109.3903,151142394.7
FALSE,Lactamide,C3 H7 N O2,Full match,Full match,Partial match,Not the top hit,0.16,89.04769,1.096,193294688,DDA for preferred ion,149258201.2,137015682.1,124089022.3,59774526.92,6201710.861,154500188.9,180694209.7,89541891.7,193294688,36604329.59,166106578.4,23855766.21
FALSE,Hordenine,C10 H15 N O,Full match,Full match,No results,Not the top hit,0.15,165.11539,5.672,192403748.2,DDA for preferred ion,164115608.8,88518.51112,510904.2727,96082475.32,63859.59982,161552146.1,192403748.2,286014.7768,132268.9263,43239112.91,123539.4258,52090613.29
FALSE,"DL-2,6-Diaminopimelic acid",C7 H14 N2 O4,Full match,Invalid mass,Full match,Full match,0.13,190.09538,1.298,188164646.6,DDA for preferred ion,16008290.43,56013404.76,54376775.55,188164646.6,1289989.819,19717364.67,18140679.49,16773530.8,47513581.83,153927280.9,61707412.15,161267121.3
FALSE,,,No results,No results,No results,No results,,85.98543,0.849,187600426.1,DDA for preferred ion,148929998.6,120984776.2,129732420.4,136656600.2,6516519.218,153506718.4,187600426.1,100451371.9,138142600.5,124379235.7,122312033.4,106968813
FALSE,NP-012042,C10 H12 O4,No match,Invalid mass,No results,No match,-91855.98,178.06303,19.206,183823093.4,DDA for preferred ion,597074.0081,838860.7158,693444.9835,159244494.5,1137779.828,605800.802,565426.5115,529263.9094,917949.7936,171898153.6,424564.9569,183823093.4
FALSE,L-Aspartic acid,C4 H7 N O4,Full match,Full match,Full match,Full match,-0.07,133.0375,1.091,183800661.7,DDA for preferred ion,96611711.36,111492310.3,73704410.1,46038825.4,4398207.952,99560200.55,113470897.4,94704664.97,183800661.7,38722505.04,118700353.1,34347691.06
FALSE,[Similar to: Trimethoprim impurity C; ΔMass: 188.0284 Da],C16 H26 N6 O12,Full match,Invalid mass,No results,No results,0.69,494.16121,2.655,182914205.8,DDA for preferred ion,140673488.9,43247772.21,88437501.49,182914205.8,85930.62072,148316642.1,165696150.9,82572.14406,6262613.463,128556276.1,32818159.67,113799696.8
FALSE,3-Methyl-2-buten-1-amine,C5 H11 N,Full match,No results,No results,Full match,0.2,85.08917,3.95,181744931.7,DDA for preferred ion,96197946.93,78345029.34,66496511.31,50413568.21,1704926.889,97061250.46,111924910.7,71131461.47,181744931.7,28923322.61,114719815.1,13589046.53
FALSE,(+)-Piperitol,C20 H20 O6,Full match,Invalid mass,Partial match,Full match,0.27,356.12609,19.382,179583057.8,DDA for preferred ion,372401.675,356062.9614,359158.0328,150400560.6,327698.4236,388990.1064,404010.2356,396078.7658,395782.9605,160137898.4,866108.8278,179583057.8
FALSE,,C4 H2 O8 S2,Full match,No results,No results,No results,-4.03,241.91813,0.971,178240918,DDA for preferred ion,142544739,133109050.7,141843093.9,159242828.1,7127990.618,146133575.1,156186634,122457793.6,178240918,142880684.9,149024901.3,140229922.9
FALSE,NP-003553,C20 H34 O4,No match,Invalid mass,No results,No results,64987.99,360.22762,20.066,177288514.2,DDA for preferred ion,1050762.732,590556.5654,177288514.2,1189600.029,7173355.221,771627.4324,1145249.176,1263541.087,60370136.13,804185.223,1192000.076,680302.2194
FALSE,"pentane-1,2,3,4,5-pentol",C5 H12 O5,Full match,Full match,Full match,Full match,0.09,152.06849,1.2,173086706.5,DDA for preferred ion,2854046.756,124782376.8,169053601.6,2703197.756,3769029.152,2113809.215,2633554.446,118788323.2,173086706.5,2522369.542,160886399.2,2424938.635
FALSE,Methionine,C5 H11 N O2 S,Full match,Full match,Full match,Full match,0.06,149.05106,2.219,170358884.2,DDA for preferred ion,32911666.89,75281311.06,58948505.5,10793663.72,1226636.942,33108678.03,42985367.31,61943397.69,170358884.2,2267655.825,120377446.4,6616723.794
FALSE,D-Raffinose,C18 H32 O16,No match,Invalid mass,No results,No results,43600.48,526.15105,1.457,168930642.8,DDA for preferred ion,115656068.8,40155656.51,54491806.98,55198127.23,525389.5864,168930642.8,167809606.5,23208132.06,30298804.79,79323639.96,42480176.1,81913289.06
FALSE,Beauvericin,C45 H57 N3 O9,No match,Invalid mass,No results,No results,21734.29,800.43633,20.714,166079980.4,DDA for preferred ion,492903.709,355916.5938,62524534.48,217856.3856,2892269.539,217700.7528,222359.0086,451012.3869,166079980.4,234539.0926,551296.5035,233820.5481
FALSE,NP-011220,C11 H18 N2 O2,Full match,Full match,No results,Partial match,-0.08,210.13681,11.539,163146716.9,DDA for preferred ion,99825365.35,132005655.3,145822026.3,132949762.8,7094202.639,100685364.9,113301408,122500242.3,131499809.3,122086780.1,163146716.9,104695961.6
FALSE,1-(Dimethylamino)-2-propanyl acetate,C7 H15 N O2,Full match,Invalid mass,No results,Full match,0.13,145.1103,7.811,161768550.7,DDA for preferred ion,431023.6266,2319574.792,530891.351,159759254.9,1395381.197,227943.5385,279089.8529,430124.2997,365118.7029,161768550.7,4407011.006,134718870.9
FALSE,Acetyl-L-carnitine,C9 H17 N O4,Full match,Full match,No results,Full match,-0.31,203.11569,2.07,161539115.2,DDA for preferred ion,729410.3929,397929.6941,475467.7794,161539115.2,168739.0061,1033571.33,1563037.03,271950.5983,724493.7019,115447417.1,814169.4974,89164086.61
FALSE,[Similar to: Captopril ; ΔMass: 240.1023 Da],C17 H31 N O13,Full match,Invalid mass,No results,No results,0.07,457.17957,1.322,159465902.7,DDA for preferred ion,159465902.7,1704697.754,3084985.304,15127856.28,22367.75318,141416315.3,158142946.1,375645.7879,5619820.51,10534743.15,1811586.824,8171736.864
FALSE,"4-(4-hydroxy-2-methoxy-3,5,6-trimethylbenzoyloxy)-2-methoxy-3,5,6-trimethylbenzoic acid",C22 H26 O7,Not the top hit,Full match,No results,Partial match,-0.02,402.16784,17.242,156698407.7,DDA for preferred ion,125864.5142,180266.5707,255046.438,133143673,124264.5649,281961.0921,125098.6538,122379.3075,137718.5705,156698407.7,274699.68,119131051.1
FALSE,Glycerol 3-phosphate,C3 H9 O6 P,Full match,Invalid mass,Full match,Not the top hit,0.03,172.01368,1.185,156193717.5,DDA for preferred ion,13700513.81,34161618.76,88490195.8,10987349.95,1248734.263,10202414.42,14607069.98,67202145.81,156193717.5,8377235.5,61776564,6066524.772
FALSE,NP-015114,C11 H19 N O6,No match,Invalid mass,No results,No match,84183.05,283.10322,6.803,156011904.3,DDA for preferred ion,113187798,217924.8252,55334144.99,156011904.3,1430686.083,114387242.7,133326468.4,1065468.074,22111002.45,126929072.7,874410.7029,109005855.4
FALSE,"2-(14,15-Epoxyeicosatrienoyl) glycerol",C23 H38 O5,No match,Invalid mass,No results,No match,-45686.58,376.25899,20.996,155152130,DDA for preferred ion,1655398.793,69526776.01,21390176.02,29747171.36,1928411.8,1051208.5,1195560.726,93113610.62,155152130,31583215.01,152936960.7,27283065.94
FALSE,Pyrogallol,C6 H6 O3,Full match,Full match,No results,Not the top hit,-0.34,126.03165,7.083,154249775.1,DDA for preferred ion,132344657.3,909602.8467,1213462.34,624895.0144,1087603.986,123700128.3,154249775.1,1733520.97,1875851.532,2938652.7,440362.6161,96441.74736
FALSE,α-Lapachone,C15 H14 O3,No match,Invalid mass,No results,No results,90782.59,264.07224,7.402,153982084.7,DDA for preferred ion,143755932.1,90941492.39,55917121.68,57993239.58,1186887.203,142352872.4,153982084.7,80858018.43,84759269.38,42474727.12,109525805.2,37896731.31
FALSE,Cyclo(phenylalanyl-prolyl),C14 H16 N2 O2,Full match,Full match,No results,Full match,-0.01,244.12118,12.363,151950739.1,DDA for preferred ion,102573548.2,124389154,137780288.2,135189886.1,5197551.917,101408112.6,120916055.3,114819561.4,132879622.1,115900901.4,151950739.1,99936332.52
FALSE,[Similar to: N1-phenethyl-3-(2-thienyl)acrylamide; ΔMass: 0.0001 Da],C7 H11 N7 O4,Full match,Unused,No results,No results,1.01,257.08751,2.805,150302657.7,DDA for preferred ion,395240.3834,24880372.33,27183983.64,18646598.22,231614.6982,384563.8298,387293.5201,73206784.67,150302657.7,6251888.796,49864845.16,15633164.66
FALSE,[Similar to: RPH; ΔMass: -155.0695 Da],C11 H19 N5 O2,Full match,Invalid mass,No results,No results,0.03,253.15388,6.576,148605053.1,DDA for preferred ion,118843781.7,1466484.472,1298678.386,148605053.1,89238.75106,125578491.8,132231799,1075136.138,1230678.929,146459180.9,1576985.619,118598222.3
FALSE,(S)-malyl alpha-D-glucosaminide,C10 H17 N O9,Full match,No results,No results,Not the top hit,0.22,295.0904,1.167,144195146.5,DDA for preferred ion,124043891.5,71506131.52,57605072.49,144195146.5,17245626.19,134345478.9,142082896.7,42937466.46,56930683.13,139650149.2,84273350.45,116314511.9
FALSE,Meconin,C10 H10 O4,Full match,Full match,Partial match,Not the top hit,-0.16,194.05788,11.683,136919414.9,DDA for preferred ion,365619.7661,2496683.264,136919414.9,490637.4113,3020202.084,643999.3951,524509.8502,3224643.04,26977852.27,209445.8103,4491250.643,561037.5198
FALSE,4-Guanidinobutyric acid,C5 H11 N3 O2,Full match,Full match,No results,Full match,0.13,145.08515,1.927,136613251.3,DDA for preferred ion,62281874.56,1188068.869,12180546.03,136613251.3,1840586.758,58940760.58,70554432.62,477429.7937,3676697.62,123765838,880567.6089,80959712.44
FALSE,[Similar to: NP-017684; ΔMass: -74.2514 Da],C24 H45 N4 O14 P3,Full match,Invalid mass,No results,No results,0.12,706.21459,1.348,134088147.1,DDA for preferred ion,78025501.14,7328659.817,10983172.72,44661686.13,26305.77721,134088147.1,98497093.66,405914.8817,9196296.135,45375039.21,3603749.672,33136826.41
FALSE,[Similar to: Υ-L-Glutamyl-L-glutamic acid; ΔMass: -130.0378 Da],,No results,Invalid mass,No results,No results,,146.0579,1.18,133616913.4,DDA for preferred ion,3351386.027,112627466.9,80368488.88,3579738.316,2008756.331,2786471.615,3737042.573,115971104.6,133616913.4,4321424.704,122351098,3453218.62
FALSE,4-Phenylbutyric acid,C10 H12 O2,Full match,Full match,Partial match,Full match,0.21,164.08376,15.637,133410636.2,DDA for preferred ion,1659715.811,112713923.8,16818090.29,2126656.775,1765795.113,1325400.616,1370553.174,61687795.49,662860.4664,1179897.473,133410636.2,1426781.818
FALSE,"4-(4-hydroxy-2-methoxy-3,5,6-trimethylbenzoyloxy)-2-methoxy-3,5,6-trimethylbenzoic acid",C22 H26 O7,Full match,Full match,No results,Partial match,0.18,402.16792,20.08,131548440.9,DDA for preferred ion,267358.5074,340574.3686,466409.0124,131548440.9,284643.4969,251738.3021,284092.1983,291906.2097,323498.8627,57979042.5,278456.169,60337808.34
FALSE,"1-(3,4-Dimethoxyphenyl)-4-(4-hydroxy-3-methoxyphenyl)dihydro-1H,3H-furo[3,4-c]furan-3a(4H)-ol",C21 H24 O7,Full match,Invalid mass,No results,Full match,0.21,388.15228,19.446,130907778.3,DDA for preferred ion,382792.6518,394467.0797,419805.5584,106160839.2,355554.7285,370186.1926,375643.1357,375300.7384,377900.7947,102225705.1,343494.2884,130907778.3
FALSE,N-Allyl-N'-(4-piperidinylmethyl)ethanediamide,C11 H19 N3 O2,Full match,Invalid mass,No results,Full match,0.04,225.14773,5.731,129696610.5,DDA for preferred ion,113856679.3,49455100.58,21968151.15,123981978.5,1179039.592,105531338.3,129696610.5,22339063.92,20287981.91,112115897.5,54935670.87,94069037.02
FALSE,[Similar to: NP-015005; ΔMass: -440.3292 Da],C25 H40 N4 O18,Full match,Invalid mass,No results,No results,-2.15,684.23229,1.301,128532192.1,DDA for preferred ion,123996818.9,1563273.433,1015166.965,8771549.836,35587.99928,121562906.6,128532192.1,169675.565,2224962.283,9434552.141,292501.1577,9786733.98
FALSE,methyl N-acetylneuraminate,C12 H21 N O9,Full match,Invalid mass,No results,Full match,0.09,323.12166,1.042,127366152.4,DDA for preferred ion,121729335.1,7531757.917,9000757.245,19556272.69,453513.0209,127366152.4,126761303.6,7016863.453,9404924.227,12835670.87,7582424.298,8804094.293
FALSE,2-Fluoro-6-(4-methoxyphenoxy)benzonitrile,C14 H10 F N O2,No match,Invalid mass,No match,No match,-90425.34,221.08991,1.351,126770823.4,DDA for preferred ion,1190536.969,37243973.37,37022307.94,20841809.35,2763962.9,1565719.788,1543843.294,100426459.1,126770823.4,20197608.99,50974069.69,10811366.26
FALSE,N-Caffeoylputrescine,C13 H18 N2 O3,Full match,Invalid mass,No results,Full match,-0.17,250.1317,16.538,123143133.8,DDA for preferred ion,149279.7653,141458.9106,123143133.8,170929.8625,6777572.363,463267.1269,150548.1986,137851.6133,22591689.63,130468.1389,136203.6034,139064.2763
FALSE,Ala-Leu,C9 H18 N2 O3,Full match,Invalid mass,No results,Full match,-0.21,202.1317,7.245,120827608.2,DDA for preferred ion,101029993.6,7687663.658,62198861.62,73084400.7,1710903.322,91172877.59,120827608.2,8793582.296,25692026.36,64942599.22,11384757.75,39872179.09
FALSE,[Similar to: (±)5(6)-DiHET; ΔMass: -166.1745 Da],,No results,Invalid mass,No results,No results,,172.07118,2.313,119848299.2,DDA for preferred ion,347988.226,100092750.3,29799010.36,21565851.36,2076694.015,438504.5796,426769.7475,119848299.2,31771860.48,13493629.8,102688317.2,13589803.46
FALSE,"5-hydroxy-4-methoxy-5,6-dihydro-2H-pyran-2-one",C6 H8 O4,Full match,Full match,Partial match,Partial match,0.02,144.04226,1.32,119835629.9,DDA for preferred ion,89733988.14,5699516.753,4406361.618,18456011.38,417264.3587,119835629.9,119567193.3,1975742.449,5701974.28,18483656.68,2683894.664,17835967.38
FALSE,Pyrone,C5 H4 O2,Full match,Invalid mass,No results,Full match,-0.14,96.02112,1.318,118493012,DDA for preferred ion,87981159.46,4498340.938,8026797.257,19227081.24,351412.7596,118493012,106941891.2,4274123.637,7360812.376,17174184.54,5307819.109,14139544.1
FALSE,Amitriptyline-d3,C20 H20 [2]H3 N,No match,Invalid mass,No results,No match,7.01,280.20384,19.816,118086523.3,DDA for preferred ion,5139424.66,80462567.04,27057915.75,5237152.398,1627531.098,4422759.187,4210963.469,87927227.63,31570604.54,4832396.471,118086523.3,4694029.647
FALSE,L-Threonine,C4 H9 N O3,Full match,Full match,Full match,Full match,-0.27,119.05821,1.126,116684498,DDA for preferred ion,82802852.37,77064998.13,53826786.11,50791999.39,3846734.969,78113557.34,91480359.7,59015974.1,116684498,29130791.05,96857410.99,18187211.09
FALSE,L-Pyroglutamic acid,C5 H7 N O3,Full match,Full match,Full match,Partial match,-0.15,129.04257,1.118,116660477.9,DDA for preferred ion,27123519.1,51330631.11,45009651.35,36818213.75,1624150.255,25391587.94,26229882.18,42526296.09,116660477.9,21427776.4,63515665.09,28151847.42
FALSE,Phenacetin,C10 H13 N O2,Full match,Full match,No results,Partial match,-0.18,179.0946,11.678,115445880.6,DDA for preferred ion,85438612.98,99203504.24,111378304.5,25414693.28,4075597.646,79169467.81,94682672.29,85733601.59,95226731.12,15415805.93,115445880.6,13476333.97
FALSE,L-Serine,C3 H7 N O3,Full match,Full match,Full match,Full match,-0.62,105.04253,1.066,114472339.1,DDA for preferred ion,51947423.6,69973494.68,38600151.1,34408509.73,1887745.008,48976143.51,60051731.43,61713454.83,114472339.1,28759282.63,100059461.5,18207505.07
FALSE,"(2S)-3-Hydroxy-2-({[(3S,4S,5R)-2,3,4-trihydroxy-5-(hydroxymethyl)tetrahydro-2-furanyl]methyl}amino)propanoic acid (non-preferred name)",C9 H17 N O8,Full match,Invalid mass,No match,Not the top hit,0.11,267.09544,1.133,113782526.4,DDA for preferred ion,89385210.84,16232522.26,11827963.91,44344757.74,1224845.446,98401678.58,113782526.4,14439829.36,20878562.54,44008983.84,16234481.26,36923038.43
FALSE,methallylamine,C4 H9 N,Full match,No results,No results,Full match,0.38,71.07353,1.787,112872734.7,DDA for preferred ion,80296272.2,58503614.9,33890135.4,31028784.33,1343273.125,78592376.38,92788611.82,45779227.97,112872734.7,16539699.73,84574100,7637188.452
FALSE,,C2 H3 P S,Full match,No results,No results,No results,0.64,89.96936,0.968,110967512.5,DDA for preferred ion,84977683.52,110967512.5,102567858.1,94376939.5,8054972.233,80833442.46,86954995.39,100359610.5,91838808.97,89939826.48,106369989.5,83033871.44
FALSE,"3-(propan-2-yl)-octahydropyrrolo[1,2-a]pyrazine-1,4-dione",C10 H16 N2 O2,Full match,Full match,No results,Not the top hit,0.09,196.1212,9.971,107292462.1,DDA for preferred ion,68322832.92,86786714.65,94187762.55,70012075.43,3217180.487,64226270.77,77305695.99,82394808.39,95522668.53,64217186.9,107292462.1,52588375.29
FALSE,"[Similar to: 3a,8-dihydroxy-3,5a,9-trimethyl-2H,3H,3aH,4H,5H,5aH,6H,7H,8H,9bH-naphtho[1,2-b]furan-2-one; ΔMass: -164.1888 Da]",,No results,Invalid mass,No results,No results,,101.96297,0.853,106714078,DDA for preferred ion,71117709.95,48511257.44,32929124.94,77798131.47,2699028.959,98603569.79,106714078,56655662.63,26480074.31,72892765.92,48373071.13,55827430.18
FALSE,"N3-Phenyl-1H-1,2,4-triazole-3,5-diamine",C8 H9 N5,No match,Invalid mass,No results,No match,-7.53,175.08448,1.417,106198457.4,DDA for preferred ion,48850232.42,71408483.31,106198457.4,63301330.22,3574288.782,54352204.23,55468567.6,22133677.98,34231014.35,44147329.4,59403712.47,37106579.61
FALSE,"Methyl 4-hydroxy-2-methoxy-3,6-dimethylbenzoate",C11 H14 O4,Full match,Invalid mass,Partial match,Full match,-0.02,210.0892,11.89,106195727.2,DDA for preferred ion,615882.5276,124255.3778,146126.266,106195727.2,89737.43153,714898.8875,137141.3195,1214578.595,154845.7348,67390199.06,573211.4537,40693421.81
FALSE,PYRIDOXAMINE,C8 H12 N2 O2,Full match,Not the top hit,Full match,Full match,0.2,168.08991,7.378,104391112.5,DDA for preferred ion,73279231.56,91933048.71,99834530.83,98128903.79,4069704.484,75673225.53,82676596.2,97655012.96,93645271.98,76010031.02,104391112.5,75659961.58
FALSE,D-Glucose 6-phosphate,C6 H13 O9 P,Full match,Full match,Not the top hit,Not the top hit,-0.03,260.02971,1.143,104022884.5,DDA for preferred ion,88535669.07,10256417.09,15832423.12,97371518.59,1599031.977,87772212.58,99073558.53,6964039.766,12509665.15,104022884.5,9563139.289,69308288.84
FALSE,,C16 H29 N O13,Full match,No results,No results,No results,0.22,443.16399,1.4,99995064.85,DDA for preferred ion,76806068.4,7961569.727,935360.2506,8790589.151,18858.12219,99995064.85,66790229.26,5802202.916,1193558.158,3469902.125,13006099.92,1368712.387
FALSE,(3S)-3-(5-Methoxy-1H-benzimidazol-2-yl)-N-phenyl-1-pyrrolidinecarboxamide,C19 H20 N4 O2,No match,Invalid mass,No results,No match,-53560.09,318.15394,1.04,99648448.97,DDA for preferred ion,31267512.69,83674194.26,76453393.51,38273599.21,1956172.342,28912845.15,32217182.99,51027218.43,99648448.97,29610913.62,92631668.74,32934837.65
FALSE,Methionine sulfoxide,C5 H11 N O3 S,Full match,Full match,Partial match,Full match,0.2,165.046,1.191,98785865.3,DDA for preferred ion,83041736.21,7094768.044,4429272.027,4349936.622,224815.2894,80598224.8,98785865.3,9834598.912,10471402.41,1941201.069,10871565.85,2096577.47
FALSE,"N-[5-(1,2-Dihydroxyethyl)-4-hydroxy-2-oxotetrahydro-3-furanyl]acetamide",C8 H13 N O6,Full match,Invalid mass,Partial match,Not the top hit,0.06,219.0743,1.109,97538807.78,DDA for preferred ion,60959771.6,24519784.81,16056666.17,88214000.49,933509.0523,59700856.68,75328775.35,11561530.77,18648257.8,97538807.78,26147457.68,74078313.08
FALSE,L-Lysine,C6 H14 N2 O2,Full match,Full match,Full match,Full match,0.13,146.10555,0.935,84338711.57,DDA for preferred ion,32852024.25,43431845.01,40523369.12,17587046.43,1959333.008,29120541.75,30624099.96,33945930.91,84338711.57,13054298.69,48627669.64,6827923.458
FALSE,AC-LYS-OH,C8 H16 N2 O3,Full match,Invalid mass,Partial match,Full match,0.06,188.1161,1.294,79943034.34,DDA for preferred ion,22691589,71306291.67,38206492.51,45740859.53,1483111.489,23760534.2,24968197.74,44745808.37,47729278.08,41616189.51,79943034.34,41896121.46
FALSE,[Similar to: 3-Iodoamphetamine; ΔMass: -45.0581 Da],,No results,Invalid mass,No results,No results,,215.94332,0.852,79203680.66,DDA for preferred ion,64144934.51,44157853.31,32454045.89,62530173.71,994179.0228,71588401.29,79203680.66,44639773.04,27053145.57,57742278.85,44080553.11,49610155.07
FALSE,2-Fluoro-6-(4-methoxyphenoxy)benzonitrile,C14 H10 F N O2,No match,Invalid mass,No results,No results,9.52,243.07187,1.355,78202538.84,DDA for preferred ion,577562.3755,27628477.83,25086188.37,12033928.3,2515040.515,631134.0936,478683.0046,78202538.84,75262030.63,10852828.06,33847340.85,7122174.895
FALSE,Furan,C4 H4 O,Full match,No results,No results,Full match,0.14,68.02622,1.184,75132694.32,DDA for preferred ion,22928911.93,59316393.3,56128507.56,24938823.94,698900.4445,22122794.71,28962449.31,57896021.87,75132694.32,21937010.49,63925991.47,23236976.27
FALSE,2-Acetamido-2-deoxyhexitol,C8 H17 N O6,Full match,Invalid mass,No results,Full match,0.07,223.1056,1.029,74772894.19,DDA for preferred ion,23315255.37,3123589.517,2502415.269,74772894.19,420134.6761,20091974.02,24874126.1,2630839.807,9446848.319,63523765.57,3218426.341,54492333.95
FALSE,"pentane-1,2,3,4,5-pentol",C5 H12 O5,No match,Invalid mass,No results,No match,144553.03,174.05043,1.21,74125023.53,DDA for preferred ion,1101603.39,59801061.16,74125023.53,987500.6387,3343571.651,1135079.691,872098.5585,61318752.76,65215792.8,847174.4877,65605635.29,927736.6194
FALSE,"N3,N4-Dimethyl-L-arginine",C8 H18 N4 O2,Full match,Full match,No results,Partial match,-0.6,202.14285,1.3,72087406.23,DDA for preferred ion,35718823.49,57415066.08,72087406.23,6410279.781,5585418.442,28479824.38,30685018.87,15660924.83,58637235.74,5608666.991,53808761.72,3086023.318
FALSE,,,No results,No results,No results,No results,,257.8921,0.973,68282195.69,DDA for preferred ion,49582120.1,32544557.61,34788564.17,54045014.84,1281707.439,48289636.42,52508642.73,26655243.89,68282195.69,44396672.68,41076450.84,55606964.4
FALSE,L-Cystathionine,C7 H14 N2 O4 S,Full match,Full match,Full match,Full match,-0.06,222.06742,1.044,67799575.32,DDA for preferred ion,3427174.06,34835083.51,32288964.67,3404074.117,1109068.335,2578020.726,3249922.774,23208387.89,67799575.32,412468.1992,39293131.28,13849316.18
FALSE,"N'-{6-[(5-chloro-3-pyridyl)oxy]-3-pyridyl}-N,N-dimethyliminoformamide",C13 H13 Cl N4 O,No match,Invalid mass,No results,No results,15.76,276.08214,1.376,65376702.73,DDA for preferred ion,10689211.42,65376702.73,60463592.23,15010732.37,2734483.618,10091191.87,11850861.4,59985825.55,45158912.82,15203118.06,57839318.69,19436143.04
FALSE,"[Similar to: 2-(4-chlorophenyl)-2-oxoethyl 2,6-bis(trifluoromethyl)benzoate; ΔMass: 19.8921 Da]",C6 H5 N6 O9 P3 S,Full match,Invalid mass,No results,No results,3.15,429.90651,0.967,64535621.17,DDA for preferred ion,40977966.39,55659613.14,61563813.66,45701051.03,2272891.449,43133450.02,45823612.85,64535621.17,40243211.82,52213164.84,60225425.12,43496910.91
FALSE,Kanosamine,C6 H13 N O5,No match,Invalid mass,No match,No match,-100571.24,161.06914,0.999,62996425.77,DDA for preferred ion,35444867.56,12554318.3,5094475.701,62996425.77,1176726.645,32069352.47,31956334.68,8481075.95,2883834.186,58715590.93,11256180.79,59294276.04
FALSE,,C18 H34 N2 O12,Full match,No results,No results,No results,0.12,470.21123,1.022,62680065.27,DDA for preferred ion,56281734.59,2409748.738,1488082.468,12999392.61,679200.5354,54336033.89,62680065.27,1773660.177,1660714.809,7911346.999,2489354.631,7192396.062
FALSE,,C5 H9 N2 O12 P3 S2,Full match,No results,No results,No results,-1.09,445.88049,0.97,55724369.88,DDA for preferred ion,48726779.83,50005729.21,53954427.33,54497020.75,1462501.762,50393862.73,53964165.6,48183802.5,55724369.88,51154368.22,50886194.5,51031643.71
FALSE,5-Methylhexan-3-one,C8 H15 N O4,Full match,Invalid mass,No results,Full match,0.09,189.10012,1.398,54451511.47,DDA for preferred ion,6016564.946,20980331.56,54451511.47,9454371.867,95211.96799,5298471.749,6684899.283,31293714.86,48135219.3,9575822.12,35530556.55,7723931.081
FALSE,Trigonelline,C7 H7 N O2,Full match,Full match,Partial match,Partial match,-0.02,137.04768,1.317,52438013.43,DDA for preferred ion,24105094.78,241444.2034,186806.6958,51476421.93,1721656.79,25599463.33,23871041.76,449646.2283,3957226.541,52438013.43,1856909.385,48219976.84
FALSE,"[Similar to: 2-(4-chlorophenyl)-2-oxoethyl 2,6-bis(trifluoromethyl)benzoate; ΔMass: -48.0953 Da]",C5 H4 N2 O13 P2,Full match,Invalid mass,No results,No results,0.87,361.91918,0.968,52084517.74,DDA for preferred ion,34361213.65,48597893.97,52084517.74,37672814.09,2495021.674,34693986.8,38548740.86,51011487.17,35925665.94,41564394.9,48910447.03,35448453.76
FALSE,NP-022068,C8 H12 O5,No match,Invalid mass,No results,No results,-12.69,188.06609,1.404,50672680.68,DDA for preferred ion,236876.9128,50672680.68,30918751.06,3323183.139,3738391.163,504290.9381,269678.2381,26933207.5,20050529.87,4162781.125,27567431.59,5936918.251
FALSE,3-Carboxytyrosine,C10 H11 N O5,Full match,Invalid mass,Partial match,Full match,-0.13,225.06369,1.388,48247903.81,DDA for preferred ion,1171894.76,429367.1682,338972.2213,48247903.81,10890.92403,1376655.791,1526131.557,688539.2486,198453.2563,30640962.76,401853.0011,28402051.84
FALSE,,C18 H25 N5 O10,Full match,No results,No results,No match,-2.46,471.15898,1.406,42631666.2,DDA for preferred ion,42631666.2,10716473.04,2415988.502,5069817.707,12448.11332,31471415.62,32113589.87,11612246.53,4056689.226,2244086.827,16057065.63,1105361.824
FALSE,"1-(4-methyl-2-pyridyl)pyrrolidine-2,5-dione",C10 H10 N2 O2,No match,Invalid mass,No results,No results,-25.16,190.06944,0.943,40490181.48,DDA for preferred ion,15094389.83,23068398.63,24822766.31,10534400.09,615737.5958,14900984.33,18195743.61,19168416.87,40490181.48,7270281.328,27627407.54,4407681.104
FALSE,"1,4-Dimethyl-N-nitro-1,4-dihydro-5H-tetrazol-5-imine",C3 H6 N6 O2,Full match,Invalid mass,No results,Full match,1.83,158.05551,1.397,27093540.99,DDA for preferred ion,156514.7878,16237130.75,27093540.99,3205551.481,14375543.34,155280.1288,181435.0813,17827119.67,14398922.3,2899498.333,13067974.55,3085421.979