"","3","5","7","9","10","18","20","30","42","43","44","45","46","58","59"
"Feature0001",23.220055502562,23.0124265249643,22.6665096998122,22.5904668632771,23.3058834824354,23.9001025557027,22.1207291242502,21.8707644466271,22.9743991225001,22.8869134016312,23.2747872239393,23.4355238283529,23.0197645047067,23.0492052824064,23.834219605786
"Feature0002",17.2782948894287,20.9691333790491,20.6780727769055,19.4781850689854,21.9081255421597,21.3315440654362,19.6465159542306,18.6085881751358,20.6189778802352,18.7399567923563,18.9044781594132,20.1249085990752,18.863011636377,18.2389794906758,21.0987509823682
"Feature0003",19.6887154501118,21.4095629182932,19.7856102278032,20.4603273161466,26.2125373467235,27.423245322067,19.6929237496081,21.8008608425276,20.1793822775187,19.9118102024938,22.1286030657386,21.8005323769305,19.4015096983469,19.6368808045972,25.9540573326072
"Feature0004",19.8440231541485,20.3194004717831,19.8806269494935,20.4461429564824,19.7142573547531,20.0200421907179,20.3912020008511,20.8613752465495,21.0452746307971,21.0014606790975,19.9291227672941,19.9651624380775,20.3276997731434,20.8207814915396,19.7492924130368
"Feature0005",25.4321048614304,25.6829850744287,25.4252805704003,25.7592718088812,25.0064989573853,24.4121476100661,25.547057997147,25.6341895315432,25.5056225722084,25.4881728969214,25.5509147337978,25.8407508079602,25.6034557500252,26.0830736811545,25.7843822307399
"Feature0006",25.6927095496883,25.532670710801,24.8670994062534,26.2192745455011,24.5744127682613,22.7379208230027,26.0648971344905,25.1648436058689,25.8726574202305,26.2645037764745,24.6423733041729,24.9744174353762,25.327423644849,25.5509795802168,24.4713652711981
"Feature0007",18.1209221009393,18.495148378897,17.9392420613628,18.8979104243514,17.5990883361674,18.067932259954,18.5210935923549,18.4185242910986,18.9371149124653,19.2274527091694,18.261479328642,17.8847455798375,18.3057321707671,18.6665473107889,17.2042963503697
"Feature0008",20.6945779969943,20.4908083067225,20.5385885704172,21.262320361233,20.1991955446726,20.3921751963843,20.8245896047066,22.225113470231,20.9749337011792,20.8747882090408,20.584633938555,20.7993418862899,20.5913823674123,20.6698744569664,20.0194759890365
"Feature0009",15.0785408835869,15.6837737702334,15.2984298696467,16.0610049979669,15.4699163997617,15.0582105718544,15.0536172348579,15.9584348972381,15.6332863847073,15.4885928764199,15.9221297565165,14.9280264668785,14.9517337897432,15.362381562914,15.0548409101558
"Feature0010",19.9851095465553,19.9947665592077,19.659916912092,19.8974381939934,21.391282874901,22.4858964698646,19.1368128989013,19.8947588192327,18.6590637886552,18.5952584171908,19.9848218765873,20.1190635381502,20.2163833098046,17.2669531094102,21.6495665001504
"Feature0011",19.2348613114586,18.9671438572588,20.7426092491951,21.0713473962217,19.5706808496777,19.9060956265813,20.802118577015,19.896127663176,19.4783387036368,20.6704289774774,20.3621508431587,18.6991650738084,20.4470834068993,18.940583940115,19.8337282937579
"Feature0012",23.8191259754239,23.9293940772044,23.5679992617529,23.3640041596738,23.8070920301875,22.9016813768813,23.0849721148497,23.0084724518795,23.7261449032792,23.8869876320291,23.9469368880573,24.0281836963316,23.7530251720799,23.4609824365509,23.8627143962144
"Feature0013",16.4860553137349,17.1060521471115,17.0368284668337,17.8794857573298,16.7155277443963,16.2967060309684,17.1113723733734,17.4575656621007,17.6512814323492,17.4237716870806,16.3063804251218,16.6447464484463,16.9138327575745,17.005734046329,16.0050367333952
"Feature0014",21.4441254848017,22.180661839175,21.6677297651813,19.4172983900308,20.1949194025164,19.4499151381569,20.4082870701378,19.3995010562497,19.8610826538933,19.7213283862033,22.0600476667596,21.4426437974195,21.9342463500255,21.5934608040528,20.3445975406247
"Feature0015",17.0298139541533,18.4659664017513,18.4595968364137,17.1598048298998,17.2952346620731,16.3670791692805,17.385074671296,16.552924401686,17.3515024120212,17.2486225451145,16.5890776466924,17.7022275582276,18.6440362341721,23.0404735335586,23.3305483118207
"Feature0016",16.9367521170308,16.7720387341932,16.647933008627,17.2235032151911,16.6940776669707,16.9614388572582,16.7291567717457,17.0948776643614,16.9641577002498,17.2022183351147,16.7562454456971,16.4778914370408,17.5247097500459,16.7619616842593,16.0983106452527
"Feature0017",16.4797108958666,17.6646910051488,17.6171165152028,17.9554379028042,19.7727079881892,16.2971898638134,17.6617068142641,17.6592752997085,18.146859245966,17.6803491228073,16.9699185498902,17.4230214891449,17.0242423890164,17.9171498609523,16.7705247367424
"Feature0018",20.1265588033232,22.9153786970123,20.4895397397075,18.5262664216001,20.8370132343304,21.9784850444701,20.0398449038467,19.1823308689016,18.3455288330462,19.5702836015188,20.1144296177942,20.3971550456594,20.3538008335875,19.9116153506121,20.9778365648604
"Feature0019",16.9985542911429,21.4418033095994,19.2565958366286,16.6222833607892,23.310938004834,23.2447183233922,15.8309439662165,19.0856247921486,16.2954011862511,15.7094502716277,21.0570802788666,21.0801231571578,17.7114363728319,15.7387446200308,23.088781789719
"Feature0020",16.0559210137388,16.6399038949445,16.6038379260114,17.3184226518624,16.3800313410696,16.0862258530081,16.6910376755102,17.0130282609244,16.9562613762834,16.6611430237372,16.0841962074132,16.2817313253935,16.2902999095412,16.5675565936162,15.7984447384087
"Feature0021",23.9191289589952,24.19322881991,23.8756636270174,24.7632435382385,23.8053971505207,21.1084791378862,24.7068737533662,24.1437819701381,24.3501172576885,24.3303048128972,23.8493927907357,23.8175942964447,24.1433606395378,24.5749644575045,23.5919368542197
"Feature0022",21.1320836777149,22.5891707280895,21.8147471897069,21.0962614458229,22.9836461642012,23.9439420640501,21.1617221813414,20.495321344921,21.3044133134629,21.9089483847641,22.9619067061044,22.1965761961986,22.4234168555488,21.3846791407666,22.5804335597522
"Feature0023",18.5941980470707,18.0685177282965,17.8860077007916,17.8262627468835,20.637947217368,21.4119442951577,18.0825013303157,18.0338886359656,17.5439462695788,17.4747683242291,18.6243723835448,18.6284137670867,18.2615740999681,16.8892281825173,21.025448892539
"Feature0024",18.91416020986,18.5295020402819,17.8216626160097,18.6908972494648,17.4843628718636,16.9965482775345,17.9352363711721,19.3172051300372,18.3567141431132,19.3457507231773,18.256890856758,18.4608403201825,17.6476462177625,19.331462331448,16.7046364572517
"Feature0025",15.0381951912701,15.7115579245566,15.8745760585048,16.5992062726971,15.3573325753236,14.9761199799923,15.9321826194106,16.1614089310325,16.6783594500473,16.485196061336,14.988202062736,15.4230505424889,15.3957012628224,16.6696150323456,15.0851127101473
"Feature0026",16.1237628499543,18.6100345579016,17.8361022809052,16.3226425018149,18.3432255173985,15.3051523651738,16.1537589726949,16.8674448986591,16.6526567402611,15.7502286755712,17.3564816756922,16.2504596105688,18.3853345571132,15.6240168861667,15.3164748838933
"Feature0027",17.2196879221317,19.6460811606399,19.4798847458761,18.7546649718076,19.1069331951966,19.0358599903611,17.8775520726086,19.8393638365231,20.4682793746073,19.9415184825008,17.2786134598317,19.2443163970838,19.2760429917738,19.8304795850054,17.2567983388067
"Feature0028",24.0119022266266,23.8327242838574,23.7331506158983,23.7641957620022,23.2478298230495,23.5685198130358,23.4391206877359,23.7795751869068,23.2666148072807,23.6338484051198,23.7930634023429,23.9052616436553,23.9589258268092,23.6747751231752,23.2118332104542
"Feature0029",17.9183915219656,19.5837755907278,18.4675437743448,18.8528686130846,19.6812043068562,19.730417711054,19.4782761185725,18.9330972628192,19.2020628629574,19.7345433185693,18.4962819936938,17.8657704342234,20.1238876322118,18.9210409033113,18.6514988761128
"Feature0030",23.8001997482434,22.4511369992824,22.0484097375004,22.9066354188945,21.7555050301925,20.0785732761856,22.7656439469583,22.4999844466458,22.6795185509587,23.3286521318045,23.7840362436814,23.0648043066697,22.5760822724186,23.2704343578605,22.2821983234778
"Feature0031",20.5795461333838,19.5761378037903,19.026816162404,19.4826476789594,19.1699296108743,21.1407274596439,19.9414876146404,20.3428487894112,19.049185550731,19.2521020328313,19.7605148424051,20.2807351478952,19.2896513289893,20.1374733791678,19.5265677854189
"Feature0032",21.2015304157145,21.8126367807656,21.5011000898456,21.357577340061,21.2608403658864,21.2549382632336,21.3620403823463,21.7572638133693,21.2967209511419,21.5314464160552,21.0400112941993,21.0938638499992,21.4891660039658,21.4282588826607,21.0082174544456
"Feature0033",19.0574414486471,18.8113359069916,19.5998026243452,20.0255051868667,18.6276091207839,18.5042306416299,18.9700205585857,19.6515077899399,19.8477213839401,18.9747208309965,18.1994067546876,18.7621268887624,18.6079677117769,18.764769759983,17.9792888992822
"Feature0034",18.051905125542,17.990811068265,18.8144332491877,19.174185629517,22.3973053831311,21.4522572537389,18.8459272282679,19.51751289459,18.9024663309893,18.7537518845083,18.5281943333835,19.3259943500983,17.8582511195206,18.4055439355261,21.4045204430341
"Feature0035",22.8899314236252,23.4712636799054,23.4889101441803,24.2228771986782,23.2147340733034,23.0822710894143,24.7122918637138,23.7665931277837,23.8708321747949,23.7837163389327,22.8365811148754,23.1513746002914,23.2375239582411,24.5779085386602,23.3059596790636
"Feature0036",21.2176892717863,24.011533793216,23.4507488113675,21.3020497496133,22.8183179192779,22.693481891962,23.3940563829306,22.8515945388728,22.9697180952413,23.3307801057858,22.9100936457631,22.9200130409923,23.1596740911976,23.2682164501224,22.4986476253884
"Feature0037",17.9777118468912,18.5610254261854,18.559297337734,19.4452132650625,18.1877764127874,17.8202822608644,18.638466616438,18.9950603461904,19.161055388106,18.9362042833961,18.3054190137228,19.34191176032,18.4645482585598,18.943411179041,17.5829201199223
"Feature0038",17.7895503409835,17.6755788646995,18.3577512424134,18.0854596752324,16.9341662247394,17.0934504305962,17.3437352631576,17.6401389997634,18.0754798804652,17.2095848766187,16.7546946493307,16.9723990091341,17.2706568086528,17.553826593368,16.5601860126746
"Feature0039",18.1730687961289,18.4330937887576,18.7923438787921,18.5746378897895,18.2451895188257,17.2161024411303,17.8383531841438,19.915587593655,18.827443706638,18.8753059725447,17.033068561744,17.3398954845849,18.4404656045377,18.7147302378203,17.5016877077391
"Feature0040",19.2226211822145,19.1915268251076,18.5720843003485,19.2150881333378,18.8062602088086,17.7168996064831,17.8451195028756,18.6014501356404,19.3056963796235,19.1892625086558,19.2538804100039,18.7960644929703,19.4511535360133,18.4081331411314,17.2574810855463
"Feature0041",17.2432171658117,17.7732004183617,17.7333044781427,18.5005176719895,17.4056509536117,17.1409768783109,17.9195323611102,21.4829586409128,18.2876464319603,19.84369890035,17.2610607854175,17.3204087269065,17.5483441515964,18.9672870266197,16.999892714241
"Feature0042",16.505372744753,17.1327023647635,17.069406050126,17.9016245183601,16.7488960452785,16.3587251630259,17.1463229329799,17.5143263999319,17.6296530851308,17.48642141924,16.3561838977647,16.6836213373202,16.8436322981792,16.9919071624924,16.0256636209334
"Feature0043",16.9794613950195,17.7336058465723,17.712325265326,18.5031069797449,17.3551402339247,16.9319453368194,17.7571551464765,18.1078821914442,18.1958384722935,18.0509296155529,16.9476418654381,17.2114488457013,17.4759287203248,17.6332874852549,16.569847233961
"Feature0044",16.9571214162993,17.6941538646391,17.6956479247956,18.5107330703844,17.4855688791701,21.167575605088,17.7640531987383,18.0807488366106,18.2179561002139,17.6665556449938,16.9872782980086,17.2464876092871,17.5851628654929,17.6407072951775,16.6835137357087
"Feature0045",16.74412837036,17.2761860548444,17.2416000720683,17.970389167928,16.84881709621,16.7254870040535,17.1921783351807,17.5416937078447,17.6923853637956,17.0004540929792,16.7442507417522,16.7910693471178,17.1305352325449,17.0219529252335,16.0585024371723
"Feature0046",23.2235201309418,23.2238262682463,22.405512244006,23.1939785286787,22.3879487367731,22.5798529502708,22.697848686744,22.7070996546637,23.0806333451155,23.2670741234723,23.0704235662554,23.4070194543629,22.7782728207132,22.9677084007878,22.6484143166511
"Feature0047",17.7881489350116,19.1059443398056,18.0208422219767,18.4302094500099,18.2811929544849,18.7844789697683,18.9347635436174,18.7146975548905,18.1873091340197,17.7634744041992,17.4107640297195,17.4981302713314,17.9016474588821,18.9307881494566,18.3132999129025
"Feature0048",22.0424727361037,23.0110833929204,22.7760956315044,23.3288687564612,22.7061124968185,22.0657137689944,23.1362835016272,22.9596431719006,22.9683982241412,23.3361258465073,23.1352412355681,23.2223259255127,22.7912383772108,23.3826838731572,21.6491472857009
"Feature0049",16.7272638351299,17.4233565082796,17.3758028266291,18.2217178391485,17.1447361993521,16.5760880542222,17.4450367246791,17.7971606834726,17.9318620521692,17.3609306161582,16.6114039927945,16.9620430647082,17.1675484711537,17.3614871038999,16.4598479052224
"Feature0050",17.5637428584939,18.2714765513415,18.2388339931999,19.118661157675,18.0877499584836,18.6281237104814,18.43016105482,18.6397932370873,18.8377164483939,18.2591759163931,17.569046982362,17.9293012993117,18.1067365725905,18.2249104514328,17.5190841436638
"Feature0051",22.3265987064536,20.9725500814603,20.8424480973742,18.9238522415632,20.4221305872268,20.222410598304,19.059372448164,17.2868466907253,19.544866402236,19.4083199424536,21.9779544950314,21.6840290203196,20.9575246998854,18.2205834577588,19.9798425569535
"Feature0052",21.2582494930846,20.4691753090113,20.1395797885021,19.9247677159015,19.3528079887616,18.8509884958863,20.0314468694771,19.5474505945549,19.6276001734746,20.510489745774,20.702700050183,20.7769472858815,20.3173868765784,20.881100679621,20.666368733458
"Feature0053",22.0361592444609,22.3089353485248,21.8100921218539,21.8864290310832,21.8409681935921,20.9126192400809,22.1480442610483,21.382145161124,22.2997608331462,22.4188885087123,21.8684636026894,21.9271659221403,21.7069849896481,21.7752075648852,21.7995255254681
"Feature0054",17.2173039641132,17.5075127706811,17.423148832583,18.1659583057851,20.014936794625,21.3751185553014,17.4981999562247,17.8378696281403,17.8825633286788,17.3380338481589,17.2059743301078,17.1070707704438,17.288747574814,17.7207110651449,18.8971263982848
"Feature0055",15.8181488932645,15.2011501849654,15.9524238233739,16.5661738661361,16.2134911628453,16.0073672099554,15.4152465718532,17.7389782987429,15.7912367026861,16.5303952426844,15.9739632718266,15.3102784398819,16.2712757790538,17.5668246206984,15.6255816278076
"Feature0056",19.4032895224483,19.0658150855053,18.7986083272001,19.0071500444692,19.4427824497263,21.0651760055651,18.8764142082469,18.1448649134985,18.5075925471944,19.1907223643249,19.0023883320899,19.1277756759051,18.8419757905842,18.5824902210765,18.4959680871599
"Feature0057",16.0034954975384,16.6234901505422,16.5542666694548,17.3969220749745,16.2329670099273,15.8141470906889,16.6248611034109,16.9334557405387,17.1687181572148,16.9412088874969,15.8238214372849,16.1621859826305,16.4312713400757,16.5231723418734,15.5224793880568
"Feature0058",23.3411791675981,24.4237755354734,24.1246103677224,24.5199761672398,23.6827599500174,23.1399351885938,24.1017030576636,24.3490746367979,24.1597268025786,24.0878784701261,24.2688372686374,24.4943010555207,24.4263466729505,24.9808409641396,24.2931664096244
"Feature0059",18.7139238519148,19.3222444208631,19.1828690274136,20.0630173632504,18.9571993271495,18.4593818221109,19.226638787239,19.3311060525166,19.603696673773,19.5002231955458,18.0783226608344,18.7330187442069,19.1806643867501,18.6116753879728,18.0232625980891
"Feature0060",16.5841276078007,17.2759852811937,17.3008291693447,18.0766663155418,16.8643872909929,16.356751873339,17.3699296410463,17.6692358994255,17.7697643202345,17.5742327701886,16.3798632531747,16.704313498731,17.0721452055932,17.2441475112437,16.1878486167987
"Feature0061",17.7876009621057,17.9213518851205,16.7098771294881,17.284116005976,18.9182900291584,20.5039373337243,16.5573969800496,16.9819251600849,17.0230309496029,16.4685850528613,17.9497751748872,18.0392658231524,17.0231873132768,16.4069658171801,19.3633156918577
"Feature0062",23.776733253056,23.647645722875,23.7758374546944,21.7821898429822,20.928985421202,22.5371591245801,22.5218197850445,21.5752179125796,21.3658995262312,22.1575065512198,23.0048436240559,22.6046499741746,23.4378350801745,23.4128117628906,22.9515261694785
"Feature0063",17.307550354279,17.578708277974,17.5548506297384,18.4240846910957,17.6888986458371,16.7205098148125,17.6684242886178,17.9067943392014,18.0899017652155,17.964401450932,16.7890753976394,17.0980710431455,17.6890701101046,17.4674554915202,17.1156289547735
"Feature0064",18.7169376725283,18.0025203290146,18.5477967267173,18.8709681405089,20.2877487855355,23.2919045056238,19.227490532315,19.6932204263436,19.5811870567646,19.592177817565,18.9668620796163,19.4047877420464,18.3284232669498,19.8133341112403,19.9431245271541
"Feature0065",19.948314003115,21.7861795768032,21.7275922462319,17.5717035346746,23.0189069625358,23.0070034555354,16.8940417591412,18.7997557055413,18.0024828828378,17.6312659617812,22.6745361623571,22.7135635527042,18.5677556532433,16.5461750877683,23.2303109491126
"Feature0066",18.8881147030801,20.8333624142618,20.8691065741218,20.6501406166588,21.3740673727831,21.5036949574883,20.5334573680322,21.3042323307222,21.225637087063,20.7857901243281,20.5673036656072,20.2191895797953,20.3119427445683,21.6620438524174,19.4342722533531
"Feature0067",23.94396523638,24.2354269835705,24.1498780303738,22.9821364947274,24.1307880947179,23.1084956759104,23.7737918401875,23.1378399470817,22.7546001659831,22.8922544618896,24.0479032188141,24.0889288843284,24.4335771477579,23.9714397364967,24.2141676211307
"Feature0068",25.408326014073,25.8986092282639,26.2246249129356,26.6829909842168,28.16809780982,22.500464061198,27.0928179574109,27.6917487143397,26.3253728147775,26.5428746444335,26.2449410069958,26.0344341490305,25.974144284251,27.370079647014,26.8438472145204
"Feature0069",23.5849799559776,23.4833583955909,23.0506295751611,23.4079295613209,22.7053501759602,22.1821799327357,23.169479697615,23.0430657192261,23.3325194779174,23.7207364193862,23.5086398618146,23.8246324944398,23.1271281583775,23.3844527139524,22.7481626564148
"Feature0070",23.4223119123328,23.6134630716481,24.0421981618139,22.4456909721304,23.3501500467364,23.1707796294251,23.0657333283558,23.4832524478932,23.2557138447926,23.6106015585239,23.6876398535311,23.5333577718877,23.718076455947,24.7544052512198,23.9104692366599
"Feature0071",18.085084550191,17.6678666291037,18.0319117007631,18.6002259351603,21.0492321113697,18.8274704283727,17.7573694049415,18.666821279251,18.8491710347071,18.3751526452099,18.5439866440582,18.567002473249,18.2281097373296,18.0608602113364,20.6942641674456
"Feature0072",20.9393456228904,21.5371158477783,21.5555097749113,18.2765685905488,21.1462078508452,20.9213284693509,21.666742834246,22.0362194620658,22.2646807101201,21.771133334411,20.7889425561768,21.2125193636736,21.4319754669489,17.338462825138,20.6386702876824
"Feature0073",19.7781007187222,20.7561044036572,19.9779769785599,18.3909187037772,20.3488594964454,20.4586283267243,18.9687490877946,18.3110564467853,18.5209654209558,18.8399592622864,20.3603969630388,20.0954778964087,20.338532024461,18.8613437929397,19.9923115767596
"Feature0074",15.6161532413544,16.3674095757244,15.8371654183728,22.6652094437674,15.0267945402924,14.5799649656407,22.149713489931,23.4257718507879,22.2718898374785,23.5548290612,15.5733065705228,14.8361804609591,16.5555748203859,24.1418486655516,14.3837294338928
"Feature0075",15.9299973166639,16.6515083659616,16.5433988181162,18.8360728189412,16.1784445458226,15.7831473275042,17.2479423026102,18.6161978075198,17.1366324103316,16.9020395357273,15.7490784623272,16.0068268217827,16.9055930825889,16.8250001806131,15.3228316462207
"Feature0076",21.824488002447,23.0621027612589,21.4092558523858,22.4630444449202,21.7908306645111,23.2172116128358,21.693380371472,22.1403647508541,22.127048320263,21.7240649492522,22.2278881454593,21.8185470431022,21.4861805585783,22.3736494048474,21.8732667319388
"Feature0077",18.3837506880033,18.6465769770322,18.4850706932847,19.177879976053,18.026389517978,17.2389922361893,18.8422390888489,18.7528303080461,18.9263008096553,18.9996062318132,18.0351659385713,18.1338298325469,18.4376759921743,18.8067368270508,17.619275693808
"Feature0078",20.1468726239761,20.5966477076715,22.4300384711048,21.2247564475871,20.7622853901575,18.7890168410454,20.6266793613751,19.585681900094,21.3909268314991,21.7615621563775,20.7799761808417,22.4183392366621,20.0839236112624,21.5343178836084,20.062399031657
"Feature0079",25.3288041507643,25.4084056890312,25.0956314161314,25.8008091288969,23.6266960438452,23.267559259012,24.9765380574217,24.815913669351,25.7499409400843,26.0923506824757,25.2114430213004,24.8784359936377,25.3978355076041,25.3216187628056,24.1295578122301
"Feature0080",15.3934207310801,16.0414297713611,15.9813681183971,16.7261644893502,15.7159256678179,15.3003949726562,16.0166688482175,18.1537751974138,16.4419453950071,16.2104627117031,15.2541251644995,15.4463313949085,15.8214586615026,15.8508905976692,15.0626578407397
"Feature0081",21.6757043002479,20.8595725773888,20.7506031431895,23.7874931301219,20.160100481389,22.750918771766,24.1896367799099,24.6777916850242,24.953263367092,24.324629791104,20.573738989204,21.0222733726721,21.5104672803889,24.2154270702294,18.4402834891192
"Feature0082",20.0300756725273,20.656013336807,19.8702314259608,20.6289488233365,19.5523019179955,19.1838463632069,21.267982007573,21.3561521214212,20.0433218694202,20.2525088316727,19.9723532896617,19.6098079174942,20.5441162324895,21.2848234940784,18.9648801704783
"Feature0083",19.2256702237691,21.6146247866891,19.2886308646789,19.0170507442597,18.5839178157968,18.8763998734716,18.4835958127876,18.7909545790204,21.8621792853663,18.5533585279258,22.3730466031806,18.4667217475367,22.4970318283459,18.1232698452391,17.8294726625734
"Feature0084",23.0716211951814,20.7782210835553,20.2701405179673,22.603604710662,20.4798333087246,19.8054850371763,18.9554977949625,21.5730859681775,19.0797675103658,19.0338965760434,20.8736951092479,21.9099375471014,20.891171195135,21.0803588776075,20.5538016173788
"Feature0085",23.1739518908221,22.9096383235847,22.2627961821971,23.5047046254054,22.0667550447072,20.1746437754665,23.2153858845398,22.9512400763843,23.3948665936113,23.4571338632595,22.5932139278886,22.6461149107443,22.5460205540111,23.1219262617872,21.7485270032306
"Feature0086",14.8024812816979,15.6802364425484,15.4044159621129,16.2880718583512,15.3567671985136,15.0629656554936,15.5129422655688,16.7721130431377,16.3865116055422,15.8040603228303,15.4181470785652,14.882133468591,15.2605013933514,15.3760891967065,15.3742711418581
"Feature0087",21.8231046626642,21.160520998561,20.9228578870583,21.2317036936505,21.2577289437265,15.4252082602175,21.4676441379538,21.2575382713835,20.9640460296205,22.1915476368317,22.1316433476424,21.1580128737667,21.3354526460804,22.0059519675494,21.2848931577529
"Feature0088",25.9189654912497,24.8148957204028,24.5620891608273,24.6075956462981,22.6234549707202,22.7360842141976,24.9629512291047,24.5569470544366,24.1311243546062,23.926242218439,24.9612180284636,25.5974749064368,25.1500273510645,25.3363877369759,23.1726593944616
"Feature0089",16.9382530451522,17.6743322404951,17.5467042459909,18.3068509953111,17.5147083817319,17.3722629605572,17.2797614382797,18.7729631814823,18.1165614467297,18.8554086819233,16.8254829493997,16.8943794264675,17.3863536085399,17.9789980688764,16.3578394497239
"Feature0090",16.1580412981346,16.9366876326028,16.8858504409351,17.6742492218237,16.5011659158151,16.0706540246843,16.9243492445631,17.2339335820256,17.354198343545,17.246525665844,16.1265681628628,16.3731247897024,16.614904637747,16.772079761472,15.715417593585
"Feature0091",25.6636759402173,25.3657811889753,25.0615773590421,23.5641299338197,25.7315420605132,24.95947373221,23.4878276315607,23.1049659323224,23.4534689545891,24.0376528725913,25.3853561391745,25.3848375425529,24.8753235183199,23.5708412032374,25.457749177133
"Feature0092",24.6787204761436,24.8077143682045,24.5244478209647,23.5180314578619,25.3474855645602,24.8225927765296,23.279001262282,23.3052775391676,23.9394516840712,24.0930119396007,25.1265747851755,24.9604068549881,24.5330524739474,23.6388072770294,25.3357793738888
"Feature0093",15.3001847347709,16.0409650343191,16.0496035698206,17.0074282635343,15.6820418042062,15.2571228218824,16.4264464537854,17.0494317177413,16.7945581461472,18.3506052147086,15.3357163653179,15.5058689365442,15.7860706157468,17.4741956669382,15.0947035191747
"Feature0094",25.5934930703341,24.5159859327172,24.6386219466021,24.2287648077869,22.7377777646423,22.7207891274019,25.1381067653613,23.9825557501516,23.9545129030621,23.8801960534001,25.7079174213876,24.8226596155145,25.4891487450818,25.0522584194505,24.1265041347746
"Feature0095",25.5639961074896,25.6498735356879,25.231463960589,24.9976545765064,25.4415696914483,24.4431678066639,24.6446556803132,24.5999503838597,25.3488049109585,25.5166032757755,25.5693335885409,25.6054164174664,25.3264949066382,25.10173780241,25.4608164401153
"Feature0096",16.2244813895703,16.5178950575988,16.4957394278109,17.0696041748481,15.8062359504193,15.9088247999087,16.4060970128687,16.6214205805663,16.7820909072373,16.2603236448545,17.1193809173416,15.7601039014406,16.2807213209115,16.2919488836439,16.9310966553585
"Feature0097",14.8579616551374,15.412212521341,15.357230273683,16.6316937603372,15.6311558954687,14.5831208730913,15.9731552932894,17.8536527043737,16.0280523149291,15.6850183175355,14.7055008388321,14.9545596260589,15.5704040897454,15.3890440298546,14.5908097090003
"Feature0098",14.955589035212,15.5755240983849,15.5906619256491,16.3352673371377,15.5430130270384,15.2492105435223,15.6991885212597,16.0966905868031,16.056091085508,15.6449459697482,14.899790711092,15.0683776751194,15.4467469343167,15.5623350805091,14.759807504579
"Feature0099",16.874523957318,17.4347466858928,17.4544219120819,18.1109480668377,18.0589767149855,16.2518601701709,17.910929048577,18.2403913413672,17.9376768802802,17.9072456491308,17.0452196315048,17.0675114372868,17.2552455097147,17.8779896689554,17.0227641553858
"Feature0100",18.3800283345364,18.912425654548,18.8667726172028,19.7269176946934,19.0721663233172,18.9184308315727,18.9879683040033,19.2745215518202,19.4873016986785,19.2459693496625,18.30831235357,18.7936715908768,18.7939813186844,19.1012703774583,18.3846766998796
"Feature0101",15.3856856550438,16.033694630135,15.973632982038,16.7184293047242,15.708190555844,15.2926599086291,16.0089337090279,17.5857938807862,16.4342102259993,16.2027275579777,15.2463901066855,15.4385963124387,15.8137235393277,16.2193573810944,15.0549228111149
"Feature0102",24.5772919981755,24.4339117397851,24.7826190204981,23.7112503360706,25.1522284946619,24.8134808632385,24.263741907881,24.2377762347195,22.5488626582492,23.5565133770768,24.6965173610349,24.9666405150526,25.0946565022273,24.1105709946891,24.9348680903834
"Feature0103",16.125164374666,16.6535519295651,16.6730816004924,17.3876665915577,16.4492749015651,16.1554692347104,16.7602813897897,17.0822721029626,17.0255051979185,16.6029172093102,16.1534395869271,16.2158541430594,16.3595434190974,16.5810046375511,15.6660592174207
"Feature0104",25.5973224654204,25.5724467445496,25.2134054972189,26.8872284497408,24.5025576313167,22.3225728244636,26.54146590593,26.6922441548137,26.4279368828294,26.0879639429453,24.7992590044318,25.2280582194675,25.3296911176684,25.3867835787889,23.8312797586731
"Feature0105",23.4153576602859,23.5785512858799,23.179931037821,23.0749232637228,22.9276294190198,22.8005547009975,22.9816513789414,23.7561110073296,22.6723639078323,22.5648377636897,23.2531469494343,23.3694700856425,23.4630526082416,22.939845377696,22.8389746449057
"Feature0106",22.749250833635,22.6037283325283,20.4264769204668,21.5620047965145,22.2630800018675,20.2353669118004,22.5612475541976,23.252146874053,23.4125321803044,20.6850544154305,22.0438739773934,22.6427605846704,22.4280462770181,22.7282719933668,20.5730084435768
"Feature0107",18.7833488681808,18.8215820659876,18.552824182067,19.7276245503971,18.503077659177,18.575208247177,18.6273684407108,20.4146325235516,19.1672795679461,19.3444161494723,17.9270392078623,18.9156420538207,19.0563552635571,19.1274551517356,18.0167369405657
"Feature0108",17.1543922424457,18.078257319961,17.3880251349469,17.4198491922401,19.3276568487517,19.5706331927831,17.5765825302606,19.1290307811173,17.3995568736902,17.9819646536186,18.0700803774883,17.827829972694,17.6254020863925,17.0225501302644,18.7745611806404
"Feature0109",18.80784869148,19.563086391887,18.9651712652394,18.977364641555,19.7125374984594,19.8258011777119,19.0895337232166,21.0388461577676,18.563449449166,18.1653267114969,19.7323651673009,19.2272174176216,19.937071287906,17.8391721403151,19.8911985952649
"Feature0110",19.2429464436042,19.2480228434743,18.5034890640498,18.8561926573721,18.4239696285657,18.8693962879596,18.4000032789859,21.7546537783048,19.1785561778546,18.9055317604742,18.9767326414087,18.7136395099409,18.8956709333788,18.5430483693387,18.3126360160862
"Feature0111",15.198199554302,15.8462068368733,15.786145315832,16.5309403837135,15.5207035180441,15.9557866626294,15.821445967423,19.8071412191177,16.2467217092048,16.0152394346964,15.058904479801,15.2511100432164,15.6262362376763,15.6556681010399,14.8674379154364
"Feature0112",26.3048339285416,26.4261638760283,26.5025226559506,27.1401246031996,25.7577502895133,25.6106742290434,27.3168454851492,27.1019075363908,26.5914767797782,26.803970934531,26.206767586069,26.3701252382435,26.6592482771978,27.4295448518572,26.1507445844217
"Feature0113",16.1211736806169,16.7614256328863,16.7092511976127,17.4955406968623,16.557148451775,16.2633425226445,16.8681551649143,18.6883678550345,17.1333791302299,16.7107908764491,16.2613128725341,16.3237274889563,16.4842750985861,16.7034243034753,15.7950469837356
"Feature0114",15.6507477997627,16.3915311970157,16.4001697598452,17.3579966799574,16.032606662886,15.6076856531507,16.7770136987204,18.9671046849053,17.1451261869753,18.7011750620112,15.6862796178551,15.8564330263077,16.1366358863443,17.8247647355885,15.4452654033941
"Feature0115",22.3288135099294,21.915292420854,22.1307383432795,22.6775588974787,22.7580003424053,22.0449111474424,22.2649102020279,23.4998878381701,22.3060400860666,22.4731928009107,22.2382916833736,22.0899053585069,22.1048091587697,21.8124875111379,22.0854830365457
"Feature0116",30.0629815985441,30.2359591218909,30.3608945179209,31.0369211235519,30.1859326567438,26.3731788012821,30.8766299097547,30.6603667850009,30.4279180203576,30.378727409008,29.75290955771,29.721993511529,30.5954312293074,30.951931658917,30.182584503554
"Feature0117",27.552432078248,27.4034067657624,26.8750210200293,28.1154491868048,26.3626470301952,24.9171379720054,27.7612817477271,26.883646605889,28.0481913541559,28.1303348234916,26.5541976794988,26.5195418388987,27.2449838823267,27.3630283248867,25.987021985569
"Feature0118",26.6666383348937,26.3363318087619,25.5838908948374,27.1155414054936,25.5095351251388,23.7129696881095,27.0560026841,26.2566548357079,26.8535637537199,27.4461651839044,25.8481699169392,25.8895315574216,26.2534597714711,26.8332953923625,25.4175590651247
"Feature0119",16.6340224040936,18.9538175463645,19.2885061497042,16.8792935097445,21.6515460371886,19.0872686209567,19.5652822132784,18.293778118926,19.9601531040548,19.1256301908268,19.8933041972867,18.4130708899571,18.8733651551378,19.3585774461613,20.8231429962568
"Feature0120",19.449680212395,18.8041728634276,18.588202001791,19.8710562074628,19.4064896401288,19.2328172399632,20.0565759020927,19.3589270059265,19.0294321894457,19.1027376219136,19.1812075620761,19.1166752425297,18.9897587952856,20.2072036235146,19.3158455043528
"Feature0121",28.3205756130948,27.981914313061,28.394703424702,28.4604796643618,28.0391707491651,23.7784920154631,28.3448475794537,27.7616034406903,27.3882448107274,27.7253950046762,28.0814894203011,28.1852454549398,28.2419473827467,28.4103479580158,28.8968450927448
"Feature0122",14.5809797782855,15.3221723808527,15.3346228269392,16.1372722694914,14.9531994589351,14.5261959117975,15.4701702420569,19.3239755128465,15.9204530057052,15.5727926558441,14.6101286694775,14.8635905087085,15.0820785210015,15.3735083407411,14.3594844481774
"Feature0123",23.3660255403297,22.7407608370718,22.1299298800766,23.2924138135636,21.7470406616903,20.1703497173386,23.2441388601896,23.0002729634234,23.7604679784309,23.4088788845,22.3982961772237,22.7453363097975,22.6523842034733,23.228941620315,21.9801266966965
"Feature0124",23.3881622604869,23.0036633470648,22.380693096213,23.9412390069467,22.010689248651,20.6302824959107,23.6546576201888,23.4505697384701,23.4417915722751,23.6166166652746,22.5344539473886,23.3265447875227,22.7893280335612,23.6578684322731,22.0923002595198
"Feature0125",22.0511854924243,21.6152026763383,20.3566241525915,21.8483299377908,20.2654376033411,20.5377779503649,21.9943317296652,21.3329644934774,21.3464323348099,22.242660959603,20.7629878532622,20.7455954695577,21.2905771587844,21.998259420246,20.4326506180933
"Feature0126",21.0683916209071,21.1094931703845,20.6253890891295,21.1437726182426,20.4781556900055,23.0909741056768,20.8930578378713,21.640036459451,20.8885991640955,20.9008046497019,20.5574241420918,20.9314157389343,20.870062343335,20.8161693992012,20.2769818883861
"Feature0127",22.2756678368241,24.1922440351727,22.0174295734321,18.8416514456944,26.1746266295069,26.0690884903432,18.6722952327905,22.1353855278282,18.4015840213284,18.3769724924615,23.8774689533904,23.8807692588711,20.7077164722907,15.3234294444638,25.8832930710849
"Feature0128",20.5701954985094,20.4312357513454,19.8432841358586,20.5960176013678,26.4692241852145,24.7828857830649,18.9266455834479,22.1601689959028,18.9026633569402,20.1580769094589,20.6043974994556,21.3098198583013,20.3545083863118,19.7723551613595,25.7632820456126
"Feature0129",27.7071259627356,27.4742455708856,27.2590370606091,27.495592560432,27.0634491923403,26.4899489299805,27.326216945839,26.9355170526672,26.9087171922578,27.4434153946109,27.4558814883266,27.4820848223704,27.426146541669,27.6411185657189,27.3529783709479
"Feature0130",27.407848776866,27.5482126664458,27.1664145431241,27.6171483384083,26.9240186723532,26.8169212922877,27.2001058323455,27.2854080260473,27.3918864671853,27.499316022308,27.2657655726144,27.2368566172841,27.1762844161981,27.468659264572,26.8246242513122
"Feature0131",16.625401181932,18.112234229025,17.220873157443,17.5986357024738,17.7229167405904,22.3491696888029,17.0384750474419,17.8159835345259,17.412588247045,17.160010187425,16.5658135541777,16.6750455176617,16.8659358311791,17.1679192158628,16.3761557969567
"Feature0132",22.5087328969555,21.4919086291381,21.5652551749592,23.8653083679105,21.9273636352965,21.693483366846,23.6722041689241,24.1966954394179,24.0011887398549,23.9833311867559,21.0703081415606,21.6525832738895,22.2029052322201,23.476294094197,20.961835326093
"Feature0133",23.6144216495954,23.7483364207199,24.092967344839,23.4982057757497,22.482384573964,22.5269813128042,23.8720877906789,22.6086867373018,23.7713278284426,24.4389012043486,24.0475932031532,22.6796481888683,24.034276461982,23.704984055992,23.4692780681907
"Feature0134",23.5374545338996,23.9036881938366,23.3712513962043,24.0767079359642,23.640238226468,23.4232194267798,23.9167252763121,23.7835636826986,24.0226887876298,24.1102595268748,23.5320914175493,23.4773966694973,23.4400994862293,23.8140250764385,23.5043564446166
"Feature0135",14.8994261564942,15.5870745024662,15.6504558768615,16.6066617421211,15.2334458197093,14.8481132393529,16.0256816708102,16.6486650954081,16.3937921822107,17.9498365688987,14.8827960413777,15.1051088367221,15.3853087637347,17.0734281758301,14.6939466935065
"Feature0136",20.6383755728355,20.7591690982822,20.3293154520699,19.336929426001,19.8639603731949,20.3862637130211,18.6856305996093,18.9727957984064,19.2302657680059,19.8825621644316,20.473017894743,20.1094906856445,20.5420380838254,19.4105283925574,19.9065779649749
"Feature0137",16.9240392621432,17.3704952213544,16.8828885234936,17.3265498328739,17.1533816015909,17.5486892532112,16.6268670035203,16.9337049134446,17.0490520350342,17.0202612423857,17.2074050520188,17.3212725027478,17.6646488976867,16.409930666984,15.3742421576429
"Feature0138",23.0556304575488,21.6959083996311,22.2744572012119,22.4000056826993,22.5795606868587,22.4663057078951,23.0961521140162,22.6205831529747,22.4069219809986,23.0534377334564,22.6373496459126,22.7969213770325,22.4835973038946,16.3143240881142,15.3438943124227
"Feature0139",17.454223738016,18.7164027797086,20.9599012184244,22.8099296397331,18.4437804016266,16.5749085186501,25.0598372848109,24.5018622281263,24.3515100455756,25.5603040561581,20.2927957746112,20.2832854566029,20.1264342867721,25.5078104489461,19.0865699675444
"Feature0140",23.350977556014,22.8152476087249,22.639285721585,23.9779867216217,23.0819437237995,22.8983241511791,24.449026841696,23.6451280642859,24.1490874398058,24.4448630230437,22.7918528029015,23.4371915358038,22.3797666125625,23.9108016260779,22.9185638138098
"Feature0141",15.9457517725012,19.6344526740863,16.582428381,17.4313864441655,20.1630996195742,24.5480282843105,16.7552416606588,17.0620213367475,17.1596467374725,16.5427936373716,15.9148398139056,16.1285315311585,16.4566314774496,16.5384078470877,20.4754944840513
"Feature0142",16.5702481605828,17.1400241327283,17.0556603298943,17.7984688443583,16.755957190214,16.5548673111134,17.1307113327558,17.4703805304001,17.5150741762454,16.9705454899282,16.5090698070598,16.7395828514118,16.8807452456297,17.3532221187527,16.9854948770408
"Feature0143",14.4030128008649,15.3664108278936,15.2941510858134,15.9451593770654,14.8398179130552,14.7318389357182,15.6878975731612,15.917123259641,15.8435946227194,15.4142539729733,14.3586003257562,14.7220668176729,15.1514181344143,15.5134134042812,14.2338785041771
"Feature0144",15.3795692364463,16.0275781594178,15.9675165152237,16.7123127995204,15.7020741081759,15.2865434993007,16.0028172397246,17.0597461709296,16.428093733207,16.1966110772748,15.2402737024227,15.4324798883904,15.8076070835702,16.2132408994307,15.0488064292872
"Feature0145",22.4763656638,22.6446918608346,22.080613897972,19.0671860854395,23.7506078839673,23.6620655859942,19.0882837850121,19.9802676436411,20.0484536360424,19.3978684523132,22.7943514294018,23.225412355239,22.2021628973331,19.8413126609349,23.7166876188214
"Feature0146",15.1735026063554,15.204185345802,15.1554021773418,16.0192839390284,14.8352132984444,14.4082110860038,15.3521829141404,15.7789776368601,15.7727342491472,15.3232391270414,14.4422924707219,14.7456045963797,14.964092028936,15.2555212007545,14.8757751452596
"Feature0147",19.2523810486829,18.9999591119798,18.9915582800298,19.8051355237936,19.0715627657916,18.6024863752917,19.0090625805288,19.9233082541912,19.7815827982051,19.305040519838,18.8245666176209,18.511791575961,18.8132548978563,18.8080931571214,17.9531008184114
"Feature0148",19.6549038196871,19.7636855653364,19.7954818843756,20.1249135191517,18.91135014215,19.0726304232849,19.019910215569,19.2357389805371,19.6656233138316,18.8194414504341,19.6420162589904,19.5990332343128,19.9834372092759,19.5768510174315,18.8382928038758
"Feature0149",19.6574028945167,20.8730419434974,19.3870143381204,18.6597686481099,19.7873258352505,20.9976795844686,17.4499087880414,19.2300610911192,19.6117709123358,19.5539611324491,20.0076421734968,20.4347222041781,19.7608628099322,18.4245732211643,20.3628874927179
"Feature0150",20.9776560619658,22.3504576966916,21.4987569007454,20.0514059544056,21.7932881265754,22.7498325660283,20.2452662960815,19.2067034458406,20.3710051648254,21.1222389452218,20.9792324167509,21.1371278964179,21.5288810103393,19.6144937156001,21.338657825469
"Feature0151",21.8586301276378,22.1731355834046,21.5005547214605,19.188173984026,23.7666993489138,23.6855002738511,19.4175078506083,20.1538700178118,20.3835603182641,20.1254047277354,22.2930277393306,22.8646325367983,21.5671672056521,20.0366599883537,23.7374939331344
"Feature0152",19.1744947226527,19.8376669898913,19.3965403147921,17.5128902363891,20.6357651672431,23.2572581508293,17.8011761191264,19.652989763792,18.7108233882399,18.4089204217491,19.9525189459301,19.539109730918,19.6352713124207,17.6722791594403,15.4663233626597
"Feature0153",20.3872280769643,20.235924337765,20.1739671044933,20.8830731092324,23.4048508601372,23.0610353788643,19.7561530460598,20.8802930582077,19.8771060550338,19.8563534507015,20.0244786213009,19.6041737746292,20.6301159450592,20.3758410817427,23.3132377559565
"Feature0154",19.6145978164997,18.977899795257,18.2132004830689,17.8990746220054,19.2978554240199,20.2334290272385,19.414542344247,19.8845174554543,18.0109790228189,18.6838676850449,19.3086908540652,18.7501379714382,19.5057663849096,16.990278222293,19.3591041702132
"Feature0155",17.9491275553904,18.5736474556115,19.0393782246307,20.0774113970335,18.2086806171345,17.6751026717695,18.5793107275993,18.9332658257238,19.0071611982203,19.1690928477219,17.7157957983901,18.8226633406801,19.7317531593529,19.0871891733755,17.3630313530147
"Feature0156",24.4577654316274,25.0500939730935,23.7312119883419,23.105500445259,23.9136043395871,25.4533543113095,22.8089179972169,22.6484915398322,23.2201554203929,23.8139919962856,24.1534312830474,23.7383896194815,23.8599935248986,22.5923322651391,23.3390232506505
"Feature0157",19.9679879166091,19.5902617815778,20.3075290618594,20.9747674493061,20.5973848778935,20.4187410931111,20.4362431481563,20.6541737460692,20.3577418972984,20.0452132834257,19.1152438363796,19.3482484628509,20.6742964584577,20.7235453286671,19.9262772779604
"Feature0158",21.2508388494315,20.1453988464018,19.0142288611132,20.4659008881299,18.8222218885907,17.3471784266387,20.9225514561707,20.5141254355909,20.0330456400053,20.7357456310408,20.4666159746636,20.5250786731208,20.4993570639917,20.8578674999009,18.9549969763004
"Feature0159",25.1959952470374,24.842359488223,24.6546269372431,24.761106842412,24.395976925932,24.5836812629687,24.4951372102115,24.2887721731525,24.3621651543784,24.8384126072587,24.7031697942996,24.3722607008282,24.1157272334338,24.9057898273187,23.3267771929611
"Feature0160",21.1292861644373,21.493706725633,20.6399172286152,22.0073789523313,20.2470956327124,18.0589429062086,22.1138271179142,21.1320121766525,21.6346210777608,22.0145570431879,20.663661648672,21.3642310935532,21.2554271683784,21.442748554565,20.4611217970699
"Feature0161",21.4984668699837,21.3794904688408,20.4617747879505,20.8640981879978,20.2603001706314,20.9186288593991,19.9696361194995,20.2632352619461,20.0604127704629,20.2601808242039,21.2001794448789,20.8807781471689,20.9410495866265,20.4213202740661,20.9286012471625
"Feature0162",17.7385343866832,20.0224422549783,18.5797154100222,17.6789887335908,23.6393542965754,23.4279050398352,16.966071199188,18.833749538973,17.4286290538431,17.273685425855,19.7655723346265,20.2903195352367,16.7973271938623,16.8769532442769,23.0001129504898
"Feature0163",20.1208847013847,19.5433291433446,20.112509650595,21.4964633981599,19.5273473385,20.4294654547853,22.334752749875,21.9514310522788,22.7870895678537,18.7991816863619,20.9562001740339,20.6396275344405,17.1771376776309,21.6726487455045,19.2151562341113
"Feature0164",22.2668011160767,21.4756552458958,20.9558299854697,20.8722952227439,22.2901574582911,22.2491945615813,20.5613840202594,20.5238989337102,21.055017542035,21.5418987315993,21.6542303265259,22.3071401523331,21.351218601008,20.4698969489939,22.3172484664432
"Feature0165",15.5402349438328,16.2136023766955,16.3766213551592,17.1012543558939,16.5490795920509,16.1398168451971,17.1290406225024,16.7533969462758,17.1804077611858,16.9872437934247,15.4902413708389,15.9250932453545,16.63114457012,17.1716633190628,15.5871528657191
"Feature0166",17.1643045411776,17.8126947560076,17.8143607084289,18.6992813483323,17.9170713671008,17.1832520398525,17.8221685563388,18.150821757904,18.2800116796203,17.7254860493524,17.2232300642385,17.3761581207268,17.6230731931314,17.7536620475613,17.2014149484604
"Feature0167",17.8141316462848,17.7906542016252,16.9425198111929,17.7446552539966,16.5760668230601,16.8404818021756,16.9962530901636,18.4347198780308,17.442265453878,17.6993270767994,18.3221580889157,16.5285454973251,17.9705055843405,17.6748206007438,17.8064053733959
"Feature0168",19.372311755027,19.9806327468861,19.8412572719417,20.794435581542,19.6155874212569,18.9333345337163,19.9526448422296,20.0886559487495,20.2620851429739,20.2146401803751,18.2850213526293,19.3914066636999,19.5274514970474,19.7535538631034,18.9003532360736
"Feature0169",19.6618732243823,19.6338087699073,17.3016219522705,18.0774591004199,16.8651800719598,20.3779331768012,20.4994183346288,17.7217162994847,20.8771034552754,19.7760712814838,16.8238223641026,16.7051062789947,20.2214698221141,17.2449402933417,16.1886413939551
"Feature0170",21.0761732757366,22.4070050948667,21.2727135896655,19.2549447834422,20.0592118484027,17.1986752678236,23.1270255707338,19.9002729673636,21.2314967683448,20.0804224531315,20.6684786100173,20.7270805552675,21.5704642251971,18.5510120669182,19.9238099224765
"Feature0171",15.3034262367713,16.0973326755274,16.1114184492619,16.9378740818503,15.7305559244402,15.3288996728986,16.2886518760598,16.595489064403,16.6095533942944,16.6000782734438,15.3577615796112,15.6140490876126,15.9136370988613,16.0717161504937,15.0360322379745
"Feature0172",19.1353708769024,18.9092761181411,19.0311433090786,19.3531919265578,18.9691726362799,18.997256742209,18.8127761782317,18.9668774143664,18.9593935012123,18.9645129667548,18.7584550990879,18.8221068275675,18.8606410156639,17.9608366431258,17.9901422539622
"Feature0173",20.6995936894927,21.3103996449469,21.2879681403386,20.5885429072984,20.4027296917578,20.3622708419313,20.6137514104427,19.8661448095435,20.1848420130673,19.8998551782462,20.6941267794354,20.6021817682729,21.5402004133203,21.1204931731877,19.8833656711832
"Feature0174",17.5270943253553,17.8994728746852,17.8085876761467,17.9824764775002,17.1017042919663,20.7871426066936,18.7000334347085,17.6843568187609,17.7082214294254,17.7706458613776,17.3120310358123,18.3045404798874,17.4328436381535,17.4689543545981,17.5005688005366
"Feature0175",18.5345163792566,18.9630637985443,18.362611928287,18.0848232942981,17.0420453878276,15.9290080343532,16.8520639865979,18.5099598757337,17.2673938681351,17.1651486988014,16.7386445489056,16.9110810834263,18.6469759577313,17.0879602640752,15.7826168374009
"Feature0176",23.6315474612951,23.9939354259897,23.7526976890752,23.4506850904368,23.5249911297032,22.9494020921127,23.6876048771026,23.5374345856514,23.468642773281,23.6057995439352,23.9816885647867,24.0583931483485,24.0305873845533,24.0069565593499,23.7523596390905
"Feature0177",19.4240273760704,20.4753562606906,20.3614171966771,20.8848285732661,20.3813525986738,20.0860634723013,19.9570484875398,20.23665751658,20.0219864711195,20.3770433999843,21.3385321199087,18.9168553137494,19.176140285334,20.7765279606696,19.1351111805834
"Feature0178",18.9764817496056,19.0606583079765,18.3346478363652,18.0681458750301,17.3802142680095,18.2460502886609,17.8888739342153,17.6896003902746,18.3611522727845,17.9410432464233,18.2055413678217,18.6359425358697,18.5319672380587,18.876682094793,18.7632803419075
"Feature0179",14.7609206103637,17.0562564527304,15.395991165403,16.1405948738292,18.9284279801185,19.7879552588799,16.3572114867196,18.1075060739053,18.4103641372601,18.300418880702,16.7041353943309,16.3989705892932,17.5851562627748,17.8088648895953,18.6023946991671
"Feature0180",16.4200542685993,17.0858206680311,17.0684242510728,17.9086728527356,16.7400835398839,17.0081129279546,17.1602702076372,17.5046652116617,17.6285137759175,18.5472514677376,16.3013332026073,16.5935544576084,17.131566674271,16.9304022125663,15.9152328731449
"Feature0181",18.7454659785745,18.8287607143518,18.4631379491077,21.2044901611146,18.3431038608423,17.7344783985516,17.2352448620477,17.0447765953226,20.591898625773,17.7110952265813,18.7294984035414,18.4097375664067,18.7974919681557,18.5587538068749,18.4967267341144
"Feature0182",22.0012661729658,22.2275167933965,22.079196225069,19.9653084100711,21.35225485007,21.3387611798526,19.7600625155891,19.68859067782,19.5956697194356,20.0399704901812,21.9516087984086,22.1462111311378,22.0765196957582,20.4091052179901,21.4184352474617
"Feature0183",19.4748994263253,17.8615430882102,19.1844492721162,20.4695233708166,17.8323106051301,19.1547516134427,20.9962531729343,20.7156181500816,20.6723346157764,20.9435409620665,19.9446203583611,20.0963834775948,19.4861552730659,21.2323972466686,18.80069834756
"Feature0184",21.141822236166,20.4925216470828,19.9646462713164,19.6353485347569,20.4630695398117,20.2218632247203,19.1346433650948,18.4556639591731,18.8115463785774,20.2155954267151,20.2132687729515,20.6193845267474,19.8438222989094,18.5374230160388,20.1339899618457
"Feature0185",19.76395476583,19.3292040442342,21.4633657091306,19.9463034145032,20.0488573518609,19.6435884313965,21.3247612978272,22.1498364960942,20.1532882090772,21.4563376335649,21.5946384847205,18.9257245501904,18.9259880181111,20.4542712891686,19.6076611282338
"Feature0186",18.018432869463,18.4187818790216,18.529372303782,18.1321385818245,18.2436237379843,19.2258238703546,19.4923429228806,18.3148207340931,19.9275178615121,19.0897043690518,18.0665084064237,17.5008125119553,17.6101371056897,18.6273725690782,17.6971198191319
"Feature0187",16.3648639247252,17.0537209145288,17.051103855592,17.893724317183,17.1539456899892,18.0746638971489,17.1372336425239,17.471384997186,17.6096645041135,17.0235181230521,16.3451286420293,16.6199597463934,16.8831862066797,16.9792736822636,16.0507329721401
"Feature0188",21.0971875334812,21.736243705359,20.8255355683262,21.4375499960956,20.9262946179272,21.3109919251544,21.0620931686696,20.8596579788974,21.1596062631561,21.3640680906485,21.056132342838,20.8040801155214,21.0188864645518,21.1668018896777,20.5369262375416
"Feature0189",18.7444074725213,19.1392509012932,19.1118064018539,19.8626846816733,19.2716367677926,21.929373808866,19.3338053636385,19.6232944981101,19.5004000685591,19.1670293903396,18.7680871294033,18.8158203121263,19.091716939297,19.0374896666831,19.209908811098
"Feature0190",15.9162269974395,15.3111009241912,15.262317662012,17.6770141235093,14.9738577195235,16.0474379881201,17.4907220486505,18.371905283803,16.6735817522696,17.7424944292143,15.4705216284523,16.1479307708082,16.1662637062463,18.3466040842741,14.2584108667516
"Feature0191",18.5204481632307,18.1265763957425,18.124401017882,18.2772790917537,18.1897341836962,20.6111481518433,18.8243308211626,19.9084849585456,18.3865717656751,19.4004534728401,18.2090251970835,18.3695009121552,18.5461077286022,20.2199495285592,18.5142803544468
"Feature0192",22.1655474049041,21.9881336544418,21.538693916286,21.4884328634834,20.2754614488033,21.6651409472653,20.9241420921884,20.6317938163536,21.3081870625264,21.6476892278684,21.8892633677699,21.6446155221157,22.0459844761115,21.6290704329183,21.6955283147294
"Feature0193",27.0972373616436,26.7174544197635,27.201404377696,27.2535938402961,26.8598222907078,22.6914415459866,27.1337540168987,26.5740596589678,26.2000339961237,26.5194121495353,26.9244099624892,27.0847103770285,27.0700259308116,27.2524942737582,27.7855675323725
"Feature0194",21.0478907375958,20.6084818761795,20.1366448901273,22.1453806494186,20.5743923597994,19.3623950424516,20.901392655567,20.0123207402674,20.8218691222632,20.0950025544314,20.434461513367,21.2802002252274,20.2263891026381,20.1186300195177,18.732014710457
"Feature0195",16.5507866393528,17.0950663382752,17.1088288199907,17.8435726419108,16.7375024411018,18.0241145480167,17.1881842346001,17.4182934543013,17.5182369298149,16.8837813743169,16.3657998919982,16.6168570770834,16.8787842435431,16.9098950824271,16.3787778966412
"Feature0196",15.0935014575607,16.9041857235545,16.0981437508177,16.5243941346415,16.2300914956393,15.7238867635996,15.9579152941804,16.9603680937821,16.4394402596238,15.9001562080659,15.1899703416584,15.447524559455,15.7249396280932,16.394307305922,15.8064495929085
"Feature0197",15.8887682882134,16.6503312294988,16.5728021235364,17.400681430192,16.2861380892749,15.8381393446485,16.6684317693371,17.0280444701098,17.1088645766202,16.9257770883655,15.8009996527511,16.0442828561014,16.3740450095527,16.452076492762,15.3953511522004
"Feature0198",22.4771246816681,22.3281892555553,21.8803283954383,22.4333704224398,21.0599784955128,18.8706536680394,22.5549728022315,21.8489491196088,22.3039623841935,22.623047398618,21.9545215574683,22.1220018405421,22.0869764907753,22.6437918930401,21.3566310322266
"Feature0199",18.8424950032673,19.0970953260058,18.5197465916615,18.491794134282,18.23583915768,18.7690006650664,18.2609739402481,18.0377786598242,18.0589822152964,18.127303311073,19.0154174798813,18.8528824912558,18.7098114772602,18.308702834936,18.0201868683554
"Feature0200",24.6690734003261,23.5557642663984,23.7149569284149,23.3824917241077,21.8909551408207,21.8594690523469,24.2824533509775,23.0702734364613,23.0378669425539,22.9600309175036,24.8427322735997,23.9640805594502,24.6134660508998,24.1657230649769,23.209625004994
"Feature0201",17.3542314502368,17.8046206087154,17.959840715761,18.4294327731636,17.850878386729,17.40127366176,17.8076023865432,18.1666876911431,18.6780176802654,18.6321037644766,17.9483207811798,17.574824351022,17.8925175610871,18.0868265224144,17.2127234940996
"Feature0202",22.5474839441958,22.4027908883824,22.1097729057599,22.1762936761114,21.7296915177785,22.1548389421288,21.7360287291707,21.6052971794814,21.5365789268954,22.0118579320809,21.8603125792051,21.5663992347914,22.0325119049655,21.2935246828532,20.8619855860976
"Feature0203",21.3177062894468,21.5675356860699,20.6880320838864,22.1116501666149,21.031213522384,20.8228699270027,21.8669014332069,21.3557253036496,22.3625308530919,22.0940033683865,21.346526465851,21.1700635368137,21.3131115968439,21.5118905538968,21.0141664241489
"Feature0204",22.2120825588772,22.4623467608287,22.1621301653718,22.0687691866253,21.9313497743112,21.5863401735818,21.8540959058789,21.6795001962108,22.0219434713104,22.4698976742758,22.2875788023026,22.1287187954492,21.8675713562162,22.0909030203688,21.8771844215029
"Feature0205",19.3431395213006,19.9514604982665,19.8120850259951,20.7652633205239,19.5864151806378,19.0885972625681,19.8558548112592,20.059483697904,20.2329128891177,20.1294393632119,18.969830726889,19.36223442923,19.8098803840336,19.7243816192939,18.7551833009936
"Feature0206",22.5154127567795,17.74668888873,22.3207566705326,22.6568388806637,16.3528634698891,20.6733409106704,22.211438423021,22.265551332758,22.0808684275949,22.5474408796625,22.2162305845978,22.1659885718282,22.5077544967466,22.4580734335176,21.6087513538734
"Feature0207",17.922260715423,19.28408478544,19.3108147529796,19.8375069348559,19.1520737620183,19.0823159496591,19.2421804581321,19.2177014123766,19.365974213878,18.861213474102,18.6764622925108,18.7132605891861,18.7569021875449,16.9421240532409,19.6770778050982
"Feature0208",17.3965982686365,18.2188988762157,16.3122733689193,17.0570715828467,16.0468299950332,18.3085743097061,16.3475742089994,21.687773995208,16.77285189477,16.2521448886154,17.3503670420043,16.9371326234694,16.1523633762976,16.4666290264134,16.9661341718579
"Feature0209",17.5813823994366,17.2025940727843,17.3021753157882,18.0996939999895,16.9831303641658,16.3456923468773,17.3317998093614,17.6658891628721,17.7665118351426,17.7939700092196,16.3423761355573,16.8146014073483,16.8517366670152,17.1440728115595,16.0795151167964
"Feature0210",19.1016265584344,20.1338611965632,20.4725471085342,19.2257476872141,20.1059441979079,20.042891756909,19.5193813162484,19.050685000845,18.8387745637685,19.3424409243584,20.5205151777868,18.9739289698173,19.0710352358328,18.8533214847952,19.8447891443249
"Feature0211",20.8180911349986,20.1963210974191,20.0483680685944,20.7559458566035,19.185664651946,18.0681899419518,20.4056622868342,20.4039907761644,20.5718256809926,21.0600462642531,20.7868631618525,21.3724844315508,20.4264098525249,21.2481582583414,19.7316428926794
"Feature0212",20.5297441022923,20.5612184934275,20.1346603093031,20.3112530444566,19.9549474279565,21.4197133633929,20.1194153098755,20.0380984847941,19.8592670845703,20.2611950013641,20.312451537691,20.3676718486165,20.5965833472197,20.4384322982196,19.8768673799255
"Feature0213",17.9552256167502,18.5659350230257,18.5837000465276,19.5364303470564,18.2382989574945,17.869988301074,18.9146860948002,19.0100533304476,19.3238860152129,19.0666445171708,17.9371560206801,18.2009120695608,18.5469469797663,18.2624012495302,17.3172132427838
"Feature0214",20.9363922083584,20.5417781519442,20.3648146547718,20.3759902540161,20.345863810153,20.2213012187235,20.4552820375609,19.5614376752341,19.8949934316359,20.4476969746922,20.6501545461812,20.7643569687486,21.3636032864464,20.2880499074291,20.9974130419724
"Feature0215",18.1435699700386,18.1875374215001,18.2049356620735,17.6740415478643,19.1869966558461,18.3250463048076,17.2461197049047,18.4232428959832,18.1755657295898,18.8937447389034,19.2188850094627,17.7266512729477,18.1533202109524,17.3392592073241,17.5923878474391
"Feature0216",19.503148722909,17.894635629135,18.8248531290436,19.2747173829448,18.5133596373331,17.5003432390319,19.4601251967508,18.7070992471021,18.9287942298055,19.7525045385195,19.6748816018237,19.9372354069715,18.77330835068,19.5725565806456,17.091457852314
"Feature0217",16.4831363327961,17.1749936010282,17.1998374779824,17.9756743548701,16.7633958279553,16.4647819069886,17.2689379188534,17.568244061861,17.668772449223,17.4732409666761,16.2788721409553,16.6892053095123,16.971153625533,17.1431558459543,16.2523808910851
"Feature0218",19.510588272734,20.123411302504,18.5249091844993,18.1309426684682,18.2510134848257,16.5669473462904,17.3934477019466,17.7138400554852,17.8510471823985,17.9678948377833,18.9153131419481,20.1419443944576,18.3771162702197,17.2737990512276,18.567539222067
"Feature0219",16.5344643805733,17.0025740638131,16.9372169132267,17.948742157427,21.9494257661878,22.2843915001551,17.0199057835004,17.2119606182346,17.3738968475796,16.833999646511,20.4296223412878,16.5395890731281,16.817013598631,16.7585732811156,21.1659540171191
"Feature0220",19.7910033949607,19.5382079466079,19.4520958217849,18.9338871013358,18.8267156236201,19.255395295228,19.4823440855999,18.4673782380038,19.2101312646267,19.4412259628758,19.5409291896439,19.925540648796,19.9057497644213,19.5800896641879,19.5395923381198
"Feature0221",22.0547436533713,21.7265043465526,21.7839552279479,21.5825400088243,21.3951352218712,21.0061086828219,21.3532713000986,20.9886336584551,21.0119896757374,21.2744052527328,21.646818748526,21.6574849291229,21.9048025885151,21.2977569092549,21.3530066085353
"Feature0222",15.6481626869097,16.3270838997861,16.297570294191,17.1019720812915,15.8996514012726,15.6031546891033,16.4351319473064,16.8038119695055,16.7847754293119,16.4855474288092,15.5795722548014,15.830799296823,16.1976662411432,16.4477014615894,15.4683202071071
"Feature0223",19.3058806592941,16.2617588597107,19.4354580268987,17.782560318475,19.736531842857,20.47873720918,19.6626809516649,17.5226477966695,18.2658491984759,18.9656692169339,19.8012965487957,19.6653152113834,19.2007110280153,18.7730138413165,19.3761788253125
"Feature0224",17.6857479165691,17.4301128017205,17.9029465652027,18.3943017391303,16.6040379848406,19.5565376108141,20.2981863604809,19.9473157872753,19.0303450373983,19.4717864812407,17.5930639957162,17.6190193790639,17.7359696703364,19.6735109553497,16.9048535133874
"Feature0225",17.1966209233147,15.5196877918438,16.6502715768978,19.3835406592033,15.850835113129,18.0989364944825,18.7575483979907,19.5532609615772,19.2488020796639,19.1406214075019,15.4461687081007,16.813110061527,15.6974069621382,18.9932500694085,15.4536821722379
"Feature0226",19.8202849150557,19.5376654527257,19.464909177986,19.3719169103526,18.8732574150416,19.0992123479543,19.3883776113417,19.2891817692999,19.1110367480572,19.495651142303,19.4569536604803,19.1718716997185,19.9309401780521,19.6296379614898,19.2598569126929
"Feature0227",14.8621988981115,15.5377458832491,15.4379026752413,16.1636773710762,15.2727677962785,15.0381849643423,15.4896463493041,15.9138839771036,15.8465479847895,15.4030383537467,14.8333071677549,15.1000538860755,15.2605990220509,15.4651994337115,14.5713837771853
"Feature0228",18.0542662285956,19.4080384267247,19.2785016059242,22.3155591725287,19.053050715449,18.2305903879077,19.6273423671318,20.9553483687582,20.5219073849942,20.0298896054149,18.6420942107818,18.2106287660677,18.267932482105,22.0653383265562,18.0178047909317
"Feature0229",19.1596655490314,18.7497345427921,18.0906143294816,18.5214546216648,17.0457028698096,18.0187572653821,19.3785721905581,18.6654408575554,18.7177304995819,18.8875473739678,18.2666098056418,18.4876418852409,18.8975887403733,19.6672884863271,17.6938837596653
"Feature0230",15.1920229876827,15.9798212471447,15.8826206180936,16.2234822729646,15.4615511718084,15.0562000077893,15.7788852609406,16.1051348048157,16.0293694039285,15.7069724250155,15.3269834026116,15.2791015964137,15.6271018808701,15.9290821630434,15.1373284870026
"Feature0231",21.3310469493397,20.0575938116487,21.4032312045531,21.9523775594127,18.6987888504576,18.1390010708493,21.6545216508891,21.7375587246905,20.915687187315,21.5615989232359,21.0033507929335,20.7993915517085,21.5094374061288,22.2660905611247,19.9118186551659
"Feature0232",21.6970250142344,21.3787347492292,20.8954518676912,20.5235586427537,20.5798754321401,21.1011245331959,20.3784596143042,19.8450680504626,20.2994618266275,20.5035351382236,21.157583901647,20.8883232231167,21.1063204856497,20.1915464591409,20.2992222483421
"Feature0233",19.7668092889682,18.3279685992805,16.0687991172461,16.81563042572,19.7240357695527,19.0979649470368,16.1038765026399,16.3893962930342,16.4891136208764,15.9460292709894,19.3284104709399,19.7379089277016,19.5493213363527,18.423147335447,20.2055802030782
"Feature0234",18.2945501890955,18.722344645495,17.6666137688412,22.0282135632815,18.4785046171905,18.5169001330528,21.2270286821112,21.8408695429173,18.7593724167481,21.9273832149478,18.5611300367196,18.2766972211971,18.9362149339245,21.7732777495262,18.7670311470044
"Feature0235",19.7577636754699,20.3052002388868,18.9272001912009,20.8891354792047,16.5272776688654,17.8647635791333,21.8532838764794,22.5586985394131,19.6617775135681,20.3040616389799,19.8174190594616,18.4230937866367,20.0848384585192,22.2026297904696,17.3342592113598
"Feature0236",19.0887405520155,19.4252819589179,19.0371833885416,18.8662800378773,17.9680290886954,19.1641487719377,18.8707643043764,18.3420294791013,17.5690481771441,18.0071678577832,18.7603622820687,18.6922551768266,19.2134380118559,16.1068625269867,16.5409004299231
"Feature0237",19.7558845116169,19.0169622528632,19.7446870224466,21.7111089167868,16.72194889136,17.2403145139916,21.5458007427157,22.0302997025748,20.6002402670525,21.1206062125663,19.1211444191801,18.9070297945897,20.3928519590485,22.4353392427094,16.3561821106583
"Feature0238",20.195682979018,20.6222927608806,21.3607629347546,18.2957085323194,15.2282640617183,14.5381882290703,19.1624837812032,18.1229660213733,17.7904225986762,18.1656407456217,20.0708037134652,19.969431213772,21.3688491974567,19.2604645436822,16.6472069974164
"Feature0239",19.712765556134,19.6819669014588,19.562478500236,20.4210172501618,20.0945970810326,20.7833262711181,19.5000956304863,20.2027900912137,20.0988219670095,20.9839393871283,19.6439014380688,19.7077525783594,19.7887716753565,19.9006020913099,19.4133438529732
"Feature0240",18.0005573439624,17.791042253814,17.9941404261111,18.4902550036325,18.0223538244774,17.9135742855528,18.9794968288225,18.7314090721999,18.8226356272214,18.8344000173181,17.9587694053057,18.2667501032002,17.6075863571733,18.4310785857583,18.1643591242354
"Feature0241",14.9643236481876,15.5482985559572,15.5122329913748,16.2268113174938,15.1929588510239,14.6723515673074,15.5994317798184,15.9649805253889,15.892298984934,15.5695374509564,14.9925983766303,15.1901304894616,15.2995022988271,15.4759520761772,14.7068520526558
"Feature0242",20.50849063645,20.62373888702,20.6938194066876,21.0742724990214,20.8264242367705,20.838887664156,20.4343069374462,20.3051454139819,21.4863750869073,21.3383820136713,20.5269430656047,21.032169789624,20.5558160181994,19.9991380095543,19.5517140942558
"Feature0243",19.6283000560912,17.3183542725611,19.626355560758,18.5583154664222,17.1641096588854,15.3177020803842,18.2710851727132,17.7786891949438,16.6443239891515,16.4895994085926,18.4185411990727,18.1865894171986,19.8904594944564,18.9508837868552,18.5058994231796
"Feature0244",14.5924018709958,16.4030738847104,15.5464864442846,15.9480747364171,15.3389411497531,14.6813825363596,15.4568079835678,16.4592560684013,15.9383302775772,15.3990492815372,14.6470468276278,14.8656438619571,15.2238339667468,15.8931975381153,15.0710250073654
"Feature0245",15.0647028762147,15.9007368992305,15.8416245596836,16.5183887153082,15.5867155812495,14.9204028722744,16.1913589935025,16.2311976322101,16.3215800225176,15.8563998786636,15.1693575531771,15.4065406918187,15.774680919222,15.7615447168826,15.1735019614159
"Feature0246",14.4815196557861,15.1604277407704,15.1309145863675,15.935306843487,14.7330027755683,14.4365127667732,15.2684742117417,15.6371496630866,15.6181133312934,15.3188889973778,14.4129309266778,14.6641521069289,14.8787053810701,15.2810435503403,14.3016818194421
"Feature0247",14.9291849512469,15.5199278637703,15.5172537634187,16.3035359948789,15.1413429581965,14.9354878063718,15.6761559267378,15.9981437277839,15.9413772901138,15.5187934237949,15.069321736227,15.0613889698208,15.2754226169445,15.4894294256242,14.5130029295314
"Feature0248",17.9617263979669,16.7253588685298,16.8579914160336,16.9207265158325,17.4524184574656,17.3651443895641,17.9298778746224,16.8007757425247,17.9551111281824,16.5985820352305,17.7881744736037,17.0325882877328,16.0897965089184,16.5762132895122,17.2282956676406
"Feature0249",14.9050745361561,16.451446803263,15.6243874905816,15.9964474515686,15.2925336263989,14.8834492694409,15.5051803933154,16.5076290078439,15.9867029874571,15.4474216480161,14.6954184410243,15.0785686408963,15.272206191496,15.7855190046254,15.119397092888
"Feature0250",20.201734258441,20.1716400881084,20.3447859792901,21.1035462720599,19.3373176122544,19.9699597950468,20.6470117193484,20.1187768994948,20.6706128089084,20.3682663665473,20.2568344463277,20.5409045455569,20.6415779927481,20.676171662199,20.4385506767285
"Feature0251",20.7870269909054,21.3222364787873,21.2267652635131,20.3101823828369,21.52475774429,21.7033190810238,19.8165830298982,19.9299434325537,20.5060772154902,20.2162344319089,20.6826335176885,20.7178481385716,20.7723045865388,20.6265453015877,21.4458518170313
"Feature0252",20.5292232357674,19.8934781018643,19.5204521244961,20.1593133479604,18.1410260743204,17.992775021798,20.0501938559562,19.6846214473764,19.6564942967389,20.24346617083,20.3122736965712,20.808168091288,19.936992682561,20.670243603966,19.4526978915424
"Feature0253",21.4497932189071,17.0506697552316,16.9223082767768,17.6857711275468,16.6993373456892,16.166270033862,16.9825162380682,17.22127717461,17.408467249638,17.2797543189457,16.3021913231098,20.0702755940893,16.7622436900447,16.8888019326272,16.0870534189983
"Feature0254",15.9109644949315,16.5831662251365,16.6122928073422,17.3520349157772,16.2750839204918,16.6055508373423,16.7126443932842,16.8129852770267,17.1047996878825,17.0188370486192,15.7935680373448,16.0993053087615,16.4259756250465,16.5376866966261,15.5086948471722
"Feature0255",19.9087533191846,19.3607902542363,19.7300744540331,20.7637843576345,18.544814540829,20.0011977141644,20.9651704383337,20.6408449876919,20.5333830702886,20.7918311767646,20.2129144386993,19.7507116480949,19.9172710912969,20.8783729492462,19.3097817055968
"Feature0256",16.5200707737988,17.0815115552427,17.0831775033669,17.8669533840327,19.5848704645812,18.6121507048575,17.1099638004131,17.4096807187082,17.5488273348956,16.9943031065887,16.4920489511002,16.6449763819431,16.97821421143,17.0463357921488,20.1251835935415
"Feature0257",17.1196785289064,17.3600014239251,20.7915200591823,19.9101965665639,20.1977462843043,20.4035694748568,16.8487615040128,16.9336457070344,16.1961746120716,15.8274943731286,15.3494086596503,15.4586391875076,15.6522779506526,20.6244881612336,17.454875585755
"Feature0258",18.3684573839068,19.3835972129028,20.0472232414178,22.8698732193972,17.7225993558084,16.8898687817941,24.1143329073092,23.1379741155839,24.1024459845142,25.4577215482923,19.8102403823049,19.3598668740761,19.5087796477123,24.3494336941311,17.686325718076
"Feature0259",19.9811203886128,20.0756235168309,19.7646048928199,20.3544167762238,19.406828101981,19.9009203517664,20.1646485607737,20.180196939346,20.618706484537,20.462098112281,20.1843467448944,20.1468052194286,19.9241742291243,20.6304907583943,19.9362284130394
"Feature0260",16.0974301561777,16.5182736217767,16.3941681190452,16.9697374369203,16.4403126926624,16.1364184275821,16.4753917342374,16.8411120550172,16.7103922788864,16.3229143561816,16.1574341980354,16.2241268855857,16.4817614738923,16.3676091181828,15.8445470083206
"Feature0261",16.987187037253,17.6101643222155,16.9731987743623,17.8789424100917,19.7086597893402,17.7883518887344,17.1124221679893,17.4347596083625,17.5298626608796,16.9593488518341,16.9068887022345,16.4869178244466,16.8242342287024,17.5012495073373,18.707749744847
"Feature0262",14.6619652117635,15.415840955074,15.3231814926314,16.2151706828635,15.0569210031947,20.5716866919496,15.3834390710658,16.4176030126612,15.8805960873283,17.2288569765163,18.2393598456422,14.7978523140152,15.1562188292365,15.9750376891323,14.298947733641
"Feature0263",19.7737253553228,19.1717277294849,18.541948598761,19.8290555628743,19.5620747779431,21.3752586977622,19.5303734137601,19.0585830871004,18.7311842149674,19.3211611253469,19.2072778109233,18.6328128053528,19.2651951027542,19.3627955448689,19.3503481824004
"Feature0264",20.4376233408382,20.7446383745222,19.4150928573291,18.1312510946544,19.5099960639845,21.6635920353213,17.9673099189895,17.1700298692048,18.8072275973574,19.1254518282637,19.8720463706876,19.1958767388717,19.3142695204159,18.0976293665443,19.551886853414
"Feature0265",21.755373339617,20.6150550270847,19.6978496609945,17.8736412410605,19.1142966235868,21.1736524264092,18.0725689978373,17.2371347530514,17.250744291101,17.9267677866688,21.2934879525581,20.5833028094495,20.5359464253239,18.2683648765121,20.0264594920417
"Feature0266",20.0123329831188,19.0503105285799,19.8071445651752,20.7288502705721,18.6945562094318,17.9268822622011,20.6198965367744,20.2118749099812,20.3181120419999,20.7050269937929,20.184017934967,20.1046040935171,19.5768965185358,20.8980559984714,19.0255408021175
"Feature0267",24.4277080883707,24.4374364219865,24.1561559897748,23.6577580780543,25.6657751262141,25.2405547016748,24.0910136631039,24.1767751727503,23.4296333903729,23.9473039710831,24.5885582710527,24.7169501354136,24.3931017631962,24.0725644679138,25.1371400838878
"Feature0268",18.9492971135193,20.1396170663388,19.3539563898188,19.1354775796567,20.2906282050573,20.9290372125179,19.4821524297731,20.9609447846802,20.6821236959314,19.5662972403585,20.4471922598975,19.6368184584392,19.7910739117147,19.9566435986114,20.2396260039422
"Feature0269",20.4046236851081,19.2323003314853,19.3361558845125,20.156305640861,19.0946159992551,18.0419160446606,19.8557853113906,19.8247349674276,19.7256295215854,20.0026165337123,20.0572371083632,20.7450929804996,19.7242974085543,20.5207090930816,19.4491695304104
"Feature0270",19.6891186647414,19.4806158015472,19.778608882071,21.0888315592041,19.5345349696813,20.1687131570808,21.039015989752,20.9294580811481,20.7820291678855,20.855805295243,20.0773110492787,19.2474009104274,19.7004736456435,21.1949585080849,19.6827397194885
"Feature0271",21.8771114224859,22.2125363560991,21.6240840896241,22.1524067258638,21.403897996248,21.3605648732899,21.8030413213726,21.6986770774761,22.008288979535,22.214714222722,21.587526481851,21.9988204929715,21.4749135132476,21.5088471422799,20.9186668425301
"Feature0272",20.1978184364345,19.0919616628886,19.54172012195,20.5419209784155,18.5203023755544,18.4728337891548,20.6726840111207,20.4827896587694,20.3726095377299,20.6499759226583,20.1433994099048,21.0374322324599,19.3857247178257,21.2171348020523,19.3397997172892
"Feature0273",18.1211458587413,16.9091864498441,18.3208896434953,19.1762067377489,19.1179100080747,18.6161191676073,19.5907772765004,16.5441288209652,20.0945842913493,19.8639024701836,18.3141834366954,18.9424784995051,18.5055271480538,19.2289453338641,15.0738508060033
"Feature0274",16.1467308739772,15.4402200873827,15.4859871419598,16.0402907602922,19.4554178299158,18.9350512478016,15.6662336205095,15.940550803406,16.0309329395423,15.5185306027601,15.8103228896231,17.7076483773154,16.2517150651338,15.3417174993027,19.9586335040758
"Feature0275",16.2861842776708,16.8925751683152,16.776392676313,17.714356073661,16.5271401486744,16.4233803502126,17.1293765522554,17.2630388886227,17.3895618105161,17.1610019808765,17.1568665034056,16.4238304224447,16.9586647771641,22.0488221753605,21.5488115375094
"Feature0276",18.9595745789459,19.0386197816393,15.5928489370059,18.7609237846091,18.4969600963214,18.567763103398,19.3075543769994,17.5007055725088,18.9253461748213,19.915026304291,18.9417607512205,19.1007508327617,19.1872610273424,19.231890667208,18.1143019949334
"Feature0277",19.7255292076083,20.7630706987879,20.8195863862817,22.4703983626961,20.4841749018774,20.3766839960581,21.2136838777094,21.9993707261109,21.5980477424031,21.3098803305662,20.0601350745508,19.5331764006832,19.9859068155965,21.135229103961,20.2950269111253
"Feature0278",19.9138838473569,19.1540885990077,19.6568015692288,22.6615797647095,20.2897299757265,19.6937063759072,21.8803302695827,22.4714565683793,21.4639700020356,22.5335455977954,19.2745165788142,20.1824903479052,19.6720716215039,22.4413664334096,20.5871023166891
"Feature0279",16.530370459658,16.8042359326012,16.7533987804775,17.5446456884595,17.4801640807277,17.7093356239117,16.7963316587704,17.1149898584112,17.2396946795322,17.0856954669196,16.2643225854154,16.4413483919365,16.5539004793406,16.6261714422034,16.9784040773326
"Feature0280",18.7435168884143,17.9070277345343,17.3250982333896,18.0392510560525,19.3627161070351,17.1832467215251,17.3152398743534,17.6103390962935,17.713253660266,17.5306285994326,19.4207530645316,19.0244781653627,18.8460610297364,17.7242857673718,19.5976996486436
"Feature0281",18.4084690970883,17.328841100575,21.4098671143819,18.8159284550445,21.4570530541304,22.1860226444543,17.4038458793973,18.3919984702785,20.8453148326875,18.3388659180707,18.3257518493738,22.1702593474758,17.39094187476,22.2812298261529,22.4193637078969
"Feature0282",21.7543096135974,19.8743718543375,20.758699152176,18.7574011266743,19.6672873397996,17.0606058021057,20.069897011729,18.3615193899421,19.3775653273104,18.8219751762324,18.2331720143257,20.9661411555535,21.174558997421,21.2935847660378,22.416425953469
"Feature0283",17.2805507595129,17.8004920489021,17.575574716887,18.1646602186865,17.1036738984801,17.0684486838914,17.5054324013526,17.843397809741,17.9217600539464,17.4892177164639,17.1452156462208,17.2325817897637,17.6360985927638,17.4299337477077,16.6041884874845
"Feature0284",14.7019637440725,15.4097761997007,15.3605756171025,16.2130446021571,15.0119599191452,14.6041487276144,15.4208332323041,16.4549976159654,15.8703301075156,15.4708261513907,14.7003368963178,14.8372649966939,15.1936128433235,15.2371505872681,14.2854724554741
"Feature0285",22.0758491165762,22.5542795288375,21.8536145210087,18.6567163581144,22.0230984224552,22.4122898484676,17.4167220116018,19.1197813272406,17.7950456308085,17.6751079546847,22.2754229208251,22.1809654473585,21.9433050157414,18.6711917518802,22.4857472050959
"Feature0286",20.397392717774,20.3420855205543,19.9377877149862,19.203245355281,19.303728517885,20.5957121050498,20.3733217357504,18.7757585336924,18.8760412866437,19.9726262313352,20.2044373043091,20.2761160013642,19.5876904948562,20.0540482584912,20.3616854800005
"Feature0287",16.5819731657501,17.2722342540675,17.27236511994,18.1308157776194,16.9920275771126,16.4807978766583,17.3853150643434,17.7427452314696,17.8130028133203,17.6249467001396,16.5084320378098,16.7513582916018,17.0826403976575,17.2412993619062,16.1578122139751
"Feature0288",19.2528362825184,16.4926954964786,17.0835938221773,17.3265601185768,16.1231427014212,17.6957946261965,16.5258196756329,16.8714784207819,17.0098522787427,16.8429398145586,15.6722065019175,19.4862392627435,17.3578087161952,19.0192906868119,16.2882223690841
"Feature0289",16.8433282786203,17.4081097914119,17.3435827970382,18.0943807004298,16.978120986496,16.3644599278198,17.5324748932834,17.6814220430464,17.7817045509224,17.2651260266547,16.6792402156915,16.9831114860205,17.0735432567259,17.4765223716967,16.4997282789854
"Feature0290",17.5454189865895,17.7952776254978,17.7298571456039,18.8167061292171,17.2378185188204,15.7807754529136,17.5197109398859,18.2733642928373,18.6195858340466,18.1978968199768,16.9590220278578,16.0683510177237,17.4720917512812,16.9247614360265,17.0741604359617
"Feature0291",19.8005999319219,20.3035727618045,15.5036913322285,21.1571656142543,22.5260863900704,14.6977352927791,21.3727701781045,15.95504004665,20.3899361697476,21.0257722218309,20.8301855830434,20.5720633435496,20.5446234385501,22.2436083943265,21.544037146739
"Feature0292",20.9051351789503,21.4965482179488,21.6853719793214,20.968629850025,21.2335898420814,19.3649930569005,20.1322507915838,22.1075509787372,22.41704805822,22.0835689752597,21.3769561421474,19.6386303015014,21.9077974116035,21.9062103564829,18.4824209366992
"Feature0293",20.6109185535717,22.6589840568181,22.2985777727937,20.4739739152916,22.0404805444893,21.7675947416274,22.473982310815,21.7168062648805,22.7040663110499,22.6850887097245,21.9630383018794,22.0743101616135,22.2368315894407,22.8263606870554,22.1297707862649
"Feature0294",17.5202813570086,18.2501962565191,18.2389179884082,17.4528424321033,21.2692094022491,21.0732435774904,16.7862990150908,16.9785701829423,17.0397360371885,16.9999002290783,19.2049032893059,18.2294408500625,18.3253329654556,16.3472461254945,15.9452524183025
"Feature0295",21.1170263995907,21.563100940649,21.2263668242457,19.9717967375228,21.1046651888014,19.1221915162283,18.8544238949598,18.4962903551494,19.7987282322548,20.1999705441002,21.427231906888,21.1243612809997,21.0660613916436,19.6764797814824,21.0096161170314
"Feature0296",18.0027114628698,17.333703582222,17.2493397036125,17.9921487536826,16.9502731899917,17.4337663964711,18.1343241157929,17.6640602377603,17.7087539140207,18.226489038253,16.7352299057687,17.9209012855171,18.3037002159578,17.5469017412926,17.1791741853707
"Feature0297",15.971535573725,16.6287744319433,16.5436665165482,17.2398743651939,16.027841074697,15.6038730077341,16.5763665215356,16.95912917448,16.9523608400182,16.4305929567279,15.8752109619526,15.9303723655076,16.3286498152823,16.5478261165034,15.4700345692785
"Feature0298",18.8389553259345,18.5913436904568,17.5591070883225,18.6927665839118,17.4428638465357,21.3024637584114,18.8682363021726,18.5412758710188,18.0395379846436,17.949159004972,18.3935242106337,17.1693901427208,18.777584539611,18.3570956352872,18.2286200521479
"Feature0299",21.4688382754115,22.5269538348732,22.4318780649835,22.0553926275966,21.0421867118847,19.5143267273773,21.5159920394419,21.6302628475877,21.1351442802653,21.5034327141926,18.4883024098211,20.6873369265296,22.0670465294003,22.0835897803935,20.761781704667
"Feature0300",17.6489418295973,18.8129880064643,19.9352570148769,22.1047525136507,17.0532565232729,16.0252982532633,23.760271169212,22.5706818212734,23.6529051817732,24.7700021568759,19.5053794899715,19.0249135343386,19.3263379510445,23.7627061027948,18.3461156050496
"Feature0301",18.3920928480063,20.0310938635883,18.8045718336229,20.2751763883102,19.2070339611381,20.4186477533157,21.5605228415145,22.0705881167087,21.2259654578256,22.0574098649382,19.786428468493,18.4924650935778,19.559828909896,19.310462638667,19.8302115872783
"Feature0302",20.758244766167,21.4148943441682,17.096918583788,17.1887829654462,17.204673712388,21.7713789824518,16.6078005140696,17.2307864564659,16.9759126423038,18.5319606998788,17.0308796942432,20.6147285374592,17.0831594090313,17.6555507254793,21.0848133432897
"Feature0303",22.8949374406912,16.7543624382691,16.673082481645,17.5846178734126,16.3473021242566,15.9285657208639,16.8016735085443,17.0894580539252,17.1701069320308,17.0766673508472,15.8720009596242,21.3233010308045,16.4417298780234,16.6175347485409,15.8380640629435
"Feature0304",17.2938359897779,17.9631518884798,17.9392942117578,19.119455494744,17.6019943392197,17.5312188254884,18.0528680037526,18.3776114174132,18.4743458901383,18.3488454657448,17.1735177520828,17.8012089409548,17.7013946770003,17.8518989642507,16.8222674829535
"Feature0305",16.8104176005344,17.521781813197,17.497924169729,18.3671580947917,17.157661207015,16.6635835908733,17.6114978070871,17.8498678151174,18.0329752127242,17.9074749168099,16.7321491492356,17.0411446966388,17.2600250041077,17.4105290512587,16.3808998425072
"Feature0306",22.7490035898475,22.8654621158259,22.589698310613,22.4614102342637,22.367760786391,22.7106477085167,22.4844077929441,22.4497844556107,22.1998036539354,22.7749979270424,22.9961008861633,22.8606741726164,22.8480095590503,22.9870860671499,22.7662550951615
"Feature0307",22.6351473266295,22.8577579113714,23.0994959285165,22.5791154090718,22.4178228689469,22.8962497008663,22.394818522376,22.5594500587297,22.3714194659334,22.5099461311164,23.0998320539198,22.7370429159737,22.7547328062287,22.6572984568031,22.5549883094306
"Feature0308",17.9789556553949,18.7292757193385,18.8047906955875,19.5053600850562,18.7012315905748,18.4890034479164,18.5864686401991,19.0576995067598,19.0127412954397,18.7381867750192,18.570923048114,18.3581705475207,18.5979507287156,18.5439889564334,22.7542564131139
"Feature0309",22.1086468339019,21.2606402061226,21.2891715454124,23.6388203360247,18.0237572629146,18.3227685679588,23.7622237820509,24.0386870863444,23.1169871885972,24.004086045188,21.0293709136251,20.2794310561059,22.2825478286899,23.7782355613612,17.6395813851949
"Feature0310",18.4644592427266,19.0050578405357,18.9300805073596,19.4230118049356,18.7453248916126,16.3311503863495,17.1462079772601,18.9423848123031,18.9107373796491,19.0556821548846,16.2585569673502,18.5632704161388,18.7396379655968,18.4401326915146,17.4647381347498
"Feature0311",21.3021639092863,23.3368524692636,22.7930971308323,22.1480236474024,22.9769375479892,22.6086243563207,23.1011912987071,23.6342288547107,23.6366126746236,23.6876511950553,23.0678877915053,22.6660116758905,22.9802448023417,23.4678030416218,22.5526619682293
"Feature0312",22.3378498783501,22.6143730015536,22.1954792868555,22.8042808720803,22.3072206610082,22.2228140613576,22.2825209894811,22.6305864925549,22.9004465712702,22.9774772217351,22.877176383541,22.7989947810839,22.478689037174,22.7530668395306,22.2884121211546
"Feature0313",22.1661112296986,20.6928633665501,20.5710424804448,21.8120537349886,20.009680127433,18.9499919225822,21.5994268915882,21.1858014730958,21.6252902677322,22.1557315282971,21.9631715313273,22.2694376114182,20.8465527292737,22.3071014667641,20.831939638231
"Feature0314",20.8098918673488,20.439704624498,20.9757526562954,21.1761272830344,21.1360974782183,21.5338280459309,21.7005340828543,21.138336532058,21.7245399865123,21.9076842853053,21.242565999609,20.9895884350693,20.3095994145407,21.8117463794559,21.1712330843843
"Feature0315",18.2592410239881,16.860418294882,18.2246243970535,18.3580755747313,18.1485841158367,17.944301775657,16.8886723546635,17.7682141851949,17.2866854068962,18.6218714541295,17.9451262124898,18.3973056188863,16.9463690565959,16.83030145653,17.5152271066549
"Feature0316",16.8362991460719,17.5421846455809,17.5178922033273,18.3497500503718,17.6553639907964,17.9807346945895,17.7009507020129,17.9274101848642,18.0656898887632,17.5627937588783,16.9951560371717,17.6540082126806,17.3392103114027,17.4892972190897,17.5023030664834
"Feature0317",22.4743631881845,22.7911400534482,22.4353655420969,21.6858685351281,22.3309503282171,22.334362753443,21.6125796218241,21.3773114003966,21.8249448037939,21.8253294411904,22.6679496664601,22.5317791801448,22.6975720737822,22.2726245706768,22.6058922010341
"Feature0318",17.524445089555,16.9872960395805,18.8865060876427,17.8308121492615,16.6739766295285,16.2070892037551,19.3562743338943,17.4950234032744,17.5447034708494,17.4743962089006,17.3895856252948,16.5113334906844,16.8142979823475,17.0077779875168,15.8662245950051
"Feature0319",22.3147727298085,20.0279583630233,19.4112281486042,19.4057688344215,19.3854046906155,20.5235535007806,20.5408996579285,20.1227368265119,19.5888462267486,21.1120618935876,21.7008494057369,21.8598083954857,20.4592982323032,22.0929282354409,21.2678330695635
"Feature0320",21.73086966177,21.4277752150207,21.4085669703483,20.7564632753253,21.2290152565946,21.274944653848,20.740909027795,20.5390557099775,20.5561841912315,21.1281811419124,21.3050802924475,21.2324824716192,21.1804865096458,21.486581528578,21.0908511081161
"Feature0321",17.7327927710524,17.9930362777286,18.1224289231103,19.7195336325008,17.3622294042024,20.1594734198586,21.2275928907488,20.6422100226379,19.8834384260213,19.7223994403082,18.5080117864148,18.3964001659942,18.1442855740078,20.3946015732771,17.873906446454
"Feature0322",16.8267377811927,16.9464311867224,18.5001641729444,17.9272070816032,16.3895778351377,16.6643392210479,17.906986734291,17.8580646392987,17.9638914142551,18.7418457440795,16.3058811416807,16.1837784521977,16.7964465377625,18.4259949434364,16.3346135216148
"Feature0323",20.5954733040106,22.3304105497897,22.2015155572362,20.1489877620873,21.5295161526789,21.4779763165423,22.0856526065043,21.7311515928413,22.0552663183414,22.3008045402497,21.7132633276577,21.79500034996,21.8740153951901,23.1156138381128,22.0804296901897
"Feature0324",15.5599869867893,16.265865700616,16.2308096352929,17.0368801431504,17.3216358513391,16.483103774625,16.2826250833876,16.6486172555688,16.6908677622854,16.2213504742635,15.4933381852078,15.8065918322117,16.0289449125287,16.1492790760351,16.8209479616813
"Feature0325",22.5960826282231,22.4265649965114,22.1209270056986,21.9561947880177,21.6745012271177,21.8287374239308,21.6552252122144,21.5963743717166,21.3866963773948,22.113228811981,22.1027857912464,21.8804729413804,16.5596917498036,22.0245031922543,21.9353566348514
"Feature0326",16.827000977476,17.294832642275,16.9257481813681,17.9494245257276,15.9116255430309,16.0119876440809,18.1238003457017,17.7712679104969,17.2169437365558,18.8694959043592,17.7012550825942,17.3411958880847,17.0329706724605,21.6168909740683,20.1973267513375
"Feature0327",19.2471961880204,17.9650236666269,18.0530796280663,19.0120684046039,18.7155125396224,19.4537228350175,17.8876457559779,18.3643527762209,17.5046368967299,18.4745121661281,18.9454360730988,18.9668128946913,18.1570801264278,17.7654263807526,19.0150417077459
"Feature0328",20.6084164732332,20.725103901629,20.0798360305152,20.5950571379898,19.8980778138616,19.3275618866285,20.3212364584704,20.3595198012418,20.0541375722709,20.596084026586,20.1375032814009,20.6565608455933,20.7992868593234,20.1252353936843,20.0669451029054
"Feature0329",18.2208452669203,16.9077688687025,17.601213065109,17.9854660432433,16.7678123692434,16.6660208208349,16.6025685035196,16.934784790325,17.0235801178103,16.8354793873348,16.8840318566306,17.2076286500201,17.1444044447795,16.4630961319124,16.6314781501726
"Feature0330",17.3273544994755,19.0648386801885,17.5561389057112,17.6628880767697,18.8292993040635,19.6333229205465,16.9038027390676,17.2033069999358,17.3621841115082,16.8120118419373,17.4147312496117,17.9155188040096,17.5308796874883,16.9979279351554,18.9539264190706
"Feature0331",16.6182197263192,20.5222743114834,19.8975077153781,21.2479151632761,18.558120051437,19.652595627014,20.4898578655162,20.6516260878548,20.5988860703465,20.8831993931641,17.8569268378478,17.0659525007555,20.669887097801,18.3939704210874,18.2798612964871
"Feature0332",21.7529974486317,21.0710970572009,20.2501129920682,21.1048690164341,20.0262664330682,20.5977338663026,20.117262661627,19.7597892966059,20.3439278510109,21.5749280255015,20.2626968661632,21.8368821105519,22.4687102651196,20.4034260905922,21.5576125244471
"Feature0333",16.8019805924501,17.2301024226937,16.6058968662393,17.4743680380335,16.3149967309905,16.8876149852247,16.7503585287136,17.585635363178,17.1483712926285,16.9254959924814,16.1901010511944,16.1653865015973,16.3919436956707,16.523427617436,15.4710596113048
"Feature0334",20.7900902625441,19.97628392898,20.8916034245101,22.2379784211399,19.779501627862,20.2513384522913,22.2616483405719,22.0909357658973,21.9698028995174,22.249802308524,21.1483580419282,21.2967783668386,20.7098807535964,21.9507817405541,18.6689884685553
"Feature0335",19.3470250438284,19.0694642215213,19.4078595559477,19.4701217826515,19.4106610008811,18.7801147869267,19.4424931595266,19.2985742000192,19.8311472541161,20.1641362510467,19.3615662197294,18.4981795024448,19.3635887799633,19.7693354938189,19.1784740048237
"Feature0336",22.1255302622214,22.4106365584335,22.1445428270312,21.2010942741991,22.2970029586265,22.0903033050434,20.8624593394323,20.7202412887284,21.3677601092205,21.6202756170257,22.3729297330387,22.5672383263101,22.4855334447573,21.1552508616434,22.271218298102
"Feature0337",17.664541461888,17.8466222460375,16.7308824789354,17.6744730813122,18.3148058230559,19.0129516533425,17.0179976089586,17.3104680199169,17.3791245352328,17.0986515581322,17.5485534456782,17.6345387127471,16.5486524889297,20.179479056709,22.2853635694224
"Feature0338",21.8164629980332,22.1140469316149,21.9239283624057,21.3404719643693,22.2303498438561,22.6951448693803,21.8276282390379,21.6427009462569,22.0292518181058,22.4263219416159,22.3004428816256,22.1165288631469,21.8628447950698,21.5502593064811,22.0423505220873
"Feature0339",18.4219349124767,21.1905549484026,20.415407957739,18.4652595414041,19.8867684854694,20.0061715937176,21.5832533508712,20.6932983908085,21.2374823084907,21.542183275767,20.4003153482991,20.1403010567524,20.4884573173724,21.1591100678841,19.7428565747878
"Feature0340",21.2138675091336,19.2799050409788,20.2415836806968,18.7269101892903,19.7546896732775,16.2205501664651,19.9618213375848,18.6352634333159,19.9329586269556,18.6089303300704,18.1651693907445,20.5634604056466,20.4960811092545,20.3328464478244,22.0879291860408
"Feature0341",22.2934955436918,21.3946208016138,20.9925980016559,21.4576802272419,19.9979146498067,20.1229903024254,21.5799948415171,21.1649627459243,21.0607993052431,20.7141303799774,21.5234640973402,22.4211233481802,21.5201726994705,21.9299838086465,20.3641170296183
"Feature0342",23.4004598593448,21.8832437744416,21.1070328617513,21.4287247565066,19.6475377041462,20.0309228540103,22.0196596931399,21.2825694290379,21.2819467237366,20.4566785670483,22.34883092897,22.9121935978135,22.2085285279611,22.3905875963549,20.4796859819778
